,id,platform,keepID,json_name,column_name,path,list_path,subfield_path,var_type,data_type,file_path,duplicate_flag,date_added,final_path
0,manifest:generationDate,Twitter,manifest:generationDate,manifest.js,generationDate,archiveInfo/generationDate,,"[""archiveInfo"", ""generationDate""]",static,string,data/manifest.js,No,pre-trial,data/manifest.js/archiveInfo/generationDate
1,account:accountId,Twitter,account:accountId,account.js,accountId,account/accountId,,"[""account"", ""accountId""]",static,string,data/account.js,No,pre-trial,data/account.js/account/accountId
2,account:createdAt,Twitter,account:createdAt,account.js,createdAt,account/createdAt,,"[""account"", ""createdAt""]",static,string,data/account.js,No,pre-trial,data/account.js/account/createdAt
3,verified:verified,Twitter,verified:verified,verified.js,verified,verified/verified,,"[""verified"", ""verified""]",static,boolean,data/verified.js,No,pre-trial,data/verified.js/verified/verified
4,community-note-rating:noteId,Twitter,community-note-rating:noteId,community-note-rating.js,noteId,communityNoteRating/noteId,,"[""communityNoteRating"", ""noteId""]",static,string,data/community-note-rating.js,No,pre-trial,data/community-note-rating.js/communityNoteRating/noteId
5,community-note-rating:helpfulnessLevel,Twitter,community-note-rating:helpfulnessLevel,community-note-rating.js,helpfulnessLevel,communityNoteRating/helpfulnessLevel,,"[""communityNoteRating"", ""helpfulnessLevel""]",static,string,data/community-note-rating.js,No,pre-trial,data/community-note-rating.js/communityNoteRating/helpfulnessLevel
6,community-note-rating:createdAt,Twitter,community-note-rating:createdAt,community-note-rating.js,createdAt,communityNoteRating/createdAt,,"[""communityNoteRating"", ""createdAt""]",static,string,data/community-note-rating.js,No,pre-trial,data/community-note-rating.js/communityNoteRating/createdAt
7,community-note-rating:userId,Twitter,community-note-rating:userId,community-note-rating.js,userId,communityNoteRating/userId,,"[""communityNoteRating"", ""userId""]",static,string,data/community-note-rating.js,No,pre-trial,data/community-note-rating.js/communityNoteRating/userId
8,community-note-rating:helpfulTags,Twitter,community-note-rating:helpfulTags,community-note-rating.js,helpfulTags,communityNoteRating/helpfulTags,,"[""communityNoteRating"", ""helpfulTags""]",static,string,data/community-note-rating.js,No,pre-trial,data/community-note-rating.js/communityNoteRating/helpfulTags
9,follower:accountId,Twitter,follower:accountId,follower.js,accountId,follower/accountId,,"[""follower"", ""accountId""]",static,string,data/follower.js,No,pre-trial,data/follower.js/follower/accountId
10,follower:userLink,Twitter,follower:userLink,follower.js,userLink,follower/userLink,,"[""follower"", ""userLink""]",static,string,data/follower.js,No,pre-trial,data/follower.js/follower/userLink
11,following:accountId,Twitter,following:accountId,following.js,accountId,following/accountId,,"[""following"", ""accountId""]",static,string,data/following.js,No,pre-trial,data/following.js/following/accountId
12,following:userLink,Twitter,following:userLink,following.js,userLink,following/userLink,,"[""following"", ""userLink""]",static,string,data/following.js,No,pre-trial,data/following.js/following/userLink
13,like:tweetId,Twitter,like:tweetId,like.js,tweetId,like/tweetId,,"[""like"", ""tweetId""]",static,string,data/like.js,No,pre-trial,data/like.js/like/tweetId
14,like:fullText,Twitter,like:fullText,like.js,fullText,like/fullText,,"[""like"", ""fullText""]",static,string,data/like.js,No,pre-trial,data/like.js/like/fullText
15,like:expandedUrl,Twitter,like:expandedUrl,like.js,expandedUrl,like/expandedUrl,,"[""like"", ""expandedUrl""]",static,string,data/like.js,No,pre-trial,data/like.js/like/expandedUrl
16,tweet-headers:user_id,Twitter,tweet-headers:user_id,tweet-headers.js,user_id,tweet/user_id,,"[""tweet"", ""user_id""]",static,string,data/tweet-headers.js,No,pre-trial,data/tweet-headers.js/tweet/user_id
17,tweets:retweeted,Twitter,tweets:retweeted,tweets.js,retweeted,tweet/retweeted,,"[""tweet"", ""retweeted""]",static,boolean,data/tweets.js,No,pre-trial,data/tweets.js/tweet/retweeted
18,tweets:source,Twitter,tweets:source,tweets.js,source,tweet/source,,"[""tweet"", ""source""]",static,string,data/tweets.js,No,pre-trial,data/tweets.js/tweet/source
19,tweets:display_text_range,Twitter,tweets:display_text_range,tweets.js,display_text_range,tweet/display_text_range,,"[""tweet"", ""display_text_range""]",static,string,data/tweets.js,No,pre-trial,data/tweets.js/tweet/display_text_range
20,tweets:favorite_count,Twitter,tweets:favorite_count,tweets.js,favorite_count,tweet/favorite_count,,"[""tweet"", ""favorite_count""]",static,string,data/tweets.js,No,pre-trial,data/tweets.js/tweet/favorite_count
21,tweets:tweet:id_str,Twitter,tweets:tweet:id_str,tweets.js,id_str,tweet/id_str,,"[""tweet"", ""id_str""]",static,string,data/tweets.js,No,pre-trial,data/tweets.js/tweet/id_str
22,tweets:truncated,Twitter,tweets:truncated,tweets.js,truncated,tweet/truncated,,"[""tweet"", ""truncated""]",static,boolean,data/tweets.js,No,pre-trial,data/tweets.js/tweet/truncated
23,tweets:retweet_count,Twitter,tweets:retweet_count,tweets.js,retweet_count,tweet/retweet_count,,"[""tweet"", ""retweet_count""]",static,string,data/tweets.js,No,pre-trial,data/tweets.js/tweet/retweet_count
24,tweets:tweet:id,Twitter,tweets:tweet:id,tweets.js,id,tweet/id,,"[""tweet"", ""id""]",static,string,data/tweets.js,No,pre-trial,data/tweets.js/tweet/id
25,tweets:possibly_sensitive,Twitter,tweets:possibly_sensitive,tweets.js,possibly_sensitive,tweet/possibly_sensitive,,"[""tweet"", ""possibly_sensitive""]",static,boolean,data/tweets.js,No,pre-trial,data/tweets.js/tweet/possibly_sensitive
26,tweets:created_at,Twitter,tweets:created_at,tweets.js,created_at,tweet/created_at,,"[""tweet"", ""created_at""]",static,string,data/tweets.js,No,pre-trial,data/tweets.js/tweet/created_at
27,tweets:favorited,Twitter,tweets:favorited,tweets.js,favorited,tweet/favorited,,"[""tweet"", ""favorited""]",static,boolean,data/tweets.js,No,pre-trial,data/tweets.js/tweet/favorited
28,tweets:full_text,Twitter,tweets:full_text,tweets.js,full_text,tweet/full_text,,"[""tweet"", ""full_text""]",static,string,data/tweets.js,No,pre-trial,data/tweets.js/tweet/full_text
29,tweets:lang,Twitter,tweets:lang,tweets.js,lang,tweet/lang,,"[""tweet"", ""lang""]",static,string,data/tweets.js,No,pre-trial,data/tweets.js/tweet/lang
30,tweets:in_reply_to_status_id_str,Twitter,tweets:in_reply_to_status_id_str,tweets.js,in_reply_to_status_id_str,tweet/in_reply_to_status_id_str,,"[""tweet"", ""in_reply_to_status_id_str""]",static,string,data/tweets.js,No,pre-trial,data/tweets.js/tweet/in_reply_to_status_id_str
31,tweets:in_reply_to_user_id,Twitter,tweets:in_reply_to_user_id,tweets.js,in_reply_to_user_id,tweet/in_reply_to_user_id,,"[""tweet"", ""in_reply_to_user_id""]",static,string,data/tweets.js,No,pre-trial,data/tweets.js/tweet/in_reply_to_user_id
32,tweets:in_reply_to_status_id,Twitter,tweets:in_reply_to_status_id,tweets.js,in_reply_to_status_id,tweet/in_reply_to_status_id,,"[""tweet"", ""in_reply_to_status_id""]",static,string,data/tweets.js,No,pre-trial,data/tweets.js/tweet/in_reply_to_status_id
33,tweets:in_reply_to_screen_name,Twitter,tweets:in_reply_to_screen_name,tweets.js,in_reply_to_screen_name,tweet/in_reply_to_screen_name,,"[""tweet"", ""in_reply_to_screen_name""]",static,string,data/tweets.js,No,pre-trial,data/tweets.js/tweet/in_reply_to_screen_name
34,tweets:in_reply_to_user_id_str,Twitter,tweets:in_reply_to_user_id_str,tweets.js,in_reply_to_user_id_str,tweet/in_reply_to_user_id_str,,"[""tweet"", ""in_reply_to_user_id_str""]",static,string,data/tweets.js,No,pre-trial,data/tweets.js/tweet/in_reply_to_user_id_str
35,personalization:shows,Twitter,personalization:shows,personalization.js,shows,p13nData/interests/shows,,"[""p13nData"", ""interests"", ""shows""]",static,string,data/personalization.js,Yes,pre-trial,data/personalization.js/p13nData/interests/shows
36,personalization:shows,Twitter,personalization:shows,personalization.js,shows,p13nData/interests/shows,,"[""p13nData"", ""interests"", ""shows""]",static,array,data/personalization.js,Yes,pre-trial,data/personalization.js/p13nData/interests/shows
37,personalization:shows,Twitter,personalization:shows,personalization.js,shows,p13nData/interests/shows,,"[""p13nData"", ""interests"", ""shows""]",static,string,data/personalization.js,Yes,pre-trial,data/personalization.js/p13nData/interests/shows
38,personalization:shows,Twitter,personalization:shows,personalization.js,shows,p13nData/interests/shows,,"[""p13nData"", ""interests"", ""shows""]",static,array,data/personalization.js,Yes,pre-trial,data/personalization.js/p13nData/interests/shows
39,personalization:age,Twitter,personalization:age,personalization.js,age,p13nData/inferredAgeInfo/age,,"[""p13nData"", ""inferredAgeInfo"", ""age""]",static,string,data/personalization.js,Yes,pre-trial,data/personalization.js/p13nData/inferredAgeInfo/age
40,personalization:age,Twitter,personalization:age,personalization.js,age,p13nData/inferredAgeInfo/age,,"[""p13nData"", ""inferredAgeInfo"", ""age""]",static,array,data/personalization.js,Yes,pre-trial,data/personalization.js/p13nData/inferredAgeInfo/age
41,personalization:age,Twitter,personalization:age,personalization.js,age,p13nData/inferredAgeInfo/age,,"[""p13nData"", ""inferredAgeInfo"", ""age""]",static,string,data/personalization.js,Yes,pre-trial,data/personalization.js/p13nData/inferredAgeInfo/age
42,personalization:age,Twitter,personalization:age,personalization.js,age,p13nData/inferredAgeInfo/age,,"[""p13nData"", ""inferredAgeInfo"", ""age""]",static,array,data/personalization.js,Yes,pre-trial,data/personalization.js/p13nData/inferredAgeInfo/age
43,personalization:birthDate,Twitter,personalization:birthDate,personalization.js,birthDate,p13nData/inferredAgeInfo/birthDate,,"[""p13nData"", ""inferredAgeInfo"", ""birthDate""]",static,string,data/personalization.js,No,pre-trial,data/personalization.js/p13nData/inferredAgeInfo/birthDate
44,personalization:gender,Twitter,personalization:gender,personalization.js,gender,p13nData/demographics/genderInfo/gender,,"[""p13nData"", ""demographics"", ""genderInfo"", ""gender""]",static,string,data/personalization.js,No,pre-trial,data/personalization.js/p13nData/demographics/genderInfo/gender
45,personalization:lookalikeAdvertisers,Twitter,personalization:lookalikeAdvertisers,personalization.js,lookalikeAdvertisers,p13nData/interests/audienceAndAdvertisers/lookalikeAdvertisers,,"[""p13nData"", ""interests"", ""audienceAndAdvertisers"", ""lookalikeAdvertisers""]",static,string,data/personalization.js,Yes,pre-trial,data/personalization.js/p13nData/interests/audienceAndAdvertisers/lookalikeAdvertisers
46,personalization:lookalikeAdvertisers,Twitter,personalization:lookalikeAdvertisers,personalization.js,lookalikeAdvertisers,p13nData/interests/audienceAndAdvertisers/lookalikeAdvertisers,,"[""p13nData"", ""interests"", ""audienceAndAdvertisers"", ""lookalikeAdvertisers""]",static,array,data/personalization.js,Yes,pre-trial,data/personalization.js/p13nData/interests/audienceAndAdvertisers/lookalikeAdvertisers
47,personalization:lookalikeAdvertisers,Twitter,personalization:lookalikeAdvertisers,personalization.js,lookalikeAdvertisers,p13nData/interests/audienceAndAdvertisers/lookalikeAdvertisers,,"[""p13nData"", ""interests"", ""audienceAndAdvertisers"", ""lookalikeAdvertisers""]",static,string,data/personalization.js,Yes,pre-trial,data/personalization.js/p13nData/interests/audienceAndAdvertisers/lookalikeAdvertisers
48,personalization:lookalikeAdvertisers,Twitter,personalization:lookalikeAdvertisers,personalization.js,lookalikeAdvertisers,p13nData/interests/audienceAndAdvertisers/lookalikeAdvertisers,,"[""p13nData"", ""interests"", ""audienceAndAdvertisers"", ""lookalikeAdvertisers""]",static,array,data/personalization.js,Yes,pre-trial,data/personalization.js/p13nData/interests/audienceAndAdvertisers/lookalikeAdvertisers
49,personalization:advertisers,Twitter,personalization:advertisers,personalization.js,advertisers,p13nData/interests/audienceAndAdvertisers/advertisers,,"[""p13nData"", ""interests"", ""audienceAndAdvertisers"", ""advertisers""]",static,array,data/personalization.js,Yes,pre-trial,data/personalization.js/p13nData/interests/audienceAndAdvertisers/advertisers
50,personalization:advertisers,Twitter,personalization:advertisers,personalization.js,advertisers,p13nData/interests/audienceAndAdvertisers/advertisers,,"[""p13nData"", ""interests"", ""audienceAndAdvertisers"", ""advertisers""]",static,string,data/personalization.js,Yes,pre-trial,data/personalization.js/p13nData/interests/audienceAndAdvertisers/advertisers
51,personalization:advertisers,Twitter,personalization:advertisers,personalization.js,advertisers,p13nData/interests/audienceAndAdvertisers/advertisers,,"[""p13nData"", ""interests"", ""audienceAndAdvertisers"", ""advertisers""]",static,array,data/personalization.js,Yes,pre-trial,data/personalization.js/p13nData/interests/audienceAndAdvertisers/advertisers
52,personalization:advertisers,Twitter,personalization:advertisers,personalization.js,advertisers,p13nData/interests/audienceAndAdvertisers/advertisers,,"[""p13nData"", ""interests"", ""audienceAndAdvertisers"", ""advertisers""]",static,string,data/personalization.js,Yes,pre-trial,data/personalization.js/p13nData/interests/audienceAndAdvertisers/advertisers
53,personalization:numAudiences,Twitter,personalization:numAudiences,personalization.js,numAudiences,p13nData/interests/audienceAndAdvertisers/numAudiences,,"[""p13nData"", ""interests"", ""audienceAndAdvertisers"", ""numAudiences""]",static,string,data/personalization.js,No,pre-trial,data/personalization.js/p13nData/interests/audienceAndAdvertisers/numAudiences
54,tweets:editTweetIds,Twitter,tweets:editTweetIds,tweets.js,editTweetIds,tweet/edit_info/initial/editTweetIds,,"[""tweet"", ""edit_info"", ""initial"", ""editTweetIds""]",static,string,data/tweets.js,No,pre-trial,data/tweets.js/tweet/edit_info/initial/editTweetIds
55,tweets:editableUntil,Twitter,tweets:editableUntil,tweets.js,editableUntil,tweet/edit_info/initial/editableUntil,,"[""tweet"", ""edit_info"", ""initial"", ""editableUntil""]",static,string,data/tweets.js,No,pre-trial,data/tweets.js/tweet/edit_info/initial/editableUntil
56,tweets:editsRemaining,Twitter,tweets:editsRemaining,tweets.js,editsRemaining,tweet/edit_info/initial/editsRemaining,,"[""tweet"", ""edit_info"", ""initial"", ""editsRemaining""]",static,string,data/tweets.js,No,pre-trial,data/tweets.js/tweet/edit_info/initial/editsRemaining
57,tweets:isEditEligible,Twitter,tweets:isEditEligible,tweets.js,isEditEligible,tweet/edit_info/initial/isEditEligible,,"[""tweet"", ""edit_info"", ""initial"", ""isEditEligible""]",static,boolean,data/tweets.js,No,pre-trial,data/tweets.js/tweet/edit_info/initial/isEditEligible
58,personalization:language,Twitter,personalization:language,personalization.js,language,p13nData/demographics/languages/language,"[""p13nData"", ""demographics"", ""languages""]","[""language""]",list,string,data/personalization.js,No,pre-trial,data/personalization.js/p13nData/demographics/languages/language
59,personalization:languages:isDisabled,Twitter,personalization:languages:isDisabled,personalization.js,isDisabled,p13nData/demographics/languages/isDisabled,"[""p13nData"", ""demographics"", ""languages""]","[""isDisabled""]",list,boolean,data/personalization.js,No,pre-trial,data/personalization.js/p13nData/demographics/languages/isDisabled
60,personalization:name,Twitter,personalization:name,personalization.js,name,p13nData/interests/interests/name,"[""p13nData"", ""interests"", ""interests""]","[""name""]",list,string,data/personalization.js,No,pre-trial,data/personalization.js/p13nData/interests/interests/name
61,personalization:interests:isDisabled,Twitter,personalization:interests:isDisabled,personalization.js,isDisabled,p13nData/interests/interests/isDisabled,"[""p13nData"", ""interests"", ""interests""]","[""isDisabled""]",list,boolean,data/personalization.js,No,pre-trial,data/personalization.js/p13nData/interests/interests/isDisabled
62,tweets:urls:url,Twitter,tweets:urls:url,tweets.js,url,tweet/entities/urls/url,"[""tweet"", ""entities"", ""urls""]","[""url""]",list,string,data/tweets.js,No,pre-trial,data/tweets.js/tweet/entities/urls/url
63,tweets:urls:expanded_url,Twitter,tweets:urls:expanded_url,tweets.js,expanded_url,tweet/entities/urls/expanded_url,"[""tweet"", ""entities"", ""urls""]","[""expanded_url""]",list,string,data/tweets.js,No,pre-trial,data/tweets.js/tweet/entities/urls/expanded_url
64,tweets:urls:display_url,Twitter,tweets:urls:display_url,tweets.js,display_url,tweet/entities/urls/display_url,"[""tweet"", ""entities"", ""urls""]","[""display_url""]",list,string,data/tweets.js,No,pre-trial,data/tweets.js/tweet/entities/urls/display_url
65,tweets:urls:indices,Twitter,tweets:urls:indices,tweets.js,indices,tweet/entities/urls/indices,"[""tweet"", ""entities"", ""urls""]","[""indices""]",list,string,data/tweets.js,No,pre-trial,data/tweets.js/tweet/entities/urls/indices
66,tweets:name,Twitter,tweets:name,tweets.js,name,tweet/entities/user_mentions/name,"[""tweet"", ""entities"", ""user_mentions""]","[""name""]",list,string,data/tweets.js,No,pre-trial,data/tweets.js/tweet/entities/user_mentions/name
67,tweets:screen_name,Twitter,tweets:screen_name,tweets.js,screen_name,tweet/entities/user_mentions/screen_name,"[""tweet"", ""entities"", ""user_mentions""]","[""screen_name""]",list,string,data/tweets.js,No,pre-trial,data/tweets.js/tweet/entities/user_mentions/screen_name
68,tweets:user_mentions:indices,Twitter,tweets:user_mentions:indices,tweets.js,indices,tweet/entities/user_mentions/indices,"[""tweet"", ""entities"", ""user_mentions""]","[""indices""]",list,string,data/tweets.js,No,pre-trial,data/tweets.js/tweet/entities/user_mentions/indices
69,tweets:user_mentions:id_str,Twitter,tweets:user_mentions:id_str,tweets.js,id_str,tweet/entities/user_mentions/id_str,"[""tweet"", ""entities"", ""user_mentions""]","[""id_str""]",list,string,data/tweets.js,No,pre-trial,data/tweets.js/tweet/entities/user_mentions/id_str
70,tweets:user_mentions:id,Twitter,tweets:user_mentions:id,tweets.js,id,tweet/entities/user_mentions/id,"[""tweet"", ""entities"", ""user_mentions""]","[""id""]",list,string,data/tweets.js,No,pre-trial,data/tweets.js/tweet/entities/user_mentions/id
71,tweets:text,Twitter,tweets:text,tweets.js,text,tweet/entities/hashtags/text,"[""tweet"", ""entities"", ""hashtags""]","[""text""]",list,string,data/tweets.js,No,pre-trial,data/tweets.js/tweet/entities/hashtags/text
72,tweets:hashtags:indices,Twitter,tweets:hashtags:indices,tweets.js,indices,tweet/entities/hashtags/indices,"[""tweet"", ""entities"", ""hashtags""]","[""indices""]",list,string,data/tweets.js,No,pre-trial,data/tweets.js/tweet/entities/hashtags/indices
73,tweets:entities:media:media_url_https,Twitter,tweets:entities:media:media_url_https,tweets.js,media_url_https,tweet/entities/media/media_url_https,"[""tweet"", ""entities"", ""media""]","[""media_url_https""]",list,string,data/tweets.js,No,pre-trial,data/tweets.js/tweet/entities/media/media_url_https
74,tweets:entities:media:source_status_id_str,Twitter,tweets:entities:media:source_status_id_str,tweets.js,source_status_id_str,tweet/entities/media/source_status_id_str,"[""tweet"", ""entities"", ""media""]","[""source_status_id_str""]",list,string,data/tweets.js,No,pre-trial,data/tweets.js/tweet/entities/media/source_status_id_str
75,ad-engagements:displayLocation,Twitter,ad-engagements:displayLocation,ad-engagements.js,displayLocation,ad/adsUserData/adEngagements/engagements/impressionAttributes/displayLocation,"[""ad"", ""adsUserData"", ""adEngagements"", ""engagements""]","[""impressionAttributes"", ""displayLocation""]",list,string,data/ad-engagements.js,No,pre-trial,data/ad-engagements.js/ad/adsUserData/adEngagements/engagements/impressionAttributes/displayLocation
76,ad-engagements:impressionTime,Twitter,ad-engagements:impressionTime,ad-engagements.js,impressionTime,ad/adsUserData/adEngagements/engagements/impressionAttributes/impressionTime,"[""ad"", ""adsUserData"", ""adEngagements"", ""engagements""]","[""impressionAttributes"", ""impressionTime""]",list,string,data/ad-engagements.js,No,pre-trial,data/ad-engagements.js/ad/adsUserData/adEngagements/engagements/impressionAttributes/impressionTime
77,ad-engagements:engagementTime,Twitter,ad-engagements:engagementTime,ad-engagements.js,engagementTime,ad/adsUserData/adEngagements/engagements/engagementAttributes/engagementTime,"[""ad"", ""adsUserData"", ""adEngagements"", ""engagements"", ""engagementAttributes""]","[""engagementTime""]",list,string,data/ad-engagements.js,No,pre-trial,data/ad-engagements.js/ad/adsUserData/adEngagements/engagements/engagementAttributes/engagementTime
78,ad-engagements:engagementType,Twitter,ad-engagements:engagementType,ad-engagements.js,engagementType,ad/adsUserData/adEngagements/engagements/engagementAttributes/engagementType,"[""ad"", ""adsUserData"", ""adEngagements"", ""engagements"", ""engagementAttributes""]","[""engagementType""]",list,string,data/ad-engagements.js,No,pre-trial,data/ad-engagements.js/ad/adsUserData/adEngagements/engagements/engagementAttributes/engagementType
79,ad-engagements:tweetId,Twitter,ad-engagements:tweetId,ad-engagements.js,tweetId,ad/adsUserData/adEngagements/engagements/impressionAttributes/promotedTweetInfo/tweetId,"[""ad"", ""adsUserData"", ""adEngagements"", ""engagements""]","[""impressionAttributes"", ""promotedTweetInfo"", ""tweetId""]",list,string,data/ad-engagements.js,No,pre-trial,data/ad-engagements.js/ad/adsUserData/adEngagements/engagements/impressionAttributes/promotedTweetInfo/tweetId
80,ad-engagements:tweetText,Twitter,ad-engagements:tweetText,ad-engagements.js,tweetText,ad/adsUserData/adEngagements/engagements/impressionAttributes/promotedTweetInfo/tweetText,"[""ad"", ""adsUserData"", ""adEngagements"", ""engagements""]","[""impressionAttributes"", ""promotedTweetInfo"", ""tweetText""]",list,string,data/ad-engagements.js,No,pre-trial,data/ad-engagements.js/ad/adsUserData/adEngagements/engagements/impressionAttributes/promotedTweetInfo/tweetText
81,ad-engagements:urls,Twitter,ad-engagements:urls,ad-engagements.js,urls,ad/adsUserData/adEngagements/engagements/impressionAttributes/promotedTweetInfo/urls,"[""ad"", ""adsUserData"", ""adEngagements"", ""engagements""]","[""impressionAttributes"", ""promotedTweetInfo"", ""urls""]",list,array,data/ad-engagements.js,Yes,pre-trial,data/ad-engagements.js/ad/adsUserData/adEngagements/engagements/impressionAttributes/promotedTweetInfo/urls
82,ad-engagements:urls,Twitter,ad-engagements:urls,ad-engagements.js,urls,ad/adsUserData/adEngagements/engagements/impressionAttributes/promotedTweetInfo/urls,"[""ad"", ""adsUserData"", ""adEngagements"", ""engagements""]","[""impressionAttributes"", ""promotedTweetInfo"", ""urls""]",list,string,data/ad-engagements.js,Yes,pre-trial,data/ad-engagements.js/ad/adsUserData/adEngagements/engagements/impressionAttributes/promotedTweetInfo/urls
83,ad-engagements:urls,Twitter,ad-engagements:urls,ad-engagements.js,urls,ad/adsUserData/adEngagements/engagements/impressionAttributes/promotedTweetInfo/urls,"[""ad"", ""adsUserData"", ""adEngagements"", ""engagements""]","[""impressionAttributes"", ""promotedTweetInfo"", ""urls""]",list,array,data/ad-engagements.js,Yes,pre-trial,data/ad-engagements.js/ad/adsUserData/adEngagements/engagements/impressionAttributes/promotedTweetInfo/urls
84,ad-engagements:urls,Twitter,ad-engagements:urls,ad-engagements.js,urls,ad/adsUserData/adEngagements/engagements/impressionAttributes/promotedTweetInfo/urls,"[""ad"", ""adsUserData"", ""adEngagements"", ""engagements""]","[""impressionAttributes"", ""promotedTweetInfo"", ""urls""]",list,string,data/ad-engagements.js,Yes,pre-trial,data/ad-engagements.js/ad/adsUserData/adEngagements/engagements/impressionAttributes/promotedTweetInfo/urls
85,ad-engagements:mediaUrls,Twitter,ad-engagements:mediaUrls,ad-engagements.js,mediaUrls,ad/adsUserData/adEngagements/engagements/impressionAttributes/promotedTweetInfo/mediaUrls,"[""ad"", ""adsUserData"", ""adEngagements"", ""engagements""]","[""impressionAttributes"", ""promotedTweetInfo"", ""mediaUrls""]",list,string,data/ad-engagements.js,Yes,pre-trial,data/ad-engagements.js/ad/adsUserData/adEngagements/engagements/impressionAttributes/promotedTweetInfo/mediaUrls
86,ad-engagements:mediaUrls,Twitter,ad-engagements:mediaUrls,ad-engagements.js,mediaUrls,ad/adsUserData/adEngagements/engagements/impressionAttributes/promotedTweetInfo/mediaUrls,"[""ad"", ""adsUserData"", ""adEngagements"", ""engagements""]","[""impressionAttributes"", ""promotedTweetInfo"", ""mediaUrls""]",list,array,data/ad-engagements.js,Yes,pre-trial,data/ad-engagements.js/ad/adsUserData/adEngagements/engagements/impressionAttributes/promotedTweetInfo/mediaUrls
87,ad-engagements:mediaUrls,Twitter,ad-engagements:mediaUrls,ad-engagements.js,mediaUrls,ad/adsUserData/adEngagements/engagements/impressionAttributes/promotedTweetInfo/mediaUrls,"[""ad"", ""adsUserData"", ""adEngagements"", ""engagements""]","[""impressionAttributes"", ""promotedTweetInfo"", ""mediaUrls""]",list,string,data/ad-engagements.js,Yes,pre-trial,data/ad-engagements.js/ad/adsUserData/adEngagements/engagements/impressionAttributes/promotedTweetInfo/mediaUrls
88,ad-engagements:mediaUrls,Twitter,ad-engagements:mediaUrls,ad-engagements.js,mediaUrls,ad/adsUserData/adEngagements/engagements/impressionAttributes/promotedTweetInfo/mediaUrls,"[""ad"", ""adsUserData"", ""adEngagements"", ""engagements""]","[""impressionAttributes"", ""promotedTweetInfo"", ""mediaUrls""]",list,array,data/ad-engagements.js,Yes,pre-trial,data/ad-engagements.js/ad/adsUserData/adEngagements/engagements/impressionAttributes/promotedTweetInfo/mediaUrls
89,ad-engagements:advertiserName,Twitter,ad-engagements:advertiserName,ad-engagements.js,advertiserName,ad/adsUserData/adEngagements/engagements/impressionAttributes/advertiserInfo/advertiserName,"[""ad"", ""adsUserData"", ""adEngagements"", ""engagements""]","[""impressionAttributes"", ""advertiserInfo"", ""advertiserName""]",list,string,data/ad-engagements.js,No,pre-trial,data/ad-engagements.js/ad/adsUserData/adEngagements/engagements/impressionAttributes/advertiserInfo/advertiserName
90,ad-engagements:advertiserInfo:screenName,Twitter,ad-engagements:advertiserInfo:screenName,ad-engagements.js,screenName,ad/adsUserData/adEngagements/engagements/impressionAttributes/advertiserInfo/screenName,"[""ad"", ""adsUserData"", ""adEngagements"", ""engagements""]","[""impressionAttributes"", ""advertiserInfo"", ""screenName""]",list,string,data/ad-engagements.js,No,pre-trial,data/ad-engagements.js/ad/adsUserData/adEngagements/engagements/impressionAttributes/advertiserInfo/screenName
91,ad-engagements:targetingType,Twitter,ad-engagements:targetingType,ad-engagements.js,targetingType,ad/adsUserData/adEngagements/engagements/impressionAttributes/matchedTargetingCriteria/targetingType,"[""ad"", ""adsUserData"", ""adEngagements"", ""engagements"", ""impressionAttributes"", ""matchedTargetingCriteria""]","[""targetingType""]",list,string,data/ad-engagements.js,No,pre-trial,data/ad-engagements.js/ad/adsUserData/adEngagements/engagements/impressionAttributes/matchedTargetingCriteria/targetingType
92,ad-engagements:targetingValue,Twitter,ad-engagements:targetingValue,ad-engagements.js,targetingValue,ad/adsUserData/adEngagements/engagements/impressionAttributes/matchedTargetingCriteria/targetingValue,"[""ad"", ""adsUserData"", ""adEngagements"", ""engagements"", ""impressionAttributes"", ""matchedTargetingCriteria""]","[""targetingValue""]",list,string,data/ad-engagements.js,No,pre-trial,data/ad-engagements.js/ad/adsUserData/adEngagements/engagements/impressionAttributes/matchedTargetingCriteria/targetingValue
93,ad-engagements:trendId,Twitter,ad-engagements:trendId,ad-engagements.js,trendId,ad/adsUserData/adEngagements/engagements/impressionAttributes/promotedTrendInfo/trendId,"[""ad"", ""adsUserData"", ""adEngagements"", ""engagements""]","[""impressionAttributes"", ""promotedTrendInfo"", ""trendId""]",list,string,data/ad-engagements.js,No,pre-trial,data/ad-engagements.js/ad/adsUserData/adEngagements/engagements/impressionAttributes/promotedTrendInfo/trendId
94,ad-engagements:name,Twitter,ad-engagements:name,ad-engagements.js,name,ad/adsUserData/adEngagements/engagements/impressionAttributes/promotedTrendInfo/name,"[""ad"", ""adsUserData"", ""adEngagements"", ""engagements""]","[""impressionAttributes"", ""promotedTrendInfo"", ""name""]",list,string,data/ad-engagements.js,No,pre-trial,data/ad-engagements.js/ad/adsUserData/adEngagements/engagements/impressionAttributes/promotedTrendInfo/name
95,ad-engagements:description,Twitter,ad-engagements:description,ad-engagements.js,description,ad/adsUserData/adEngagements/engagements/impressionAttributes/promotedTrendInfo/description,"[""ad"", ""adsUserData"", ""adEngagements"", ""engagements""]","[""impressionAttributes"", ""promotedTrendInfo"", ""description""]",list,string,data/ad-engagements.js,No,pre-trial,data/ad-engagements.js/ad/adsUserData/adEngagements/engagements/impressionAttributes/promotedTrendInfo/description
96,ad-engagements:urls,Twitter,ad-engagements:urls,ad-engagements.js,urls,ad/adsUserData/adEngagements/engagements/impressionAttributes/promotedTweetInfo/urls,"[""ad"", ""adsUserData"", ""adEngagements"", ""engagements""]","[""impressionAttributes"", ""promotedTweetInfo"", ""urls""]",list,array,data/ad-engagements.js,Yes,pre-trial,data/ad-engagements.js/ad/adsUserData/adEngagements/engagements/impressionAttributes/promotedTweetInfo/urls
97,ad-engagements:urls,Twitter,ad-engagements:urls,ad-engagements.js,urls,ad/adsUserData/adEngagements/engagements/impressionAttributes/promotedTweetInfo/urls,"[""ad"", ""adsUserData"", ""adEngagements"", ""engagements""]","[""impressionAttributes"", ""promotedTweetInfo"", ""urls""]",list,string,data/ad-engagements.js,Yes,pre-trial,data/ad-engagements.js/ad/adsUserData/adEngagements/engagements/impressionAttributes/promotedTweetInfo/urls
98,ad-engagements:urls,Twitter,ad-engagements:urls,ad-engagements.js,urls,ad/adsUserData/adEngagements/engagements/impressionAttributes/promotedTweetInfo/urls,"[""ad"", ""adsUserData"", ""adEngagements"", ""engagements""]","[""impressionAttributes"", ""promotedTweetInfo"", ""urls""]",list,array,data/ad-engagements.js,Yes,pre-trial,data/ad-engagements.js/ad/adsUserData/adEngagements/engagements/impressionAttributes/promotedTweetInfo/urls
99,ad-engagements:urls,Twitter,ad-engagements:urls,ad-engagements.js,urls,ad/adsUserData/adEngagements/engagements/impressionAttributes/promotedTweetInfo/urls,"[""ad"", ""adsUserData"", ""adEngagements"", ""engagements""]","[""impressionAttributes"", ""promotedTweetInfo"", ""urls""]",list,string,data/ad-engagements.js,Yes,pre-trial,data/ad-engagements.js/ad/adsUserData/adEngagements/engagements/impressionAttributes/promotedTweetInfo/urls
100,ad-engagements:mediaUrls,Twitter,ad-engagements:mediaUrls,ad-engagements.js,mediaUrls,ad/adsUserData/adEngagements/engagements/impressionAttributes/promotedTweetInfo/mediaUrls,"[""ad"", ""adsUserData"", ""adEngagements"", ""engagements""]","[""impressionAttributes"", ""promotedTweetInfo"", ""mediaUrls""]",list,string,data/ad-engagements.js,Yes,pre-trial,data/ad-engagements.js/ad/adsUserData/adEngagements/engagements/impressionAttributes/promotedTweetInfo/mediaUrls
101,ad-engagements:mediaUrls,Twitter,ad-engagements:mediaUrls,ad-engagements.js,mediaUrls,ad/adsUserData/adEngagements/engagements/impressionAttributes/promotedTweetInfo/mediaUrls,"[""ad"", ""adsUserData"", ""adEngagements"", ""engagements""]","[""impressionAttributes"", ""promotedTweetInfo"", ""mediaUrls""]",list,array,data/ad-engagements.js,Yes,pre-trial,data/ad-engagements.js/ad/adsUserData/adEngagements/engagements/impressionAttributes/promotedTweetInfo/mediaUrls
102,ad-engagements:mediaUrls,Twitter,ad-engagements:mediaUrls,ad-engagements.js,mediaUrls,ad/adsUserData/adEngagements/engagements/impressionAttributes/promotedTweetInfo/mediaUrls,"[""ad"", ""adsUserData"", ""adEngagements"", ""engagements""]","[""impressionAttributes"", ""promotedTweetInfo"", ""mediaUrls""]",list,string,data/ad-engagements.js,Yes,pre-trial,data/ad-engagements.js/ad/adsUserData/adEngagements/engagements/impressionAttributes/promotedTweetInfo/mediaUrls
103,ad-engagements:mediaUrls,Twitter,ad-engagements:mediaUrls,ad-engagements.js,mediaUrls,ad/adsUserData/adEngagements/engagements/impressionAttributes/promotedTweetInfo/mediaUrls,"[""ad"", ""adsUserData"", ""adEngagements"", ""engagements""]","[""impressionAttributes"", ""promotedTweetInfo"", ""mediaUrls""]",list,array,data/ad-engagements.js,Yes,pre-trial,data/ad-engagements.js/ad/adsUserData/adEngagements/engagements/impressionAttributes/promotedTweetInfo/mediaUrls
104,ad-engagements:publisherName,Twitter,ad-engagements:publisherName,ad-engagements.js,publisherName,ad/adsUserData/adEngagements/engagements/impressionAttributes/publisherInfo/publisherName,"[""ad"", ""adsUserData"", ""adEngagements"", ""engagements""]","[""impressionAttributes"", ""publisherInfo"", ""publisherName""]",list,string,data/ad-engagements.js,No,pre-trial,data/ad-engagements.js/ad/adsUserData/adEngagements/engagements/impressionAttributes/publisherInfo/publisherName
105,ad-engagements:publisherInfo:screenName,Twitter,ad-engagements:publisherInfo:screenName,ad-engagements.js,screenName,ad/adsUserData/adEngagements/engagements/impressionAttributes/publisherInfo/screenName,"[""ad"", ""adsUserData"", ""adEngagements"", ""engagements""]","[""impressionAttributes"", ""publisherInfo"", ""screenName""]",list,string,data/ad-engagements.js,No,pre-trial,data/ad-engagements.js/ad/adsUserData/adEngagements/engagements/impressionAttributes/publisherInfo/screenName
106,account-suspension,Twitter,account-suspension,account-suspension.js,,,,,skip,,data/account-suspension.js,No,pre-trial,d/a/t/a///a/c/c/o/u/n/t/-/s/u/s/p/e/n/s/i/o/n/./j/s
107,ad-impressions,Twitter,ad-impressions,ad-impressions.js,,,,,skip,,data/ad-impressions.js,No,pre-trial,d/a/t/a///a/d/-/i/m/p/r/e/s/s/i/o/n/s/./j/s
108,ad-mobile-conversions-attributed,Twitter,ad-mobile-conversions-attributed,ad-mobile-conversions-attributed.js,,,,,skip,,data/ad-mobile-conversions-attributed.js,No,pre-trial,d/a/t/a///a/d/-/m/o/b/i/l/e/-/c/o/n/v/e/r/s/i/o/n/s/-/a/t/t/r/i/b/u/t/e/d/./j/s
109,ad-mobile-conversions-unattributed,Twitter,ad-mobile-conversions-unattributed,ad-mobile-conversions-unattributed.js,,,,,skip,,data/ad-mobile-conversions-unattributed.js,No,pre-trial,d/a/t/a///a/d/-/m/o/b/i/l/e/-/c/o/n/v/e/r/s/i/o/n/s/-/u/n/a/t/t/r/i/b/u/t/e/d/./j/s
110,ad-online-conversions-attributed,Twitter,ad-online-conversions-attributed,ad-online-conversions-attributed.js,,,,,skip,,data/ad-online-conversions-attributed.js,No,pre-trial,d/a/t/a///a/d/-/o/n/l/i/n/e/-/c/o/n/v/e/r/s/i/o/n/s/-/a/t/t/r/i/b/u/t/e/d/./j/s
111,ad-online-conversions-unattributed,Twitter,ad-online-conversions-unattributed,ad-online-conversions-unattributed.js,,,,,skip,,data/ad-online-conversions-unattributed.js,No,pre-trial,d/a/t/a///a/d/-/o/n/l/i/n/e/-/c/o/n/v/e/r/s/i/o/n/s/-/u/n/a/t/t/r/i/b/u/t/e/d/./j/s
112,article-metadata,Twitter,article-metadata,article-metadata.js,,,,,skip,,data/article-metadata.js,No,pre-trial,d/a/t/a///a/r/t/i/c/l/e/-/m/e/t/a/d/a/t/a/./j/s
113,article,Twitter,article,article.js,,,,,skip,,data/article.js,No,pre-trial,d/a/t/a///a/r/t/i/c/l/e/./j/s
114,block,Twitter,block,block.js,,,,,skip,,data/block.js,No,pre-trial,d/a/t/a///b/l/o/c/k/./j/s
115,community-note-batsignal,Twitter,community-note-batsignal,community-note-batsignal.js,,,,,skip,,data/community-note-batsignal.js,No,pre-trial,d/a/t/a///c/o/m/m/u/n/i/t/y/-/n/o/t/e/-/b/a/t/s/i/g/n/a/l/./j/s
116,community-note-tombstone,Twitter,community-note-tombstone,community-note-tombstone.js,,,,,skip,,data/community-note-tombstone.js,No,pre-trial,d/a/t/a///c/o/m/m/u/n/i/t/y/-/n/o/t/e/-/t/o/m/b/s/t/o/n/e/./j/s
117,community-note,Twitter,community-note,community-note.js,,,,,skip,,data/community-note.js,No,pre-trial,d/a/t/a///c/o/m/m/u/n/i/t/y/-/n/o/t/e/./j/s
118,community-tweet,Twitter,community-tweet,community-tweet.js,,,,,skip,,data/community-tweet.js,No,pre-trial,d/a/t/a///c/o/m/m/u/n/i/t/y/-/t/w/e/e/t/./j/s
119,grok-chat-item,Twitter,grok-chat-item,grok-chat-item.js,,,,,skip,,data/grok-chat-item.js,No,pre-trial,d/a/t/a///g/r/o/k/-/c/h/a/t/-/i/t/e/m/./j/s
120,lists-created,Twitter,lists-created,lists-created.js,,,,,skip,,data/lists-created.js,No,pre-trial,d/a/t/a///l/i/s/t/s/-/c/r/e/a/t/e/d/./j/s
121,lists-member,Twitter,lists-member,lists-member.js,,,,,skip,,data/lists-member.js,No,pre-trial,d/a/t/a///l/i/s/t/s/-/m/e/m/b/e/r/./j/s
122,lists-subscribed,Twitter,lists-subscribed,lists-subscribed.js,,,,,skip,,data/lists-subscribed.js,No,pre-trial,d/a/t/a///l/i/s/t/s/-/s/u/b/s/c/r/i/b/e/d/./j/s
123,moment,Twitter,moment,moment.js,,,,,skip,,data/moment.js,No,pre-trial,d/a/t/a///m/o/m/e/n/t/./j/s
124,mute,Twitter,mute,mute.js,,,,,skip,,data/mute.js,No,pre-trial,d/a/t/a///m/u/t/e/./j/s
125,note-tweet,Twitter,note-tweet,note-tweet.js,,,,,skip,,data/note-tweet.js,No,pre-trial,d/a/t/a///n/o/t/e/-/t/w/e/e/t/./j/s
126,professional-data,Twitter,professional-data,professional-data.js,,,,,skip,,data/professional-data.js,No,pre-trial,d/a/t/a///p/r/o/f/e/s/s/i/o/n/a/l/-/d/a/t/a/./j/s
127,protected-history,Twitter,protected-history,protected-history.js,,,,,skip,,data/protected-history.js,No,pre-trial,d/a/t/a///p/r/o/t/e/c/t/e/d/-/h/i/s/t/o/r/y/./j/s
128,reply-prompt,Twitter,reply-prompt,reply-prompt.js,,,,,skip,,data/reply-prompt.js,No,pre-trial,d/a/t/a///r/e/p/l/y/-/p/r/o/m/p/t/./j/s
129,smartblock,Twitter,smartblock,smartblock.js,,,,,skip,,data/smartblock.js,No,pre-trial,d/a/t/a///s/m/a/r/t/b/l/o/c/k/./j/s
130,spaces-metadata,Twitter,spaces-metadata,spaces-metadata.js,,,,,skip,,data/spaces-metadata.js,No,pre-trial,d/a/t/a///s/p/a/c/e/s/-/m/e/t/a/d/a/t/a/./j/s
131,tweetdeck,Twitter,tweetdeck,tweetdeck.js,,,,,skip,,data/tweetdeck.js,No,pre-trial,d/a/t/a///t/w/e/e/t/d/e/c/k/./j/s
132,user-link-clicks,Twitter,user-link-clicks,user-link-clicks.js,,,,,skip,,data/user-link-clicks.js,No,pre-trial,d/a/t/a///u/s/e/r/-/l/i/n/k/-/c/l/i/c/k/s/./j/s
133,personalization:shows,Twitter,personalization:shows,personalization.js,shows,p13nData/interests/shows,,"[""p13nData"", ""interests"", ""shows""]",static,string,data/personalization.js,Yes,pre-trial,data/personalization.js/p13nData/interests/shows
134,personalization:shows,Twitter,personalization:shows,personalization.js,shows,p13nData/interests/shows,,"[""p13nData"", ""interests"", ""shows""]",static,array,data/personalization.js,Yes,pre-trial,data/personalization.js/p13nData/interests/shows
135,personalization:shows,Twitter,personalization:shows,personalization.js,shows,p13nData/interests/shows,,"[""p13nData"", ""interests"", ""shows""]",static,string,data/personalization.js,Yes,pre-trial,data/personalization.js/p13nData/interests/shows
136,personalization:shows,Twitter,personalization:shows,personalization.js,shows,p13nData/interests/shows,,"[""p13nData"", ""interests"", ""shows""]",static,array,data/personalization.js,Yes,pre-trial,data/personalization.js/p13nData/interests/shows
137,personalization:age,Twitter,personalization:age,personalization.js,age,p13nData/inferredAgeInfo/age,,"[""p13nData"", ""inferredAgeInfo"", ""age""]",static,string,data/personalization.js,Yes,pre-trial,data/personalization.js/p13nData/inferredAgeInfo/age
138,personalization:age,Twitter,personalization:age,personalization.js,age,p13nData/inferredAgeInfo/age,,"[""p13nData"", ""inferredAgeInfo"", ""age""]",static,array,data/personalization.js,Yes,pre-trial,data/personalization.js/p13nData/inferredAgeInfo/age
139,personalization:age,Twitter,personalization:age,personalization.js,age,p13nData/inferredAgeInfo/age,,"[""p13nData"", ""inferredAgeInfo"", ""age""]",static,string,data/personalization.js,Yes,pre-trial,data/personalization.js/p13nData/inferredAgeInfo/age
140,personalization:age,Twitter,personalization:age,personalization.js,age,p13nData/inferredAgeInfo/age,,"[""p13nData"", ""inferredAgeInfo"", ""age""]",static,array,data/personalization.js,Yes,pre-trial,data/personalization.js/p13nData/inferredAgeInfo/age
141,personalization:lookalikeAdvertisers,Twitter,personalization:lookalikeAdvertisers,personalization.js,lookalikeAdvertisers,p13nData/interests/audienceAndAdvertisers/lookalikeAdvertisers,,"[""p13nData"", ""interests"", ""audienceAndAdvertisers"", ""lookalikeAdvertisers""]",static,string,data/personalization.js,Yes,pre-trial,data/personalization.js/p13nData/interests/audienceAndAdvertisers/lookalikeAdvertisers
142,personalization:lookalikeAdvertisers,Twitter,personalization:lookalikeAdvertisers,personalization.js,lookalikeAdvertisers,p13nData/interests/audienceAndAdvertisers/lookalikeAdvertisers,,"[""p13nData"", ""interests"", ""audienceAndAdvertisers"", ""lookalikeAdvertisers""]",static,array,data/personalization.js,Yes,pre-trial,data/personalization.js/p13nData/interests/audienceAndAdvertisers/lookalikeAdvertisers
143,personalization:lookalikeAdvertisers,Twitter,personalization:lookalikeAdvertisers,personalization.js,lookalikeAdvertisers,p13nData/interests/audienceAndAdvertisers/lookalikeAdvertisers,,"[""p13nData"", ""interests"", ""audienceAndAdvertisers"", ""lookalikeAdvertisers""]",static,string,data/personalization.js,Yes,pre-trial,data/personalization.js/p13nData/interests/audienceAndAdvertisers/lookalikeAdvertisers
144,personalization:lookalikeAdvertisers,Twitter,personalization:lookalikeAdvertisers,personalization.js,lookalikeAdvertisers,p13nData/interests/audienceAndAdvertisers/lookalikeAdvertisers,,"[""p13nData"", ""interests"", ""audienceAndAdvertisers"", ""lookalikeAdvertisers""]",static,array,data/personalization.js,Yes,pre-trial,data/personalization.js/p13nData/interests/audienceAndAdvertisers/lookalikeAdvertisers
145,lists-created:url,Twitter,lists-created:url,lists-created.js,url,userListInfo/url,,"[""userListInfo"", ""url""]",static,string,data/lists-created.js,No,pre-trial,data/lists-created.js/userListInfo/url
146,lists-subscribed:url,Twitter,lists-subscribed:url,lists-subscribed.js,url,userListInfo/url,,"[""userListInfo"", ""url""]",static,string,data/lists-subscribed.js,No,pre-trial,data/lists-subscribed.js/userListInfo/url
147,lists-member:url,Twitter,lists-member:url,lists-member.js,url,userListInfo/url,,"[""userListInfo"", ""url""]",static,string,data/lists-member.js,No,pre-trial,data/lists-member.js/userListInfo/url
148,saved-search:savedSearchId,Twitter,saved-search:savedSearchId,saved-search.js,savedSearchId,savedSearch/savedSearchId,,"[""savedSearch"", ""savedSearchId""]",static,string,data/saved-search.js,No,pre-trial,data/saved-search.js/savedSearch/savedSearchId
149,saved-search:query,Twitter,saved-search:query,saved-search.js,query,savedSearch/query,,"[""savedSearch"", ""query""]",static,string,data/saved-search.js,No,pre-trial,data/saved-search.js/savedSearch/query
150,personalization:advertisers,Twitter,personalization:advertisers,personalization.js,advertisers,p13nData/interests/audienceAndAdvertisers/advertisers,,"[""p13nData"", ""interests"", ""audienceAndAdvertisers"", ""advertisers""]",static,array,data/personalization.js,Yes,pre-trial,data/personalization.js/p13nData/interests/audienceAndAdvertisers/advertisers
151,personalization:advertisers,Twitter,personalization:advertisers,personalization.js,advertisers,p13nData/interests/audienceAndAdvertisers/advertisers,,"[""p13nData"", ""interests"", ""audienceAndAdvertisers"", ""advertisers""]",static,string,data/personalization.js,Yes,pre-trial,data/personalization.js/p13nData/interests/audienceAndAdvertisers/advertisers
152,personalization:advertisers,Twitter,personalization:advertisers,personalization.js,advertisers,p13nData/interests/audienceAndAdvertisers/advertisers,,"[""p13nData"", ""interests"", ""audienceAndAdvertisers"", ""advertisers""]",static,array,data/personalization.js,Yes,pre-trial,data/personalization.js/p13nData/interests/audienceAndAdvertisers/advertisers
153,personalization:advertisers,Twitter,personalization:advertisers,personalization.js,advertisers,p13nData/interests/audienceAndAdvertisers/advertisers,,"[""p13nData"", ""interests"", ""audienceAndAdvertisers"", ""advertisers""]",static,string,data/personalization.js,Yes,pre-trial,data/personalization.js/p13nData/interests/audienceAndAdvertisers/advertisers
154,ads_information:story_views_in_past_7_days:media,Facebook,ads_information:story_views_in_past_7_days:media,story_views_in_past_7_days.json,media,media,,"[""media""]",static,array,ads_information/story_views_in_past_7_days.json,No,pre-trial,ads_information/story_views_in_past_7_days.json/media
155,ads_information:story_views_in_past_7_days:fbid,Facebook,ads_information:story_views_in_past_7_days:fbid,story_views_in_past_7_days.json,fbid,fbid,,"[""fbid""]",static,string,ads_information/story_views_in_past_7_days.json,No,pre-trial,ads_information/story_views_in_past_7_days.json/fbid
156,ads_information:ad_preferences:media,Facebook,ads_information:ad_preferences:media,ad_preferences.json,media,media,,"[""media""]",static,array,ads_information/ad_preferences.json,Yes,pre-trial,ads_information/ad_preferences.json/media
157,ads_information:ad_preferences:fbid,Facebook,ads_information:ad_preferences:fbid,ad_preferences.json,fbid,fbid,,"[""fbid""]",static,string,ads_information/ad_preferences.json,No,pre-trial,ads_information/ad_preferences.json/fbid
158,ads_information:your_consent_settings:timestamp,Facebook,ads_information:your_consent_settings:timestamp,your_consent_settings.json,timestamp,timestamp,,"[""timestamp""]",static,number,ads_information/your_consent_settings.json,No,pre-trial,ads_information/your_consent_settings.json/timestamp
159,ads_information:your_consent_settings:media,Facebook,ads_information:your_consent_settings:media,your_consent_settings.json,media,media,,"[""media""]",static,array,ads_information/your_consent_settings.json,No,pre-trial,ads_information/your_consent_settings.json/media
160,ads_information:your_consent_settings:fbid,Facebook,ads_information:your_consent_settings:fbid,your_consent_settings.json,fbid,fbid,,"[""fbid""]",static,string,ads_information/your_consent_settings.json,No,pre-trial,ads_information/your_consent_settings.json/fbid
161,ads_information:other_categories_used_to_reach_you:media,Facebook,ads_information:other_categories_used_to_reach_you:media,other_categories_used_to_reach_you.json,media,media,,"[""media""]",static,array,ads_information/other_categories_used_to_reach_you.json,Yes,pre-trial,ads_information/other_categories_used_to_reach_you.json/media
162,ads_information:other_categories_used_to_reach_you:fbid,Facebook,ads_information:other_categories_used_to_reach_you:fbid,other_categories_used_to_reach_you.json,fbid,fbid,,"[""fbid""]",static,string,ads_information/other_categories_used_to_reach_you.json,No,pre-trial,ads_information/other_categories_used_to_reach_you.json/fbid
163,ads_information:ads_personalization_consent:timestamp,Facebook,ads_information:ads_personalization_consent:timestamp,ads_personalization_consent.json,timestamp,timestamp,,"[""timestamp""]",static,number,ads_information/ads_personalization_consent.json,No,pre-trial,ads_information/ads_personalization_consent.json/timestamp
164,ads_information:ads_personalization_consent:media,Facebook,ads_information:ads_personalization_consent:media,ads_personalization_consent.json,media,media,,"[""media""]",static,array,ads_information/ads_personalization_consent.json,Yes,pre-trial,ads_information/ads_personalization_consent.json/media
165,ads_information:ads_personalization_consent:fbid,Facebook,ads_information:ads_personalization_consent:fbid,ads_personalization_consent.json,fbid,fbid,,"[""fbid""]",static,string,ads_information/ads_personalization_consent.json,No,pre-trial,ads_information/ads_personalization_consent.json/fbid
166,ads_information:advertisers_using_your_activity_or_information:media,Facebook,ads_information:advertisers_using_your_activity_or_information:media,advertisers_using_your_activity_or_information.json,media,media,,"[""media""]",static,array,ads_information/advertisers_using_your_activity_or_information.json,Yes,pre-trial,ads_information/advertisers_using_your_activity_or_information.json/media
167,ads_information:advertisers_using_your_activity_or_information:fbid,Facebook,ads_information:advertisers_using_your_activity_or_information:fbid,advertisers_using_your_activity_or_information.json,fbid,fbid,,"[""fbid""]",static,string,ads_information/advertisers_using_your_activity_or_information.json,No,pre-trial,ads_information/advertisers_using_your_activity_or_information.json/fbid
168,ads_information:ads_about_meta:media,Facebook,ads_information:ads_about_meta:media,ads_about_meta.json,media,media,,"[""media""]",static,array,ads_information/ads_about_meta.json,Yes,pre-trial,ads_information/ads_about_meta.json/media
169,ads_information:ads_about_meta:fbid,Facebook,ads_information:ads_about_meta:fbid,ads_about_meta.json,fbid,fbid,,"[""fbid""]",static,string,ads_information/ads_about_meta.json,No,pre-trial,ads_information/ads_about_meta.json/fbid
170,ads_information:ads_feedback_activity:media,Facebook,ads_information:ads_feedback_activity:media,ads_feedback_activity.json,media,media,,"[""media""]",static,array,ads_information/ads_feedback_activity.json,No,pre-trial,ads_information/ads_feedback_activity.json/media
171,ads_information:ads_feedback_activity:fbid,Facebook,ads_information:ads_feedback_activity:fbid,ads_feedback_activity.json,fbid,fbid,,"[""fbid""]",static,string,ads_information/ads_feedback_activity.json,No,pre-trial,ads_information/ads_feedback_activity.json/fbid
172,ads_information:subscription_for_no_ads:media,Facebook,ads_information:subscription_for_no_ads:media,subscription_for_no_ads.json,media,media,,"[""media""]",static,array,ads_information/subscription_for_no_ads.json,No,pre-trial,ads_information/subscription_for_no_ads.json/media
173,ads_information:subscription_for_no_ads:fbid,Facebook,ads_information:subscription_for_no_ads:fbid,subscription_for_no_ads.json,fbid,fbid,,"[""fbid""]",static,string,ads_information/subscription_for_no_ads.json,No,pre-trial,ads_information/subscription_for_no_ads.json/fbid
174,preferences:preferences:privacy_settings:media,Facebook,preferences:preferences:privacy_settings:media,privacy_settings.json,media,media,,"[""media""]",static,array,preferences/preferences/privacy_settings.json,No,pre-trial,preferences/preferences/privacy_settings.json/media
175,preferences:preferences:privacy_settings:fbid,Facebook,preferences:preferences:privacy_settings:fbid,privacy_settings.json,fbid,fbid,,"[""fbid""]",static,string,preferences/preferences/privacy_settings.json,No,pre-trial,preferences/preferences/privacy_settings.json/fbid
176,preferences:preferences:your_story_highlights:media,Facebook,preferences:preferences:your_story_highlights:media,your_story_highlights.json,media,media,,"[""media""]",static,array,preferences/preferences/your_story_highlights.json,No,pre-trial,preferences/preferences/your_story_highlights.json/media
177,preferences:preferences:your_story_highlights:fbid,Facebook,preferences:preferences:your_story_highlights:fbid,your_story_highlights.json,fbid,fbid,,"[""fbid""]",static,string,preferences/preferences/your_story_highlights.json,No,pre-trial,preferences/preferences/your_story_highlights.json/fbid
178,preferences:preferences:reels_preferences:media,Facebook,preferences:preferences:reels_preferences:media,reels_preferences.json,media,media,,"[""media""]",static,array,preferences/preferences/reels_preferences.json,Yes,pre-trial,preferences/preferences/reels_preferences.json/media
179,preferences:preferences:reels_preferences:fbid,Facebook,preferences:preferences:reels_preferences:fbid,reels_preferences.json,fbid,fbid,,"[""fbid""]",static,string,preferences/preferences/reels_preferences.json,No,pre-trial,preferences/preferences/reels_preferences.json/fbid
180,preferences:preferences:your_watch_settings:media,Facebook,preferences:preferences:your_watch_settings:media,your_watch_settings.json,media,media,,"[""media""]",static,array,preferences/preferences/your_watch_settings.json,Yes,pre-trial,preferences/preferences/your_watch_settings.json/media
181,preferences:preferences:your_watch_settings:fbid,Facebook,preferences:preferences:your_watch_settings:fbid,your_watch_settings.json,fbid,fbid,,"[""fbid""]",static,string,preferences/preferences/your_watch_settings.json,No,pre-trial,preferences/preferences/your_watch_settings.json/fbid
182,preferences:feed:snooze:media,Facebook,feed:snooze:media,snooze.json,media,media,,"[""media""]",static,array,preferences/feed/snooze.json,No,pre-trial,preferences/feed/snooze.json/media
183,preferences:feed:snooze:fbid,Facebook,feed:snooze:fbid,snooze.json,fbid,fbid,,"[""fbid""]",static,string,preferences/feed/snooze.json,No,pre-trial,preferences/feed/snooze.json/fbid
184,your_facebook_activity:other_activity:your_recently_followed_history:media,Facebook,your_facebook_activity:other_activity:your_recently_followed_history:media,your_recently_followed_history.json,media,media,,"[""media""]",static,array,your_facebook_activity/other_activity/your_recently_followed_history.json,Yes,pre-trial,your_facebook_activity/other_activity/your_recently_followed_history.json/media
185,your_facebook_activity:other_activity:your_recently_followed_history:fbid,Facebook,your_facebook_activity:other_activity:your_recently_followed_history:fbid,your_recently_followed_history.json,fbid,fbid,,"[""fbid""]",static,string,your_facebook_activity/other_activity/your_recently_followed_history.json,No,pre-trial,your_facebook_activity/other_activity/your_recently_followed_history.json/fbid
186,your_facebook_activity:other_activity:your_video_consumption_summary:media,Facebook,other_activity:your_video_consumption_summary:media,your_video_consumption_summary.json,media,media,,"[""media""]",static,array,your_facebook_activity/other_activity/your_video_consumption_summary.json,Yes,pre-trial,your_facebook_activity/other_activity/your_video_consumption_summary.json/media
187,your_facebook_activity:other_activity:your_video_consumption_summary:fbid,Facebook,other_activity:your_video_consumption_summary:fbid,your_video_consumption_summary.json,fbid,fbid,,"[""fbid""]",static,string,your_facebook_activity/other_activity/your_video_consumption_summary.json,No,pre-trial,your_facebook_activity/other_activity/your_video_consumption_summary.json/fbid
188,groups:join_requests:timestamp,Facebook,groups:join_requests:timestamp,join_requests.json,timestamp,timestamp,,"[""timestamp""]",static,number,your_facebook_activity/groups/join_requests.json,No,pre-trial,your_facebook_activity/groups/join_requests.json/timestamp
189,groups:join_requests:media,Facebook,groups:join_requests:media,join_requests.json,media,media,,"[""media""]",static,array,your_facebook_activity/groups/join_requests.json,No,pre-trial,your_facebook_activity/groups/join_requests.json/media
190,groups:join_requests:fbid,Facebook,groups:join_requests:fbid,join_requests.json,fbid,fbid,,"[""fbid""]",static,string,your_facebook_activity/groups/join_requests.json,No,pre-trial,your_facebook_activity/groups/join_requests.json/fbid
191,saved_items_and_collections:collections:timestamp,Facebook,saved_items_and_collections:collections:timestamp,collections.json,timestamp,timestamp,,"[""timestamp""]",static,number,your_facebook_activity/saved_items_and_collections/collections.json,No,pre-trial,your_facebook_activity/saved_items_and_collections/collections.json/timestamp
192,saved_items_and_collections:collections:media,Facebook,saved_items_and_collections:collections:media,collections.json,media,media,,"[""media""]",static,array,your_facebook_activity/saved_items_and_collections/collections.json,No,pre-trial,your_facebook_activity/saved_items_and_collections/collections.json/media
193,saved_items_and_collections:collections:fbid,Facebook,saved_items_and_collections:collections:fbid,collections.json,fbid,fbid,,"[""fbid""]",static,string,your_facebook_activity/saved_items_and_collections/collections.json,No,pre-trial,your_facebook_activity/saved_items_and_collections/collections.json/fbid
194,pages:admin_activity:timestamp,Facebook,pages:admin_activity:timestamp,admin_activity.json,timestamp,timestamp,,"[""timestamp""]",static,number,your_facebook_activity/pages/admin_activity.json,No,pre-trial,your_facebook_activity/pages/admin_activity.json/timestamp
195,pages:admin_activity:media,Facebook,pages:admin_activity:media,admin_activity.json,media,media,,"[""media""]",static,array,your_facebook_activity/pages/admin_activity.json,No,pre-trial,your_facebook_activity/pages/admin_activity.json/media
196,pages:admin_activity:fbid,Facebook,pages:admin_activity:fbid,admin_activity.json,fbid,fbid,,"[""fbid""]",static,string,your_facebook_activity/pages/admin_activity.json,No,pre-trial,your_facebook_activity/pages/admin_activity.json/fbid
197,other_logged_information:facebook_reels_usage_information:media,Facebook,other_logged_information:facebook_reels_usage_information:media,facebook_reels_usage_information.json,media,media,,"[""media""]",static,array,logged_information/other_logged_information/facebook_reels_usage_information.json,Yes,pre-trial,logged_information/other_logged_information/facebook_reels_usage_information.json/media
198,other_logged_information:facebook_reels_usage_information:fbid,Facebook,other_logged_information:facebook_reels_usage_information:fbid,facebook_reels_usage_information.json,fbid,fbid,,"[""fbid""]",static,string,logged_information/other_logged_information/facebook_reels_usage_information.json,No,pre-trial,logged_information/other_logged_information/facebook_reels_usage_information.json/fbid
199,other_logged_information:your_facebook_watch_activity_in_the_last_28_days:media,Facebook,other_logged_information:your_facebook_watch_activity_in_the_last_28_days:media,your_facebook_watch_activity_in_the_last_28_days.json,media,media,,"[""media""]",static,array,logged_information/other_logged_information/your_facebook_watch_activity_in_the_last_28_days.json,Yes,pre-trial,logged_information/other_logged_information/your_facebook_watch_activity_in_the_last_28_days.json/media
200,other_logged_information:your_facebook_watch_activity_in_the_last_28_days:fbid,Facebook,other_logged_information:your_facebook_watch_activity_in_the_last_28_days:fbid,your_facebook_watch_activity_in_the_last_28_days.json,fbid,fbid,,"[""fbid""]",static,string,logged_information/other_logged_information/your_facebook_watch_activity_in_the_last_28_days.json,No,pre-trial,logged_information/other_logged_information/your_facebook_watch_activity_in_the_last_28_days.json/fbid
201,other_logged_information:consents:timestamp,Facebook,other_logged_information:consents:timestamp,consents.json,timestamp,timestamp,,"[""timestamp""]",static,number,logged_information/other_logged_information/consents.json,No,pre-trial,logged_information/other_logged_information/consents.json/timestamp
202,other_logged_information:consents:media,Facebook,other_logged_information:consents:media,consents.json,media,media,,"[""media""]",static,array,logged_information/other_logged_information/consents.json,Yes,pre-trial,logged_information/other_logged_information/consents.json/media
203,other_logged_information:consents:fbid,Facebook,other_logged_information:consents:fbid,consents.json,fbid,fbid,,"[""fbid""]",static,string,logged_information/other_logged_information/consents.json,No,pre-trial,logged_information/other_logged_information/consents.json/fbid
204,your_group_messages:$USERNAME:thread_name,Facebook,your_group_messages:$USERNAME:thread_name,$USERNAME.json,thread_name,thread_name,,"[""thread_name""]",static,string,your_facebook_activity/groups/your_group_messages/$USERNAME.json,No,pre-trial,your_facebook_activity/groups/your_group_messages/$USERNAME.json/thread_name
205,your_group_messages:$USERNAME:messages,Facebook,your_group_messages:$USERNAME:messages,$USERNAME.json,messages,messages,,"[""messages""]",static,array,your_facebook_activity/groups/your_group_messages/$USERNAME.json,No,pre-trial,your_facebook_activity/groups/your_group_messages/$USERNAME.json/messages
206,other_logged_information:ads_interests:topics_v2,Facebook,other_logged_information:ads_interests:topics_v2,ads_interests.json,topics_v2,topics_v2,"[""topics_v2""]",[],list,string,logged_information/other_logged_information/ads_interests.json,No,pre-trial,logged_information/other_logged_information/ads_interests.json/topics_v2
207,ads_information:your_pages_mentions:timestamp,Facebook,ads_information:your_pages_mentions:timestamp,your_pages_mentions.json,timestamp,timestamp,[],"[""timestamp""]",list,number,ads_information/your_pages_mentions.json,No,pre-trial,ads_information/your_pages_mentions.json/timestamp
208,ads_information:your_pages_mentions:media,Facebook,ads_information:your_pages_mentions:media,your_pages_mentions.json,media,media,[],"[""media""]",list,array,ads_information/your_pages_mentions.json,No,pre-trial,ads_information/your_pages_mentions.json/media
209,ads_information:your_pages_mentions:fbid,Facebook,ads_information:your_pages_mentions:fbid,your_pages_mentions.json,fbid,fbid,[],"[""fbid""]",list,string,ads_information/your_pages_mentions.json,No,pre-trial,ads_information/your_pages_mentions.json/fbid
210,other_personal_information:emails_we_sent_you:title,Facebook,other_personal_information:emails_we_sent_you:title,emails_we_sent_you.json,title,title,[],"[""title""]",list,string,personal_information/other_personal_information/emails_we_sent_you.json,No,pre-trial,personal_information/other_personal_information/emails_we_sent_you.json/title
211,other_personal_information:emails_we_sent_you:timestamp,Facebook,other_personal_information:emails_we_sent_you:timestamp,emails_we_sent_you.json,timestamp,timestamp,[],"[""timestamp""]",list,number,personal_information/other_personal_information/emails_we_sent_you.json,No,pre-trial,personal_information/other_personal_information/emails_we_sent_you.json/timestamp
212,friends:your_post_audiences:media,Facebook,friends:your_post_audiences:media,your_post_audiences.json,media,media,[],"[""media""]",list,array,connections/friends/your_post_audiences.json,Yes,pre-trial,connections/friends/your_post_audiences.json/media
213,friends:your_post_audiences:fbid,Facebook,friends:your_post_audiences:fbid,your_post_audiences.json,fbid,fbid,[],"[""fbid""]",list,string,connections/friends/your_post_audiences.json,No,pre-trial,connections/friends/your_post_audiences.json/fbid
214,your_facebook_activity:posts:posts_on_other_pages_and_profiles:timestamp,Facebook,your_facebook_activity:posts:posts_on_other_pages_and_profiles:timestamp,posts_on_other_pages_and_profiles.json,timestamp,timestamp,[],"[""timestamp""]",list,number,your_facebook_activity/posts/posts_on_other_pages_and_profiles.json,Yes,pre-trial,your_facebook_activity/posts/posts_on_other_pages_and_profiles.json/timestamp
215,your_facebook_activity:posts:posts_on_other_pages_and_profiles:media,Facebook,your_facebook_activity:posts:posts_on_other_pages_and_profiles:media,posts_on_other_pages_and_profiles.json,media,media,[],"[""media""]",list,array,your_facebook_activity/posts/posts_on_other_pages_and_profiles.json,Yes,pre-trial,your_facebook_activity/posts/posts_on_other_pages_and_profiles.json/media
216,your_facebook_activity:posts:posts_on_other_pages_and_profiles:fbid,Facebook,your_facebook_activity:posts:posts_on_other_pages_and_profiles:fbid,posts_on_other_pages_and_profiles.json,fbid,fbid,[],"[""fbid""]",list,string,your_facebook_activity/posts/posts_on_other_pages_and_profiles.json,Yes,pre-trial,your_facebook_activity/posts/posts_on_other_pages_and_profiles.json/fbid
217,your_facebook_activity:posts:your_posts__check_ins__photos_and_videos_1:timestamp,Facebook,your_facebook_activity:posts:your_posts__check_ins__photos_and_videos_1:timestamp,your_posts__check_ins__photos_and_videos_1.json,timestamp,timestamp,[],"[""timestamp""]",list,number,your_facebook_activity/posts/your_posts__check_ins__photos_and_videos_1.json,No,pre-trial,your_facebook_activity/posts/your_posts__check_ins__photos_and_videos_1.json/timestamp
218,your_facebook_activity:posts:content_sharing_links_you_have_created:timestamp,Facebook,your_facebook_activity:posts:content_sharing_links_you_have_created:timestamp,content_sharing_links_you_have_created.json,timestamp,timestamp,[],"[""timestamp""]",list,number,your_facebook_activity/posts/content_sharing_links_you_have_created.json,No,pre-trial,your_facebook_activity/posts/content_sharing_links_you_have_created.json/timestamp
219,your_facebook_activity:posts:content_sharing_links_you_have_created:media,Facebook,your_facebook_activity:posts:content_sharing_links_you_have_created:media,content_sharing_links_you_have_created.json,media,media,[],"[""media""]",list,array,your_facebook_activity/posts/content_sharing_links_you_have_created.json,Yes,pre-trial,your_facebook_activity/posts/content_sharing_links_you_have_created.json/media
220,your_facebook_activity:posts:content_sharing_links_you_have_created:fbid,Facebook,your_facebook_activity:posts:content_sharing_links_you_have_created:fbid,content_sharing_links_you_have_created.json,fbid,fbid,[],"[""fbid""]",list,string,your_facebook_activity/posts/content_sharing_links_you_have_created.json,No,pre-trial,your_facebook_activity/posts/content_sharing_links_you_have_created.json/fbid
221,your_facebook_activity:posts:edits_you_made_to_posts:timestamp,Facebook,posts:edits_you_made_to_posts:timestamp,edits_you_made_to_posts.json,timestamp,timestamp,[],"[""timestamp""]",list,number,your_facebook_activity/posts/edits_you_made_to_posts.json,No,pre-trial,your_facebook_activity/posts/edits_you_made_to_posts.json/timestamp
222,your_facebook_activity:posts:edits_you_made_to_posts:media,Facebook,posts:edits_you_made_to_posts:media,edits_you_made_to_posts.json,media,media,[],"[""media""]",list,array,your_facebook_activity/posts/edits_you_made_to_posts.json,No,pre-trial,your_facebook_activity/posts/edits_you_made_to_posts.json/media
223,your_facebook_activity:posts:edits_you_made_to_posts:fbid,Facebook,posts:edits_you_made_to_posts:fbid,edits_you_made_to_posts.json,fbid,fbid,[],"[""fbid""]",list,string,your_facebook_activity/posts/edits_you_made_to_posts.json,No,pre-trial,your_facebook_activity/posts/edits_you_made_to_posts.json/fbid
224,your_facebook_activity:other_activity:time_spent_on_facebook:timestamp,Facebook,other_activity:time_spent_on_facebook:timestamp,time_spent_on_facebook.json,timestamp,timestamp,[],"[""timestamp""]",list,number,your_facebook_activity/other_activity/time_spent_on_facebook.json,Yes,pre-trial,your_facebook_activity/other_activity/time_spent_on_facebook.json/timestamp
225,your_facebook_activity:other_activity:time_spent_on_facebook:media,Facebook,other_activity:time_spent_on_facebook:media,time_spent_on_facebook.json,media,media,[],"[""media""]",list,array,your_facebook_activity/other_activity/time_spent_on_facebook.json,Yes,pre-trial,your_facebook_activity/other_activity/time_spent_on_facebook.json/media
226,your_facebook_activity:other_activity:time_spent_on_facebook:fbid,Facebook,other_activity:time_spent_on_facebook:fbid,time_spent_on_facebook.json,fbid,fbid,[],"[""fbid""]",list,string,your_facebook_activity/other_activity/time_spent_on_facebook.json,Yes,pre-trial,your_facebook_activity/other_activity/time_spent_on_facebook.json/fbid
227,comments_and_reactions:likes_and_reactions_3:timestamp,Facebook,comments_and_reactions:likes_and_reactions_3:timestamp,likes_and_reactions_3.json,timestamp,timestamp,[],"[""timestamp""]",list,number,your_facebook_activity/comments_and_reactions/likes_and_reactions_3.json,No,pre-trial,your_facebook_activity/comments_and_reactions/likes_and_reactions_3.json/timestamp
228,your_facebook_activity:comments_and_reactions:your_comment_edits:timestamp,Facebook,comments_and_reactions:your_comment_edits:timestamp,your_comment_edits.json,timestamp,timestamp,[],"[""timestamp""]",list,number,your_facebook_activity/comments_and_reactions/your_comment_edits.json,No,pre-trial,your_facebook_activity/comments_and_reactions/your_comment_edits.json/timestamp
229,your_facebook_activity:comments_and_reactions:your_comment_edits:media,Facebook,comments_and_reactions:your_comment_edits:media,your_comment_edits.json,media,media,[],"[""media""]",list,array,your_facebook_activity/comments_and_reactions/your_comment_edits.json,No,pre-trial,your_facebook_activity/comments_and_reactions/your_comment_edits.json/media
230,your_facebook_activity:comments_and_reactions:your_comment_edits:fbid,Facebook,comments_and_reactions:your_comment_edits:fbid,your_comment_edits.json,fbid,fbid,[],"[""fbid""]",list,string,your_facebook_activity/comments_and_reactions/your_comment_edits.json,No,pre-trial,your_facebook_activity/comments_and_reactions/your_comment_edits.json/fbid
231,polls:your_poll_votes:media,Facebook,polls:your_poll_votes:media,your_poll_votes.json,media,media,[],"[""media""]",list,array,your_facebook_activity/polls/your_poll_votes.json,No,pre-trial,your_facebook_activity/polls/your_poll_votes.json/media
232,polls:your_poll_votes:fbid,Facebook,polls:your_poll_votes:fbid,your_poll_votes.json,fbid,fbid,[],"[""fbid""]",list,string,your_facebook_activity/polls/your_poll_votes.json,No,pre-trial,your_facebook_activity/polls/your_poll_votes.json/fbid
233,groups:your_actions_on_violating_content_in_your_groups:media,Facebook,groups:your_actions_on_violating_content_in_your_groups:media,your_actions_on_violating_content_in_your_groups.json,media,media,[],"[""media""]",list,array,your_facebook_activity/groups/your_actions_on_violating_content_in_your_groups.json,Yes,pre-trial,your_facebook_activity/groups/your_actions_on_violating_content_in_your_groups.json/media
234,groups:your_actions_on_violating_content_in_your_groups:fbid,Facebook,groups:your_actions_on_violating_content_in_your_groups:fbid,your_actions_on_violating_content_in_your_groups.json,fbid,fbid,[],"[""fbid""]",list,string,your_facebook_activity/groups/your_actions_on_violating_content_in_your_groups.json,Yes,pre-trial,your_facebook_activity/groups/your_actions_on_violating_content_in_your_groups.json/fbid
235,groups:group_invites_you've_received:timestamp,Facebook,groups:group_invites_you've_received:timestamp,group_invites_you've_received.json,timestamp,timestamp,[],"[""timestamp""]",list,number,your_facebook_activity/groups/group_invites_you've_received.json,Yes,pre-trial,your_facebook_activity/groups/group_invites_you've_received.json/timestamp
236,groups:group_invites_you've_received:media,Facebook,groups:group_invites_you've_received:media,group_invites_you've_received.json,media,media,[],"[""media""]",list,array,your_facebook_activity/groups/group_invites_you've_received.json,Yes,pre-trial,your_facebook_activity/groups/group_invites_you've_received.json/media
237,groups:group_invites_you've_received:fbid,Facebook,groups:group_invites_you've_received:fbid,group_invites_you've_received.json,fbid,fbid,[],"[""fbid""]",list,string,your_facebook_activity/groups/group_invites_you've_received.json,Yes,pre-trial,your_facebook_activity/groups/group_invites_you've_received.json/fbid
238,groups:group_invites_you've_sent:timestamp,Facebook,groups:group_invites_you've_sent:timestamp,group_invites_you've_sent.json,timestamp,timestamp,[],"[""timestamp""]",list,number,your_facebook_activity/groups/group_invites_you've_sent.json,No,pre-trial,your_facebook_activity/groups/group_invites_you've_sent.json/timestamp
239,groups:group_invites_you've_sent:media,Facebook,groups:group_invites_you've_sent:media,group_invites_you've_sent.json,media,media,[],"[""media""]",list,array,your_facebook_activity/groups/group_invites_you've_sent.json,No,pre-trial,your_facebook_activity/groups/group_invites_you've_sent.json/media
240,groups:group_invites_you've_sent:fbid,Facebook,groups:group_invites_you've_sent:fbid,group_invites_you've_sent.json,fbid,fbid,[],"[""fbid""]",list,string,your_facebook_activity/groups/group_invites_you've_sent.json,No,pre-trial,your_facebook_activity/groups/group_invites_you've_sent.json/fbid
241,interactions:groups_you've_visited:timestamp,Facebook,your_interactions_on_facebook:groups_you_ve_visited:timestamp,groups_you've_visited.json,timestamp,timestamp,[],"[""timestamp""]",list,number,logged_information/interactions/groups_you've_visited.json,No,pre-trial,logged_information/interactions/groups_you've_visited.json/timestamp
242,interactions:groups_you've_visited:media,Facebook,your_interactions_on_facebook:groups_you_ve_visited:media,groups_you've_visited.json,media,media,[],"[""media""]",list,array,logged_information/interactions/groups_you've_visited.json,No,pre-trial,logged_information/interactions/groups_you've_visited.json/media
243,interactions:groups_you've_visited:fbid,Facebook,your_interactions_on_facebook:groups_you_ve_visited:fbid,groups_you've_visited.json,fbid,fbid,[],"[""fbid""]",list,string,logged_information/interactions/groups_you've_visited.json,No,pre-trial,logged_information/interactions/groups_you've_visited.json/fbid
244,comments_and_reactions:likes_and_reactions_2:timestamp,Facebook,comments_and_reactions:likes_and_reactions_2:timestamp,likes_and_reactions_2.json,timestamp,timestamp,[],"[""timestamp""]",list,number,your_facebook_activity/comments_and_reactions/likes_and_reactions_2.json,No,pre-trial,your_facebook_activity/comments_and_reactions/likes_and_reactions_2.json/timestamp
245,your_facebook_activity:comments_and_reactions:likes_and_reactions_1:timestamp,Facebook,comments_and_reactions:likes_and_reactions_1:timestamp,likes_and_reactions_1.json,timestamp,timestamp,[],"[""timestamp""]",list,number,your_facebook_activity/comments_and_reactions/likes_and_reactions_1.json,No,pre-trial,your_facebook_activity/comments_and_reactions/likes_and_reactions_1.json/timestamp
246,your_facebook_activity:comments_and_reactions:likes_and_reactions:timestamp,Facebook,comments_and_reactions:likes_and_reactions:timestamp,likes_and_reactions.json,timestamp,timestamp,[],"[""timestamp""]",list,number,your_facebook_activity/comments_and_reactions/likes_and_reactions.json,No,pre-trial,your_facebook_activity/comments_and_reactions/likes_and_reactions.json/timestamp
247,your_facebook_activity:comments_and_reactions:likes_and_reactions:media,Facebook,comments_and_reactions:likes_and_reactions:media,likes_and_reactions.json,media,media,[],"[""media""]",list,array,your_facebook_activity/comments_and_reactions/likes_and_reactions.json,Yes,pre-trial,your_facebook_activity/comments_and_reactions/likes_and_reactions.json/media
248,your_facebook_activity:comments_and_reactions:likes_and_reactions:fbid,Facebook,comments_and_reactions:likes_and_reactions:fbid,likes_and_reactions.json,fbid,fbid,[],"[""fbid""]",list,string,your_facebook_activity/comments_and_reactions/likes_and_reactions.json,No,pre-trial,your_facebook_activity/comments_and_reactions/likes_and_reactions.json/fbid
249,apps_and_websites_off_of_facebook:your_activity_off_meta_technologies:name,Facebook,apps_and_websites_off_of_facebook:your_activity_off_meta_technologies:name,your_activity_off_meta_technologies.json,name,off_facebook_activity_v2/name,"[""off_facebook_activity_v2""]","[""name""]",list,string,apps_and_websites_off_of_facebook/your_activity_off_meta_technologies.json,No,pre-trial,apps_and_websites_off_of_facebook/your_activity_off_meta_technologies.json/off_facebook_activity_v2/name
250,ads_information:story_views_in_past_7_days:label,Facebook,ads_information:story_views_in_past_7_days:label,story_views_in_past_7_days.json,label,label_values/label,"[""label_values""]","[""label""]",list,string,ads_information/story_views_in_past_7_days.json,No,pre-trial,ads_information/story_views_in_past_7_days.json/label_values/label
251,ads_information:story_views_in_past_7_days:value,Facebook,ads_information:story_views_in_past_7_days:value,story_views_in_past_7_days.json,value,label_values/value,"[""label_values""]","[""value""]",list,string,ads_information/story_views_in_past_7_days.json,No,pre-trial,ads_information/story_views_in_past_7_days.json/label_values/value
252,ads_information:ad_preferences:label_values:label,Facebook,ads_information:ad_preferences:label_values:label,ad_preferences.json,label,label_values/label,"[""label_values""]","[""label""]",list,string,ads_information/ad_preferences.json,No,pre-trial,ads_information/ad_preferences.json/label_values/label
253,ads_information:ad_preferences:label_values:value,Facebook,ads_information:ad_preferences:label_values:value,ad_preferences.json,value,label_values/value,"[""label_values""]","[""value""]",list,string,ads_information/ad_preferences.json,No,pre-trial,ads_information/ad_preferences.json/label_values/value
254,ads_information:advertisers_you've_interacted_with:title,Facebook,ads_information:advertisers_you've_interacted_with:title,advertisers_you've_interacted_with.json,title,history_v2/title,"[""history_v2""]","[""title""]",list,string,ads_information/advertisers_you've_interacted_with.json,No,pre-trial,ads_information/advertisers_you've_interacted_with.json/history_v2/title
255,ads_information:advertisers_you've_interacted_with:action,Facebook,ads_information:advertisers_you've_interacted_with:action,advertisers_you've_interacted_with.json,action,history_v2/action,"[""history_v2""]","[""action""]",list,string,ads_information/advertisers_you've_interacted_with.json,No,pre-trial,ads_information/advertisers_you've_interacted_with.json/history_v2/action
256,ads_information:advertisers_you've_interacted_with:history_v2:timestamp,Facebook,ads_information:advertisers_you_ve_interacted_with:timestamp,advertisers_you've_interacted_with.json,timestamp,history_v2/timestamp,"[""history_v2""]","[""timestamp""]",list,number,ads_information/advertisers_you've_interacted_with.json,No,pre-trial,ads_information/advertisers_you've_interacted_with.json/history_v2/timestamp
257,ads_information:your_consent_settings:label,Facebook,ads_information:your_consent_settings:label,your_consent_settings.json,label,label_values/label,"[""label_values""]","[""label""]",list,string,ads_information/your_consent_settings.json,No,pre-trial,ads_information/your_consent_settings.json/label_values/label
258,ads_information:your_consent_settings:timestamp_value,Facebook,ads_information:your_consent_settings:timestamp_value,your_consent_settings.json,timestamp_value,label_values/timestamp_value,"[""label_values""]","[""timestamp_value""]",list,number,ads_information/your_consent_settings.json,No,pre-trial,ads_information/your_consent_settings.json/label_values/timestamp_value
259,ads_information:other_categories_used_to_reach_you:label,Facebook,ads_information:other_categories_used_to_reach_you:label,other_categories_used_to_reach_you.json,label,label_values/label,"[""label_values""]","[""label""]",list,string,ads_information/other_categories_used_to_reach_you.json,No,pre-trial,ads_information/other_categories_used_to_reach_you.json/label_values/label
260,ads_information:ads_personalization_consent:label,Facebook,ads_information:ads_personalization_consent:label,ads_personalization_consent.json,label,label_values/label,"[""label_values""]","[""label""]",list,string,ads_information/ads_personalization_consent.json,No,pre-trial,ads_information/ads_personalization_consent.json/label_values/label
261,ads_information:ads_personalization_consent:timestamp_value,Facebook,ads_information:ads_personalization_consent:timestamp_value,ads_personalization_consent.json,timestamp_value,label_values/timestamp_value,"[""label_values""]","[""timestamp_value""]",list,number,ads_information/ads_personalization_consent.json,No,pre-trial,ads_information/ads_personalization_consent.json/label_values/timestamp_value
262,ads_information:advertisers_using_your_activity_or_information:label,Facebook,ads_information:advertisers_using_your_activity_or_information:label,advertisers_using_your_activity_or_information.json,label,label_values/label,"[""label_values""]","[""label""]",list,string,ads_information/advertisers_using_your_activity_or_information.json,No,pre-trial,ads_information/advertisers_using_your_activity_or_information.json/label_values/label
263,ads_information:ads_about_meta:label,Facebook,ads_information:ads_about_meta:label,ads_about_meta.json,label,label_values/label,"[""label_values""]","[""label""]",list,string,ads_information/ads_about_meta.json,No,pre-trial,ads_information/ads_about_meta.json/label_values/label
264,ads_information:ads_about_meta:value,Facebook,ads_information:ads_about_meta:value,ads_about_meta.json,value,label_values/value,"[""label_values""]","[""value""]",list,string,ads_information/ads_about_meta.json,No,pre-trial,ads_information/ads_about_meta.json/label_values/value
265,ads_information:information_you've_submitted_to_advertisers:label,Facebook,ads_information:information_you've_submitted_to_advertisers:label,information_you've_submitted_to_advertisers.json,label,lead_gen_info_v2/label,"[""lead_gen_info_v2""]","[""label""]",list,string,ads_information/information_you've_submitted_to_advertisers.json,No,pre-trial,ads_information/information_you've_submitted_to_advertisers.json/lead_gen_info_v2/label
266,ads_information:information_you've_submitted_to_advertisers:value,Facebook,ads_information:information_you've_submitted_to_advertisers:value,information_you've_submitted_to_advertisers.json,value,lead_gen_info_v2/value,"[""lead_gen_info_v2""]","[""value""]",list,string,ads_information/information_you've_submitted_to_advertisers.json,No,pre-trial,ads_information/information_you've_submitted_to_advertisers.json/lead_gen_info_v2/value
267,ads_information:ads_feedback_activity:label,Facebook,ads_information:ads_feedback_activity:label,ads_feedback_activity.json,label,label_values/label,"[""label_values""]","[""label""]",list,string,ads_information/ads_feedback_activity.json,No,pre-trial,ads_information/ads_feedback_activity.json/label_values/label
268,ads_information:ads_feedback_activity:timestamp_value,Facebook,ads_information:ads_feedback_activity:timestamp_value,ads_feedback_activity.json,timestamp_value,label_values/timestamp_value,"[""label_values""]","[""timestamp_value""]",list,number,ads_information/ads_feedback_activity.json,No,pre-trial,ads_information/ads_feedback_activity.json/label_values/timestamp_value
269,ads_information:subscription_for_no_ads:label,Facebook,ads_information:subscription_for_no_ads:label,subscription_for_no_ads.json,label,label_values/label,"[""label_values""]","[""label""]",list,string,ads_information/subscription_for_no_ads.json,No,pre-trial,ads_information/subscription_for_no_ads.json/label_values/label
270,ads_information:subscription_for_no_ads:value,Facebook,ads_information:subscription_for_no_ads:value,subscription_for_no_ads.json,value,label_values/value,"[""label_values""]","[""value""]",list,string,ads_information/subscription_for_no_ads.json,No,pre-trial,ads_information/subscription_for_no_ads.json/label_values/value
271,preferences:preferences:privacy_settings:label_values:label,Facebook,preferences:preferences:privacy_settings:label_values:label,privacy_settings.json,label,label_values/label,"[""label_values""]","[""label""]",list,string,preferences/preferences/privacy_settings.json,No,pre-trial,preferences/preferences/privacy_settings.json/label_values/label
272,preferences:preferences:your_story_highlights:label_values:label,Facebook,preferences:preferences:your_story_highlights:label_values:label,your_story_highlights.json,label,label_values/label,"[""label_values""]","[""label""]",list,string,preferences/preferences/your_story_highlights.json,No,pre-trial,preferences/preferences/your_story_highlights.json/label_values/label
273,preferences:preferences:your_story_highlights:label_values:value,Facebook,preferences:preferences:your_story_highlights:label_values:value,your_story_highlights.json,value,label_values/value,"[""label_values""]","[""value""]",list,string,preferences/preferences/your_story_highlights.json,No,pre-trial,preferences/preferences/your_story_highlights.json/label_values/value
274,preferences:preferences:reels_preferences:label_values:label,Facebook,preferences:preferences:reels_preferences:label_values:label,reels_preferences.json,label,label_values/label,"[""label_values""]","[""label""]",list,string,preferences/preferences/reels_preferences.json,No,pre-trial,preferences/preferences/reels_preferences.json/label_values/label
275,preferences:preferences:reels_preferences:label_values:value,Facebook,preferences:preferences:reels_preferences:label_values:value,reels_preferences.json,value,label_values/value,"[""label_values""]","[""value""]",list,string,preferences/preferences/reels_preferences.json,No,pre-trial,preferences/preferences/reels_preferences.json/label_values/value
276,preferences:preferences:video:watch_videos_v2:video_title,Facebook,preferences:preferences:video:watch_videos_v2:video_title,video.json,video_title,watch_videos_v2/video_title,"[""watch_videos_v2""]","[""video_title""]",list,string,preferences/preferences/video.json,No,pre-trial,preferences/preferences/video.json/watch_videos_v2/video_title
277,preferences:preferences:video:watch_videos_v2:user_action,Facebook,preferences:preferences:video:watch_videos_v2:user_action,video.json,user_action,watch_videos_v2/user_action,"[""watch_videos_v2""]","[""user_action""]",list,string,preferences/preferences/video.json,No,pre-trial,preferences/preferences/video.json/watch_videos_v2/user_action
278,preferences:preferences:video:watch_videos_v2:action_time,Facebook,preferences:preferences:video:watch_videos_v2:action_time,video.json,action_time,watch_videos_v2/action_time,"[""watch_videos_v2""]","[""action_time""]",list,string,preferences/preferences/video.json,No,pre-trial,preferences/preferences/video.json/watch_videos_v2/action_time
279,preferences:preferences:video:watch_videos_v2:feedback_collection,Facebook,preferences:preferences:video:watch_videos_v2:feedback_collection,video.json,feedback_collection,watch_videos_v2/feedback_collection,"[""watch_videos_v2""]","[""feedback_collection""]",list,string,preferences/preferences/video.json,No,pre-trial,preferences/preferences/video.json/watch_videos_v2/feedback_collection
280,preferences:preferences:your_watch_settings:label_values:label,Facebook,preferences:preferences:your_watch_settings:label_values:label,your_watch_settings.json,label,label_values/label,"[""label_values""]","[""label""]",list,string,preferences/preferences/your_watch_settings.json,No,pre-trial,preferences/preferences/your_watch_settings.json/label_values/label
281,preferences:preferences:your_watch_settings:label_values:value,Facebook,preferences:preferences:your_watch_settings:label_values:value,your_watch_settings.json,value,label_values/value,"[""label_values""]","[""value""]",list,string,preferences/preferences/your_watch_settings.json,No,pre-trial,preferences/preferences/your_watch_settings.json/label_values/value
282,preferences:feed:controls:controls:name,Facebook,feed:controls:controls:name,controls.json,name,controls/name,"[""controls""]","[""name""]",list,string,preferences/feed/controls.json,No,pre-trial,preferences/feed/controls.json/controls/name
283,preferences:feed:controls:controls:description,Facebook,feed:controls:description,controls.json,description,controls/description,"[""controls""]","[""description""]",list,string,preferences/feed/controls.json,No,pre-trial,preferences/feed/controls.json/controls/description
284,feed:controls:entries,Facebook,feed:controls:entries,controls.json,entries,controls/entries,"[""controls""]","[""entries""]",list,array,preferences/feed/controls.json,Yes,pre-trial,preferences/feed/controls.json/controls/entries
285,preferences:feed:snooze:label_values:label,Facebook,feed:snooze:label,snooze.json,label,label_values/label,"[""label_values""]","[""label""]",list,string,preferences/feed/snooze.json,No,pre-trial,preferences/feed/snooze.json/label_values/label
286,preferences:feed:snooze:label_values:value,Facebook,feed:snooze:value,snooze.json,value,label_values/value,"[""label_values""]","[""value""]",list,string,preferences/feed/snooze.json,No,pre-trial,preferences/feed/snooze.json/label_values/value
287,feed:feed:people_and_friends_v2:name,Facebook,feed:feed:people_and_friends_v2:name,feed.json,name,people_and_friends_v2/name,"[""people_and_friends_v2""]","[""name""]",list,string,preferences/feed/feed.json,No,pre-trial,preferences/feed/feed.json/people_and_friends_v2/name
288,feed:feed:description,Facebook,feed:feed:description,feed.json,description,people_and_friends_v2/description,"[""people_and_friends_v2""]","[""description""]",list,string,preferences/feed/feed.json,No,pre-trial,preferences/feed/feed.json/people_and_friends_v2/description
289,followers:who_you've_followed:name,Facebook,followers:who_you've_followed:name,who_you've_followed.json,name,following_v3/name,"[""following_v3""]","[""name""]",list,string,connections/followers/who_you've_followed.json,No,pre-trial,connections/followers/who_you've_followed.json/following_v3/name
290,followers:who_you've_followed:timestamp,Facebook,followers:who_you've_followed:timestamp,who_you've_followed.json,timestamp,following_v3/timestamp,"[""following_v3""]","[""timestamp""]",list,number,connections/followers/who_you've_followed.json,No,pre-trial,connections/followers/who_you've_followed.json/following_v3/timestamp
291,friends:your_friends:name,Facebook,friends:your_friends:name,your_friends.json,name,friends_v2/name,"[""friends_v2""]","[""name""]",list,string,connections/friends/your_friends.json,No,pre-trial,connections/friends/your_friends.json/friends_v2/name
292,friends:your_friends:timestamp,Facebook,friends:your_friends:timestamp,your_friends.json,timestamp,friends_v2/timestamp,"[""friends_v2""]","[""timestamp""]",list,number,connections/friends/your_friends.json,No,pre-trial,connections/friends/your_friends.json/friends_v2/timestamp
293,your_facebook_activity:posts:your_videos:videos_v2:uri,Facebook,posts:your_videos:uri,your_videos.json,uri,videos_v2/uri,"[""videos_v2""]","[""uri""]",list,string,your_facebook_activity/posts/your_videos.json,No,pre-trial,your_facebook_activity/posts/your_videos.json/videos_v2/uri
294,your_facebook_activity:posts:your_videos:videos_v2:creation_timestamp,Facebook,posts:your_videos:creation_timestamp,your_videos.json,creation_timestamp,videos_v2/creation_timestamp,"[""videos_v2""]","[""creation_timestamp""]",list,number,your_facebook_activity/posts/your_videos.json,No,pre-trial,your_facebook_activity/posts/your_videos.json/videos_v2/creation_timestamp
295,your_facebook_activity:posts:your_videos:videos_v2:title,Facebook,posts:your_videos:title,your_videos.json,title,videos_v2/title,"[""videos_v2""]","[""title""]",list,string,your_facebook_activity/posts/your_videos.json,No,pre-trial,your_facebook_activity/posts/your_videos.json/videos_v2/title
296,your_facebook_activity:posts:your_videos:videos_v2:description,Facebook,posts:your_videos:description,your_videos.json,description,videos_v2/description,"[""videos_v2""]","[""description""]",list,string,your_facebook_activity/posts/your_videos.json,No,pre-trial,your_facebook_activity/posts/your_videos.json/videos_v2/description
297,your_facebook_activity:posts:your_videos:videos_v2:dubbing_info,Facebook,posts:your_videos:dubbing_info,your_videos.json,dubbing_info,videos_v2/dubbing_info,"[""videos_v2""]","[""dubbing_info""]",list,array,your_facebook_activity/posts/your_videos.json,No,pre-trial,your_facebook_activity/posts/your_videos.json/videos_v2/dubbing_info
298,your_facebook_activity:posts:your_videos:videos_v2:media_variants,Facebook,posts:your_videos:media_variants,your_videos.json,media_variants,videos_v2/media_variants,"[""videos_v2""]","[""media_variants""]",list,array,your_facebook_activity/posts/your_videos.json,No,pre-trial,your_facebook_activity/posts/your_videos.json/videos_v2/media_variants
299,your_facebook_activity:other_activity:your_recently_followed_history:label_values:label,Facebook,your_facebook_activity:other_activity:your_recently_followed_history:label_values:label,your_recently_followed_history.json,label,label_values/label,"[""label_values""]","[""label""]",list,string,your_facebook_activity/other_activity/your_recently_followed_history.json,No,pre-trial,your_facebook_activity/other_activity/your_recently_followed_history.json/label_values/label
300,your_facebook_activity:other_activity:your_video_consumption_summary:label_values:label,Facebook,other_activity:your_video_consumption_summary:label,your_video_consumption_summary.json,label,label_values/label,"[""label_values""]","[""label""]",list,string,your_facebook_activity/other_activity/your_video_consumption_summary.json,No,pre-trial,your_facebook_activity/other_activity/your_video_consumption_summary.json/label_values/label
301,your_facebook_activity:comments_and_reactions:comments:comments_v2:timestamp,Facebook,comments_and_reactions:comments:comments_v2:timestamp,comments.json,timestamp,comments_v2/timestamp,"[""comments_v2""]","[""timestamp""]",list,number,your_facebook_activity/comments_and_reactions/comments.json,No,pre-trial,your_facebook_activity/comments_and_reactions/comments.json/comments_v2/timestamp
302,your_facebook_activity:polls:polls_you_voted_on:poll_votes_v2:timestamp,Facebook,your_facebook_activity:polls:polls_you_voted_on:poll_votes_v2:timestamp,polls_you_voted_on.json,timestamp,poll_votes_v2/timestamp,"[""poll_votes_v2""]","[""timestamp""]",list,number,your_facebook_activity/polls/polls_you_voted_on.json,No,pre-trial,your_facebook_activity/polls/polls_you_voted_on.json/poll_votes_v2/timestamp
303,your_facebook_activity:polls:polls_you_voted_on:poll_votes_v2:title,Facebook,your_facebook_activity:polls:polls_you_voted_on:poll_votes_v2:title,polls_you_voted_on.json,title,poll_votes_v2/title,"[""poll_votes_v2""]","[""title""]",list,string,your_facebook_activity/polls/polls_you_voted_on.json,No,pre-trial,your_facebook_activity/polls/polls_you_voted_on.json/poll_votes_v2/title
304,your_facebook_activity:groups:your_comments_in_groups:group_comments_v2:timestamp,Facebook,groups:your_comments_in_groups:group_comments_v2:timestamp,your_comments_in_groups.json,timestamp,group_comments_v2/timestamp,"[""group_comments_v2""]","[""timestamp""]",list,number,your_facebook_activity/groups/your_comments_in_groups.json,No,pre-trial,your_facebook_activity/groups/your_comments_in_groups.json/group_comments_v2/timestamp
305,your_facebook_activity:groups:your_group_membership_activity:groups_joined_v2:timestamp,Facebook,groups:your_group_membership_activity:timestamp,your_group_membership_activity.json,timestamp,groups_joined_v2/timestamp,"[""groups_joined_v2""]","[""timestamp""]",list,number,your_facebook_activity/groups/your_group_membership_activity.json,No,pre-trial,your_facebook_activity/groups/your_group_membership_activity.json/groups_joined_v2/timestamp
306,your_facebook_activity:groups:your_group_membership_activity:groups_joined_v2:title,Facebook,groups:your_group_membership_activity:title,your_group_membership_activity.json,title,groups_joined_v2/title,"[""groups_joined_v2""]","[""title""]",list,string,your_facebook_activity/groups/your_group_membership_activity.json,No,pre-trial,your_facebook_activity/groups/your_group_membership_activity.json/groups_joined_v2/title
307,groups:your_pending_posts_in_groups:timestamp,Facebook,groups:your_pending_posts_in_groups:timestamp,your_pending_posts_in_groups.json,timestamp,pending_posts_v2/timestamp,"[""pending_posts_v2""]","[""timestamp""]",list,number,your_facebook_activity/groups/your_pending_posts_in_groups.json,No,pre-trial,your_facebook_activity/groups/your_pending_posts_in_groups.json/pending_posts_v2/timestamp
308,your_facebook_activity:groups:your_groups:groups_admined_v2:name,Facebook,your_facebook_activity:groups:your_groups:groups_admined_v2:name,your_groups.json,name,groups_admined_v2/name,"[""groups_admined_v2""]","[""name""]",list,string,your_facebook_activity/groups/your_groups.json,No,pre-trial,your_facebook_activity/groups/your_groups.json/groups_admined_v2/name
309,your_facebook_activity:groups:your_groups:groups_admined_v2:timestamp,Facebook,your_facebook_activity:groups:your_groups:groups_admined_v2:timestamp,your_groups.json,timestamp,groups_admined_v2/timestamp,"[""groups_admined_v2""]","[""timestamp""]",list,number,your_facebook_activity/groups/your_groups.json,No,pre-trial,your_facebook_activity/groups/your_groups.json/groups_admined_v2/timestamp
310,groups:join_requests:label_values:title,Facebook,groups:join_requests:label_values:title,join_requests.json,title,label_values/title,"[""label_values""]","[""title""]",list,string,your_facebook_activity/groups/join_requests.json,No,pre-trial,your_facebook_activity/groups/join_requests.json/label_values/title
311,saved_items_and_collections:collections:label,Facebook,saved_items_and_collections:collections:label,collections.json,label,label_values/label,"[""label_values""]","[""label""]",list,string,your_facebook_activity/saved_items_and_collections/collections.json,No,pre-trial,your_facebook_activity/saved_items_and_collections/collections.json/label_values/label
312,saved_items_and_collections:collections:value,Facebook,saved_items_and_collections:collections:value,collections.json,value,label_values/value,"[""label_values""]","[""value""]",list,string,your_facebook_activity/saved_items_and_collections/collections.json,No,pre-trial,your_facebook_activity/saved_items_and_collections/collections.json/label_values/value
313,your_facebook_activity:saved_items_and_collections:your_saved_items:saves_v2:timestamp,Facebook,saved_items_and_collections:your_saved_items:timestamp,your_saved_items.json,timestamp,saves_v2/timestamp,"[""saves_v2""]","[""timestamp""]",list,number,your_facebook_activity/saved_items_and_collections/your_saved_items.json,No,pre-trial,your_facebook_activity/saved_items_and_collections/your_saved_items.json/saves_v2/timestamp
314,your_facebook_activity:saved_items_and_collections:your_saved_items:saves_v2:title,Facebook,saved_items_and_collections:your_saved_items:title,your_saved_items.json,title,saves_v2/title,"[""saves_v2""]","[""title""]",list,string,your_facebook_activity/saved_items_and_collections/your_saved_items.json,No,pre-trial,your_facebook_activity/saved_items_and_collections/your_saved_items.json/saves_v2/title
315,stories:archived_stories:timestamp,Facebook,stories:archived_stories:timestamp,archived_stories.json,timestamp,archived_stories_v2/timestamp,"[""archived_stories_v2""]","[""timestamp""]",list,number,your_facebook_activity/stories/archived_stories.json,No,pre-trial,your_facebook_activity/stories/archived_stories.json/archived_stories_v2/timestamp
316,stories:archived_stories:archived_stories_v2:title,Facebook,stories:archived_stories:archived_stories_v2:title,archived_stories.json,title,archived_stories_v2/title,"[""archived_stories_v2""]","[""title""]",list,string,your_facebook_activity/stories/archived_stories.json,No,pre-trial,your_facebook_activity/stories/archived_stories.json/archived_stories_v2/title
317,your_facebook_activity:stories:story_reactions:stories_feedback_v2:title,Facebook,stories:story_reactions:title,story_reactions.json,title,stories_feedback_v2/title,"[""stories_feedback_v2""]","[""title""]",list,string,your_facebook_activity/stories/story_reactions.json,No,pre-trial,your_facebook_activity/stories/story_reactions.json/stories_feedback_v2/title
318,pages:your_pages:name,Facebook,pages:your_pages:name,your_pages.json,name,pages_v2/name,"[""pages_v2""]","[""name""]",list,string,your_facebook_activity/pages/your_pages.json,No,pre-trial,your_facebook_activity/pages/your_pages.json/pages_v2/name
319,pages:your_pages:timestamp,Facebook,pages:your_pages:timestamp,your_pages.json,timestamp,pages_v2/timestamp,"[""pages_v2""]","[""timestamp""]",list,number,your_facebook_activity/pages/your_pages.json,No,pre-trial,your_facebook_activity/pages/your_pages.json/pages_v2/timestamp
320,pages:your_pages:url,Facebook,pages:your_pages:url,your_pages.json,url,pages_v2/url,"[""pages_v2""]","[""url""]",list,string,your_facebook_activity/pages/your_pages.json,No,pre-trial,your_facebook_activity/pages/your_pages.json/pages_v2/url
321,your_facebook_activity:pages:pages_you've_liked:page_likes_v2:name,Facebook,pages:pages_you've_liked:name,pages_you've_liked.json,name,page_likes_v2/name,"[""page_likes_v2""]","[""name""]",list,string,your_facebook_activity/pages/pages_you've_liked.json,No,pre-trial,your_facebook_activity/pages/pages_you've_liked.json/page_likes_v2/name
322,your_facebook_activity:pages:pages_you've_liked:page_likes_v2:timestamp,Facebook,pages:pages_you've_liked:timestamp,pages_you've_liked.json,timestamp,page_likes_v2/timestamp,"[""page_likes_v2""]","[""timestamp""]",list,number,your_facebook_activity/pages/pages_you've_liked.json,No,pre-trial,your_facebook_activity/pages/pages_you've_liked.json/page_likes_v2/timestamp
323,your_facebook_activity:pages:pages_you've_liked:page_likes_v2:url,Facebook,pages:pages_you've_liked:url,pages_you've_liked.json,url,page_likes_v2/url,"[""page_likes_v2""]","[""url""]",list,string,your_facebook_activity/pages/pages_you've_liked.json,No,pre-trial,your_facebook_activity/pages/pages_you've_liked.json/page_likes_v2/url
324,pages:admin_activity:label,Facebook,pages:admin_activity:label,admin_activity.json,label,label_values/label,"[""label_values""]","[""label""]",list,string,your_facebook_activity/pages/admin_activity.json,No,pre-trial,your_facebook_activity/pages/admin_activity.json/label_values/label
325,pages:admin_activity:value,Facebook,pages:admin_activity:value,admin_activity.json,value,label_values/value,"[""label_values""]","[""value""]",list,string,your_facebook_activity/pages/admin_activity.json,No,pre-trial,your_facebook_activity/pages/admin_activity.json/label_values/value
326,pages:admin_activity:href,Facebook,pages:admin_activity:href,admin_activity.json,href,label_values/href,"[""label_values""]","[""href""]",list,string,your_facebook_activity/pages/admin_activity.json,No,pre-trial,your_facebook_activity/pages/admin_activity.json/label_values/href
327,pages:pages_and_profiles_you've_recommended:name,Facebook,pages:pages_and_profiles_you've_recommended:name,pages_and_profiles_you've_recommended.json,name,recommended_pages_v2/name,"[""recommended_pages_v2""]","[""name""]",list,string,your_facebook_activity/pages/pages_and_profiles_you've_recommended.json,No,pre-trial,your_facebook_activity/pages/pages_and_profiles_you've_recommended.json/recommended_pages_v2/name
328,pages:pages_and_profiles_you've_recommended:timestamp,Facebook,pages:pages_and_profiles_you've_recommended:timestamp,pages_and_profiles_you've_recommended.json,timestamp,recommended_pages_v2/timestamp,"[""recommended_pages_v2""]","[""timestamp""]",list,number,your_facebook_activity/pages/pages_and_profiles_you've_recommended.json,No,pre-trial,your_facebook_activity/pages/pages_and_profiles_you've_recommended.json/recommended_pages_v2/timestamp
329,pages:pages_and_profiles_you've_recommended:url,Facebook,pages:pages_and_profiles_you've_recommended:url,pages_and_profiles_you've_recommended.json,url,recommended_pages_v2/url,"[""recommended_pages_v2""]","[""url""]",list,string,your_facebook_activity/pages/pages_and_profiles_you've_recommended.json,No,pre-trial,your_facebook_activity/pages/pages_and_profiles_you've_recommended.json/recommended_pages_v2/url
330,pages:pages_and_profiles_you've_unfollowed:timestamp,Facebook,pages:pages_and_profiles_you've_unfollowed:timestamp,pages_and_profiles_you've_unfollowed.json,timestamp,pages_unfollowed_v2/timestamp,"[""pages_unfollowed_v2""]","[""timestamp""]",list,number,your_facebook_activity/pages/pages_and_profiles_you've_unfollowed.json,No,pre-trial,your_facebook_activity/pages/pages_and_profiles_you've_unfollowed.json/pages_unfollowed_v2/timestamp
331,pages:pages_and_profiles_you've_unfollowed:title,Facebook,pages:pages_and_profiles_you've_unfollowed:title,pages_and_profiles_you've_unfollowed.json,title,pages_unfollowed_v2/title,"[""pages_unfollowed_v2""]","[""title""]",list,string,your_facebook_activity/pages/pages_and_profiles_you've_unfollowed.json,No,pre-trial,your_facebook_activity/pages/pages_and_profiles_you've_unfollowed.json/pages_unfollowed_v2/title
332,your_facebook_activity:pages:pages_and_profiles_you_follow:pages_followed_v2:timestamp,Facebook,pages:pages_and_profiles_you_follow:timestamp,pages_and_profiles_you_follow.json,timestamp,pages_followed_v2/timestamp,"[""pages_followed_v2""]","[""timestamp""]",list,number,your_facebook_activity/pages/pages_and_profiles_you_follow.json,No,pre-trial,your_facebook_activity/pages/pages_and_profiles_you_follow.json/pages_followed_v2/timestamp
333,your_facebook_activity:pages:pages_and_profiles_you_follow:pages_followed_v2:title,Facebook,pages:pages_and_profiles_you_follow:title,pages_and_profiles_you_follow.json,title,pages_followed_v2/title,"[""pages_followed_v2""]","[""title""]",list,string,your_facebook_activity/pages/pages_and_profiles_you_follow.json,No,pre-trial,your_facebook_activity/pages/pages_and_profiles_you_follow.json/pages_followed_v2/title
334,other_logged_information:facebook_reels_usage_information:label_values:label,Facebook,other_logged_information:facebook_reels_usage_information:label_values:label,facebook_reels_usage_information.json,label,label_values/label,"[""label_values""]","[""label""]",list,string,logged_information/other_logged_information/facebook_reels_usage_information.json,No,pre-trial,logged_information/other_logged_information/facebook_reels_usage_information.json/label_values/label
335,other_logged_information:your_facebook_watch_activity_in_the_last_28_days:label,Facebook,other_logged_information:your_facebook_watch_activity_in_the_last_28_days:label,your_facebook_watch_activity_in_the_last_28_days.json,label,label_values/label,"[""label_values""]","[""label""]",list,string,logged_information/other_logged_information/your_facebook_watch_activity_in_the_last_28_days.json,No,pre-trial,logged_information/other_logged_information/your_facebook_watch_activity_in_the_last_28_days.json/label_values/label
336,other_logged_information:your_facebook_watch_activity_in_the_last_28_days:value,Facebook,other_logged_information:your_facebook_watch_activity_in_the_last_28_days:value,your_facebook_watch_activity_in_the_last_28_days.json,value,label_values/value,"[""label_values""]","[""value""]",list,string,logged_information/other_logged_information/your_facebook_watch_activity_in_the_last_28_days.json,No,pre-trial,logged_information/other_logged_information/your_facebook_watch_activity_in_the_last_28_days.json/label_values/value
337,other_logged_information:consents:label,Facebook,other_logged_information:consents:label,consents.json,label,label_values/label,"[""label_values""]","[""label""]",list,string,logged_information/other_logged_information/consents.json,No,pre-trial,logged_information/other_logged_information/consents.json/label_values/label
338,activity_messages:people_and_friends:people_interactions_v2:name,Facebook,activity_messages:people_and_friends:people_interactions_v2:name,people_and_friends.json,name,people_interactions_v2/name,"[""people_interactions_v2""]","[""name""]",list,string,logged_information/activity_messages/people_and_friends.json,No,pre-trial,logged_information/activity_messages/people_and_friends.json/people_interactions_v2/name
339,activity_messages:people_and_friends:description,Facebook,activity_messages:people_and_friends:description,people_and_friends.json,description,people_interactions_v2/description,"[""people_interactions_v2""]","[""description""]",list,string,logged_information/activity_messages/people_and_friends.json,No,pre-trial,logged_information/activity_messages/people_and_friends.json/people_interactions_v2/description
340,your_facebook_activity:groups:group_posts_and_comments:group_posts_v2:timestamp,Facebook,groups:group_posts_and_comments:timestamp,group_posts_and_comments.json,timestamp,group_posts_v2/timestamp,"[""group_posts_v2""]","[""timestamp""]",list,number,your_facebook_activity/groups/group_posts_and_comments.json,No,pre-trial,your_facebook_activity/groups/group_posts_and_comments.json/group_posts_v2/timestamp
341,your_facebook_activity:groups:group_posts_and_comments:group_posts_v2:title,Facebook,groups:group_posts_and_comments:group_posts_v2:title,group_posts_and_comments.json,title,group_posts_v2/title,"[""group_posts_v2""]","[""title""]",list,string,your_facebook_activity/groups/group_posts_and_comments.json,No,pre-trial,your_facebook_activity/groups/group_posts_and_comments.json/group_posts_v2/title
342,interactions:recently_viewed:recently_viewed:name,Facebook,interactions:recently_viewed:recently_viewed:name,recently_viewed.json,name,recently_viewed/name,"[""recently_viewed""]","[""name""]",list,string,logged_information/interactions/recently_viewed.json,No,pre-trial,logged_information/interactions/recently_viewed.json/recently_viewed/name
343,interactions:recently_viewed:recently_viewed:description,Facebook,interactions:recently_viewed:recently_viewed:description,recently_viewed.json,description,recently_viewed/description,"[""recently_viewed""]","[""description""]",list,string,logged_information/interactions/recently_viewed.json,No,pre-trial,logged_information/interactions/recently_viewed.json/recently_viewed/description
344,interactions:recently_visited:visited_things_v2:name,Facebook,interactions:recently_visited:visited_things_v2:name,recently_visited.json,name,visited_things_v2/name,"[""visited_things_v2""]","[""name""]",list,string,logged_information/interactions/recently_visited.json,No,pre-trial,logged_information/interactions/recently_visited.json/visited_things_v2/name
345,interactions:recently_visited:description,Facebook,interactions:recently_visited:description,recently_visited.json,description,visited_things_v2/description,"[""visited_things_v2""]","[""description""]",list,string,logged_information/interactions/recently_visited.json,No,pre-trial,logged_information/interactions/recently_visited.json/visited_things_v2/description
346,search:your_search_history:timestamp,Facebook,search:your_search_history:timestamp,your_search_history.json,timestamp,searches_v2/timestamp,"[""searches_v2""]","[""timestamp""]",list,number,logged_information/search/your_search_history.json,No,pre-trial,logged_information/search/your_search_history.json/searches_v2/timestamp
347,search:your_search_history:title,Facebook,search:your_search_history:title,your_search_history.json,title,searches_v2/title,"[""searches_v2""]","[""title""]",list,string,logged_information/search/your_search_history.json,No,pre-trial,logged_information/search/your_search_history.json/searches_v2/title
348,ads_information:your_pages_mentions:label,Facebook,ads_information:your_pages_mentions:label,your_pages_mentions.json,label,label_values/label,"[""label_values""]","[""label""]",list,string,ads_information/your_pages_mentions.json,No,pre-trial,ads_information/your_pages_mentions.json/label_values/label
349,ads_information:your_pages_mentions:vec,Facebook,ads_information:your_pages_mentions:vec,your_pages_mentions.json,vec,label_values/vec,"[""label_values""]","[""vec""]",list,array,ads_information/your_pages_mentions.json,No,pre-trial,ads_information/your_pages_mentions.json/label_values/vec
350,friends:your_post_audiences:label,Facebook,friends:your_post_audiences:label,your_post_audiences.json,label,label_values/label,"[""label_values""]","[""label""]",list,string,connections/friends/your_post_audiences.json,No,pre-trial,connections/friends/your_post_audiences.json/label_values/label
351,friends:your_post_audiences:value,Facebook,friends:your_post_audiences:value,your_post_audiences.json,value,label_values/value,"[""label_values""]","[""value""]",list,string,connections/friends/your_post_audiences.json,No,pre-trial,connections/friends/your_post_audiences.json/label_values/value
352,your_facebook_activity:posts:posts_on_other_pages_and_profiles:label_values:label,Facebook,your_facebook_activity:posts:posts_on_other_pages_and_profiles:label_values:label,posts_on_other_pages_and_profiles.json,label,label_values/label,"[""label_values""]","[""label""]",list,string,your_facebook_activity/posts/posts_on_other_pages_and_profiles.json,No,pre-trial,your_facebook_activity/posts/posts_on_other_pages_and_profiles.json/label_values/label
353,your_facebook_activity:posts:posts_on_other_pages_and_profiles:label_values:value,Facebook,your_facebook_activity:posts:posts_on_other_pages_and_profiles:label_values:value,posts_on_other_pages_and_profiles.json,value,label_values/value,"[""label_values""]","[""value""]",list,string,your_facebook_activity/posts/posts_on_other_pages_and_profiles.json,No,pre-trial,your_facebook_activity/posts/posts_on_other_pages_and_profiles.json/label_values/value
354,your_facebook_activity:posts:your_posts__check_ins__photos_and_videos_1:data:update_timestamp,Facebook,your_facebook_activity:posts:your_posts__check_ins__photos_and_videos_1:data:update_timestamp,your_posts__check_ins__photos_and_videos_1.json,update_timestamp,data/update_timestamp,"[""data""]","[""update_timestamp""]",list,number,your_facebook_activity/posts/your_posts__check_ins__photos_and_videos_1.json,No,pre-trial,your_facebook_activity/posts/your_posts__check_ins__photos_and_videos_1.json/data/update_timestamp
355,your_facebook_activity:posts:content_sharing_links_you_have_created:label_values:label,Facebook,your_facebook_activity:posts:content_sharing_links_you_have_created:label_values:label,content_sharing_links_you_have_created.json,label,label_values/label,"[""label_values""]","[""label""]",list,string,your_facebook_activity/posts/content_sharing_links_you_have_created.json,No,pre-trial,your_facebook_activity/posts/content_sharing_links_you_have_created.json/label_values/label
356,your_facebook_activity:posts:content_sharing_links_you_have_created:label_values:value,Facebook,your_facebook_activity:posts:content_sharing_links_you_have_created:label_values:value,content_sharing_links_you_have_created.json,value,label_values/value,"[""label_values""]","[""value""]",list,string,your_facebook_activity/posts/content_sharing_links_you_have_created.json,No,pre-trial,your_facebook_activity/posts/content_sharing_links_you_have_created.json/label_values/value
357,your_facebook_activity:posts:content_sharing_links_you_have_created:label_values:href,Facebook,your_facebook_activity:posts:content_sharing_links_you_have_created:label_values:href,content_sharing_links_you_have_created.json,href,label_values/href,"[""label_values""]","[""href""]",list,string,your_facebook_activity/posts/content_sharing_links_you_have_created.json,No,pre-trial,your_facebook_activity/posts/content_sharing_links_you_have_created.json/label_values/href
358,your_facebook_activity:posts:edits_you_made_to_posts:label_values:label,Facebook,posts:edits_you_made_to_posts:label,edits_you_made_to_posts.json,label,label_values/label,"[""label_values""]","[""label""]",list,string,your_facebook_activity/posts/edits_you_made_to_posts.json,No,pre-trial,your_facebook_activity/posts/edits_you_made_to_posts.json/label_values/label
359,your_facebook_activity:posts:edits_you_made_to_posts:label_values:value,Facebook,posts:edits_you_made_to_posts:value,edits_you_made_to_posts.json,value,label_values/value,"[""label_values""]","[""value""]",list,string,your_facebook_activity/posts/edits_you_made_to_posts.json,No,pre-trial,your_facebook_activity/posts/edits_you_made_to_posts.json/label_values/value
360,your_facebook_activity:other_activity:time_spent_on_facebook:label_values:label,Facebook,other_activity:time_spent_on_facebook:label_values:label,time_spent_on_facebook.json,label,label_values/label,"[""label_values""]","[""label""]",list,string,your_facebook_activity/other_activity/time_spent_on_facebook.json,No,pre-trial,your_facebook_activity/other_activity/time_spent_on_facebook.json/label_values/label
361,your_facebook_activity:comments_and_reactions:your_comment_edits:label_values:label,Facebook,comments_and_reactions:your_comment_edits:label,your_comment_edits.json,label,label_values/label,"[""label_values""]","[""label""]",list,string,your_facebook_activity/comments_and_reactions/your_comment_edits.json,No,pre-trial,your_facebook_activity/comments_and_reactions/your_comment_edits.json/label_values/label
362,your_facebook_activity:comments_and_reactions:your_comment_edits:label_values:value,Facebook,comments_and_reactions:your_comment_edits:value,your_comment_edits.json,value,label_values/value,"[""label_values""]","[""value""]",list,string,your_facebook_activity/comments_and_reactions/your_comment_edits.json,No,pre-trial,your_facebook_activity/comments_and_reactions/your_comment_edits.json/label_values/value
363,polls:your_poll_votes:label,Facebook,polls:your_poll_votes:label_values:label,your_poll_votes.json,label,label_values/label,"[""label_values""]","[""label""]",list,string,your_facebook_activity/polls/your_poll_votes.json,No,pre-trial,your_facebook_activity/polls/your_poll_votes.json/label_values/label
364,polls:your_poll_votes:value,Facebook,polls:your_poll_votes:label_values:value,your_poll_votes.json,value,label_values/value,"[""label_values""]","[""value""]",list,string,your_facebook_activity/polls/your_poll_votes.json,No,pre-trial,your_facebook_activity/polls/your_poll_votes.json/label_values/value
365,groups:your_actions_on_violating_content_in_your_groups:label,Facebook,groups:your_actions_on_violating_content_in_your_groups:label,your_actions_on_violating_content_in_your_groups.json,label,label_values/label,"[""label_values""]","[""label""]",list,string,your_facebook_activity/groups/your_actions_on_violating_content_in_your_groups.json,No,pre-trial,your_facebook_activity/groups/your_actions_on_violating_content_in_your_groups.json/label_values/label
366,groups:group_invites_you've_received:label,Facebook,groups:group_invites_you've_received:label,group_invites_you've_received.json,label,label_values/label,"[""label_values""]","[""label""]",list,string,your_facebook_activity/groups/group_invites_you've_received.json,No,pre-trial,your_facebook_activity/groups/group_invites_you've_received.json/label_values/label
367,groups:group_invites_you've_received:timestamp_value,Facebook,groups:group_invites_you've_received:timestamp_value,group_invites_you've_received.json,timestamp_value,label_values/timestamp_value,"[""label_values""]","[""timestamp_value""]",list,number,your_facebook_activity/groups/group_invites_you've_received.json,No,pre-trial,your_facebook_activity/groups/group_invites_you've_received.json/label_values/timestamp_value
368,groups:group_invites_you've_sent:label,Facebook,groups:group_invites_you've_sent:label,group_invites_you've_sent.json,label,label_values/label,"[""label_values""]","[""label""]",list,string,your_facebook_activity/groups/group_invites_you've_sent.json,No,pre-trial,your_facebook_activity/groups/group_invites_you've_sent.json/label_values/label
369,groups:group_invites_you've_sent:value,Facebook,groups:group_invites_you've_sent:value,group_invites_you've_sent.json,value,label_values/value,"[""label_values""]","[""value""]",list,string,your_facebook_activity/groups/group_invites_you've_sent.json,No,pre-trial,your_facebook_activity/groups/group_invites_you've_sent.json/label_values/value
370,interactions:groups_you've_visited:label,Facebook,your_interactions_on_facebook:groups_you_ve_visited:label,groups_you've_visited.json,label,label_values/label,"[""label_values""]","[""label""]",list,string,logged_information/interactions/groups_you've_visited.json,No,pre-trial,logged_information/interactions/groups_you've_visited.json/label_values/label
371,interactions:groups_you've_visited:value,Facebook,your_interactions_on_facebook:groups_you_ve_visited:value,groups_you've_visited.json,value,label_values/value,"[""label_values""]","[""value""]",list,string,logged_information/interactions/groups_you've_visited.json,No,pre-trial,logged_information/interactions/groups_you've_visited.json/label_values/value
372,your_facebook_activity:comments_and_reactions:likes_and_reactions:label_values:label,Facebook,comments_and_reactions:likes_and_reactions:label_values:label,likes_and_reactions.json,label,label_values/label,"[""label_values""]","[""label""]",list,string,your_facebook_activity/comments_and_reactions/likes_and_reactions.json,No,pre-trial,your_facebook_activity/comments_and_reactions/likes_and_reactions.json/label_values/label
373,your_facebook_activity:comments_and_reactions:likes_and_reactions:label_values:value,Facebook,comments_and_reactions:likes_and_reactions:label_values:value,likes_and_reactions.json,value,label_values/value,"[""label_values""]","[""value""]",list,string,your_facebook_activity/comments_and_reactions/likes_and_reactions.json,No,pre-trial,your_facebook_activity/comments_and_reactions/likes_and_reactions.json/label_values/value
374,apps_and_websites_off_of_facebook:your_activity_off_meta_technologies:id,Facebook,apps_and_websites_off_of_facebook:your_activity_off_meta_technologies:id,your_activity_off_meta_technologies.json,id,off_facebook_activity_v2/events/id,"[""off_facebook_activity_v2"", ""events""]","[""id""]",list,number,apps_and_websites_off_of_facebook/your_activity_off_meta_technologies.json,No,pre-trial,apps_and_websites_off_of_facebook/your_activity_off_meta_technologies.json/off_facebook_activity_v2/events/id
375,apps_and_websites_off_of_facebook:your_activity_off_meta_technologies:type,Facebook,apps_and_websites_off_of_facebook:your_activity_off_meta_technologies:type,your_activity_off_meta_technologies.json,type,off_facebook_activity_v2/events/type,"[""off_facebook_activity_v2"", ""events""]","[""type""]",list,string,apps_and_websites_off_of_facebook/your_activity_off_meta_technologies.json,No,pre-trial,apps_and_websites_off_of_facebook/your_activity_off_meta_technologies.json/off_facebook_activity_v2/events/type
376,apps_and_websites_off_of_facebook:your_activity_off_meta_technologies:timestamp,Facebook,apps_and_websites_off_of_facebook:your_activity_off_meta_technologies:timestamp,your_activity_off_meta_technologies.json,timestamp,off_facebook_activity_v2/events/timestamp,"[""off_facebook_activity_v2"", ""events""]","[""timestamp""]",list,number,apps_and_websites_off_of_facebook/your_activity_off_meta_technologies.json,No,pre-trial,apps_and_websites_off_of_facebook/your_activity_off_meta_technologies.json/off_facebook_activity_v2/events/timestamp
377,ads_information:other_categories_used_to_reach_you:value,Facebook,ads_information:other_categories_used_to_reach_you:value,other_categories_used_to_reach_you.json,value,label_values/vec/value,"[""label_values"", ""vec""]","[""value""]",list,string,ads_information/other_categories_used_to_reach_you.json,No,pre-trial,ads_information/other_categories_used_to_reach_you.json/label_values/vec/value
378,ads_information:advertisers_using_your_activity_or_information:value,Facebook,ads_information:advertisers_using_your_activity_or_information:value,advertisers_using_your_activity_or_information.json,value,label_values/vec/value,"[""label_values"", ""vec""]","[""value""]",list,string,ads_information/advertisers_using_your_activity_or_information.json,No,pre-trial,ads_information/advertisers_using_your_activity_or_information.json/label_values/vec/value
379,preferences:preferences:privacy_settings:label_values:dict:label,Facebook,preferences:preferences:privacy_settings:label_values:dict:label,privacy_settings.json,label,label_values/dict/label,"[""label_values"", ""dict""]","[""label""]",list,string,preferences/preferences/privacy_settings.json,No,pre-trial,preferences/preferences/privacy_settings.json/label_values/dict/label
380,preferences:preferences:privacy_settings:label_values:dict:value,Facebook,preferences:preferences:privacy_settings:label_values:dict:value,privacy_settings.json,value,label_values/dict/value,"[""label_values"", ""dict""]","[""value""]",list,string,preferences/preferences/privacy_settings.json,No,pre-trial,preferences/preferences/privacy_settings.json/label_values/dict/value
381,feed:feed:timestamp,Facebook,feed:feed:timestamp,feed.json,timestamp,people_and_friends_v2/entries/timestamp,"[""people_and_friends_v2"", ""entries""]","[""timestamp""]",list,number,preferences/feed/feed.json,No,pre-trial,preferences/feed/feed.json/people_and_friends_v2/entries/timestamp
382,groups:your_pending_posts_in_groups:post,Facebook,groups:your_pending_posts_in_groups:post,your_pending_posts_in_groups.json,post,pending_posts_v2/data/post,"[""pending_posts_v2"", ""data""]","[""post""]",list,string,your_facebook_activity/groups/your_pending_posts_in_groups.json,No,pre-trial,your_facebook_activity/groups/your_pending_posts_in_groups.json/pending_posts_v2/data/post
383,groups:join_requests:dict:title,Facebook,groups:join_requests:dict:title,join_requests.json,title,label_values/dict/title,"[""label_values"", ""dict""]","[""title""]",list,string,your_facebook_activity/groups/join_requests.json,No,pre-trial,your_facebook_activity/groups/join_requests.json/label_values/dict/title
384,pages:pages_and_profiles_you've_unfollowed:name,Facebook,pages:pages_and_profiles_you've_unfollowed:name,pages_and_profiles_you've_unfollowed.json,name,pages_unfollowed_v2/data/name,"[""pages_unfollowed_v2"", ""data""]","[""name""]",list,string,your_facebook_activity/pages/pages_and_profiles_you've_unfollowed.json,No,pre-trial,your_facebook_activity/pages/pages_and_profiles_you've_unfollowed.json/pages_unfollowed_v2/data/name
385,your_facebook_activity:pages:pages_and_profiles_you_follow:pages_followed_v2:data:name,Facebook,pages:pages_and_profiles_you_follow:name,pages_and_profiles_you_follow.json,name,pages_followed_v2/data/name,"[""pages_followed_v2"", ""data""]","[""name""]",list,string,your_facebook_activity/pages/pages_and_profiles_you_follow.json,No,pre-trial,your_facebook_activity/pages/pages_and_profiles_you_follow.json/pages_followed_v2/data/name
386,other_logged_information:facebook_reels_usage_information:dict:label,Facebook,other_logged_information:facebook_reels_usage_information:dict:label,facebook_reels_usage_information.json,label,label_values/dict/label,"[""label_values"", ""dict""]","[""label""]",list,string,logged_information/other_logged_information/facebook_reels_usage_information.json,No,pre-trial,logged_information/other_logged_information/facebook_reels_usage_information.json/label_values/dict/label
387,other_logged_information:facebook_reels_usage_information:value,Facebook,other_logged_information:facebook_reels_usage_information:value,facebook_reels_usage_information.json,value,label_values/dict/value,"[""label_values"", ""dict""]","[""value""]",list,string,logged_information/other_logged_information/facebook_reels_usage_information.json,No,pre-trial,logged_information/other_logged_information/facebook_reels_usage_information.json/label_values/dict/value
388,activity_messages:people_and_friends:entries:timestamp,Facebook,activity_messages:people_and_friends:entries:timestamp,people_and_friends.json,timestamp,people_interactions_v2/entries/timestamp,"[""people_interactions_v2"", ""entries""]","[""timestamp""]",list,number,logged_information/activity_messages/people_and_friends.json,No,pre-trial,logged_information/activity_messages/people_and_friends.json/people_interactions_v2/entries/timestamp
389,interactions:recently_viewed:children:name,Facebook,interactions:recently_viewed:children:name,recently_viewed.json,name,recently_viewed/children/name,"[""recently_viewed"", ""children""]","[""name""]",list,string,logged_information/interactions/recently_viewed.json,No,pre-trial,logged_information/interactions/recently_viewed.json/recently_viewed/children/name
390,interactions:recently_viewed:children:description,Facebook,interactions:recently_viewed:children:description,recently_viewed.json,description,recently_viewed/children/description,"[""recently_viewed"", ""children""]","[""description""]",list,string,logged_information/interactions/recently_viewed.json,No,pre-trial,logged_information/interactions/recently_viewed.json/recently_viewed/children/description
391,interactions:recently_visited:timestamp,Facebook,interactions:recently_visited:timestamp,recently_visited.json,timestamp,visited_things_v2/entries/timestamp,"[""visited_things_v2"", ""entries""]","[""timestamp""]",list,number,logged_information/interactions/recently_visited.json,No,pre-trial,logged_information/interactions/recently_visited.json/visited_things_v2/entries/timestamp
392,search:your_search_history:searches_v2:data:text,Facebook,search:your_search_history:searches_v2:data:text,your_search_history.json,text,searches_v2/data/text,"[""searches_v2"", ""data""]","[""text""]",list,string,logged_information/search/your_search_history.json,No,pre-trial,logged_information/search/your_search_history.json/searches_v2/data/text
393,comments_and_reactions:likes_and_reactions_3:reaction,Facebook,comments_and_reactions:likes_and_reactions_3:reaction,likes_and_reactions_3.json,reaction,data/reaction/reaction,"[""data""]","[""reaction"", ""reaction""]",list,string,your_facebook_activity/comments_and_reactions/likes_and_reactions_3.json,No,pre-trial,your_facebook_activity/comments_and_reactions/likes_and_reactions_3.json/data/reaction/reaction
394,comments_and_reactions:likes_and_reactions_2:reaction,Facebook,comments_and_reactions:likes_and_reactions_2:reaction,likes_and_reactions_2.json,reaction,data/reaction/reaction,"[""data""]","[""reaction"", ""reaction""]",list,string,your_facebook_activity/comments_and_reactions/likes_and_reactions_2.json,No,pre-trial,your_facebook_activity/comments_and_reactions/likes_and_reactions_2.json/data/reaction/reaction
395,your_facebook_activity:comments_and_reactions:likes_and_reactions_1:data:reaction:reaction,Facebook,comments_and_reactions:likes_and_reactions_1:reaction,likes_and_reactions_1.json,reaction,data/reaction/reaction,"[""data""]","[""reaction"", ""reaction""]",list,string,your_facebook_activity/comments_and_reactions/likes_and_reactions_1.json,No,pre-trial,your_facebook_activity/comments_and_reactions/likes_and_reactions_1.json/data/reaction/reaction
396,feed:feed:data:name,Facebook,feed:feed:data:name,feed.json,name,people_and_friends_v2/entries/data/name,"[""people_and_friends_v2"", ""entries""]","[""data"", ""name""]",list,string,preferences/feed/feed.json,No,pre-trial,preferences/feed/feed.json/people_and_friends_v2/entries/data/name
397,feed:feed:uri,Facebook,feed:feed:uri,feed.json,uri,people_and_friends_v2/entries/data/uri,"[""people_and_friends_v2"", ""entries""]","[""data"", ""uri""]",list,string,preferences/feed/feed.json,No,pre-trial,preferences/feed/feed.json/people_and_friends_v2/entries/data/uri
398,your_facebook_activity:other_activity:your_recently_followed_history:label_values:vec:dict:label,Facebook,your_facebook_activity:other_activity:your_recently_followed_history:label_values:vec:dict:label,your_recently_followed_history.json,label,label_values/vec/dict/label,"[""label_values"", ""vec"", ""dict""]","[""label""]",list,string,your_facebook_activity/other_activity/your_recently_followed_history.json,No,pre-trial,your_facebook_activity/other_activity/your_recently_followed_history.json/label_values/vec/dict/label
399,your_facebook_activity:other_activity:your_recently_followed_history:label_values:vec:dict:value,Facebook,your_facebook_activity:other_activity:your_recently_followed_history:label_values:vec:dict:value,your_recently_followed_history.json,value,label_values/vec/dict/value,"[""label_values"", ""vec"", ""dict""]","[""value""]",list,string,your_facebook_activity/other_activity/your_recently_followed_history.json,No,pre-trial,your_facebook_activity/other_activity/your_recently_followed_history.json/label_values/vec/dict/value
400,your_facebook_activity:comments_and_reactions:comments:comments_v2:data:comment:timestamp,Facebook,comments_and_reactions:comments:comment:timestamp,comments.json,timestamp,comments_v2/data/comment/timestamp,"[""comments_v2"", ""data""]","[""comment"", ""timestamp""]",list,number,your_facebook_activity/comments_and_reactions/comments.json,No,pre-trial,your_facebook_activity/comments_and_reactions/comments.json/comments_v2/data/comment/timestamp
401,your_facebook_activity:comments_and_reactions:comments:comments_v2:data:comment:comment,Facebook,comments_and_reactions:comments:comment,comments.json,comment,comments_v2/data/comment/comment,"[""comments_v2"", ""data""]","[""comment"", ""comment""]",list,string,your_facebook_activity/comments_and_reactions/comments.json,No,pre-trial,your_facebook_activity/comments_and_reactions/comments.json/comments_v2/data/comment/comment
402,your_facebook_activity:groups:your_comments_in_groups:group_comments_v2:data:comment:timestamp,Facebook,groups:your_comments_in_groups:comment:timestamp,your_comments_in_groups.json,timestamp,group_comments_v2/data/comment/timestamp,"[""group_comments_v2"", ""data""]","[""comment"", ""timestamp""]",list,number,your_facebook_activity/groups/your_comments_in_groups.json,No,pre-trial,your_facebook_activity/groups/your_comments_in_groups.json/group_comments_v2/data/comment/timestamp
403,your_facebook_activity:groups:your_comments_in_groups:group_comments_v2:data:comment:comment,Facebook,groups:your_comments_in_groups:comment,your_comments_in_groups.json,comment,group_comments_v2/data/comment/comment,"[""group_comments_v2"", ""data""]","[""comment"", ""comment""]",list,string,your_facebook_activity/groups/your_comments_in_groups.json,No,pre-trial,your_facebook_activity/groups/your_comments_in_groups.json/group_comments_v2/data/comment/comment
404,your_facebook_activity:groups:your_comments_in_groups:group_comments_v2:data:comment:group,Facebook,groups:your_comments_in_groups:group,your_comments_in_groups.json,group,group_comments_v2/data/comment/group,"[""group_comments_v2"", ""data""]","[""comment"", ""group""]",list,string,your_facebook_activity/groups/your_comments_in_groups.json,No,pre-trial,your_facebook_activity/groups/your_comments_in_groups.json/group_comments_v2/data/comment/group
405,groups:join_requests:label,Facebook,groups:join_requests:label,join_requests.json,label,label_values/dict/dict/label,"[""label_values"", ""dict"", ""dict""]","[""label""]",list,string,your_facebook_activity/groups/join_requests.json,No,pre-trial,your_facebook_activity/groups/join_requests.json/label_values/dict/dict/label
406,groups:join_requests:value,Facebook,groups:join_requests:value,join_requests.json,value,label_values/dict/dict/value,"[""label_values"", ""dict"", ""dict""]","[""value""]",list,string,your_facebook_activity/groups/join_requests.json,No,pre-trial,your_facebook_activity/groups/join_requests.json/label_values/dict/dict/value
407,activity_messages:people_and_friends:data:name,Facebook,activity_messages:people_and_friends:data:name,people_and_friends.json,name,people_interactions_v2/entries/data/name,"[""people_interactions_v2"", ""entries""]","[""data"", ""name""]",list,string,logged_information/activity_messages/people_and_friends.json,No,pre-trial,logged_information/activity_messages/people_and_friends.json/people_interactions_v2/entries/data/name
408,activity_messages:people_and_friends:uri,Facebook,activity_messages:people_and_friends:uri,people_and_friends.json,uri,people_interactions_v2/entries/data/uri,"[""people_interactions_v2"", ""entries""]","[""data"", ""uri""]",list,string,logged_information/activity_messages/people_and_friends.json,No,pre-trial,logged_information/activity_messages/people_and_friends.json/people_interactions_v2/entries/data/uri
409,interactions:recently_viewed:children:entries:timestamp,Facebook,interactions:recently_viewed:children:entries:timestamp,recently_viewed.json,timestamp,recently_viewed/children/entries/timestamp,"[""recently_viewed"", ""children"", ""entries""]","[""timestamp""]",list,number,logged_information/interactions/recently_viewed.json,No,pre-trial,logged_information/interactions/recently_viewed.json/recently_viewed/children/entries/timestamp
410,interactions:recently_visited:data:name,Facebook,interactions:recently_visited:data:name,recently_visited.json,name,visited_things_v2/entries/data/name,"[""visited_things_v2"", ""entries""]","[""data"", ""name""]",list,string,logged_information/interactions/recently_visited.json,No,pre-trial,logged_information/interactions/recently_visited.json/visited_things_v2/entries/data/name
411,interactions:recently_visited:uri,Facebook,interactions:recently_visited:uri,recently_visited.json,uri,visited_things_v2/entries/data/uri,"[""visited_things_v2"", ""entries""]","[""data"", ""uri""]",list,string,logged_information/interactions/recently_visited.json,No,pre-trial,logged_information/interactions/recently_visited.json/visited_things_v2/entries/data/uri
412,search:your_search_history:attachments:data:text,Facebook,search:your_search_history:attachments:data:text,your_search_history.json,text,searches_v2/attachments/data/text,"[""searches_v2"", ""attachments"", ""data""]","[""text""]",list,string,logged_information/search/your_search_history.json,No,pre-trial,logged_information/search/your_search_history.json/searches_v2/attachments/data/text
413,your_facebook_activity:posts:your_posts__check_ins__photos_and_videos_1:attachments:data:external_context:url,Facebook,your_facebook_activity:posts:your_posts__check_ins__photos_and_videos_1:attachments:data:external_context:url,your_posts__check_ins__photos_and_videos_1.json,url,attachments/data/external_context/url,"[""attachments"", ""data""]","[""external_context"", ""url""]",list,string,your_facebook_activity/posts/your_posts__check_ins__photos_and_videos_1.json,No,pre-trial,your_facebook_activity/posts/your_posts__check_ins__photos_and_videos_1.json/attachments/data/external_context/url
414,your_facebook_activity:other_activity:time_spent_on_facebook:label_values:vec:dict:label,Facebook,other_activity:time_spent_on_facebook:vec:dict:label,time_spent_on_facebook.json,label,label_values/vec/dict/label,"[""label_values"", ""vec"", ""dict""]","[""label""]",list,string,your_facebook_activity/other_activity/time_spent_on_facebook.json,No,pre-trial,your_facebook_activity/other_activity/time_spent_on_facebook.json/label_values/vec/dict/label
415,your_facebook_activity:other_activity:time_spent_on_facebook:label_values:vec:dict:timestamp_value,Facebook,other_activity:time_spent_on_facebook:dict:timestamp_value,time_spent_on_facebook.json,timestamp_value,label_values/vec/dict/timestamp_value,"[""label_values"", ""vec"", ""dict""]","[""timestamp_value""]",list,number,your_facebook_activity/other_activity/time_spent_on_facebook.json,No,pre-trial,your_facebook_activity/other_activity/time_spent_on_facebook.json/label_values/vec/dict/timestamp_value
416,your_facebook_activity:posts:your_videos:videos_v2:media_metadata:video_metadata:exif_data:upload_timestamp,Facebook,posts:your_videos:upload_timestamp,your_videos.json,upload_timestamp,videos_v2/media_metadata/video_metadata/exif_data/upload_timestamp,"[""videos_v2"", ""media_metadata"", ""video_metadata"", ""exif_data""]","[""upload_timestamp""]",list,number,your_facebook_activity/posts/your_videos.json,No,pre-trial,your_facebook_activity/posts/your_videos.json/videos_v2/media_metadata/video_metadata/exif_data/upload_timestamp
417,stories:archived_stories:uri,Facebook,stories:archived_stories:uri,archived_stories.json,uri,archived_stories_v2/attachments/data/media/uri,"[""archived_stories_v2"", ""attachments"", ""data""]","[""media"", ""uri""]",list,string,your_facebook_activity/stories/archived_stories.json,No,pre-trial,your_facebook_activity/stories/archived_stories.json/archived_stories_v2/attachments/data/media/uri
418,stories:archived_stories:creation_timestamp,Facebook,stories:archived_stories:creation_timestamp,archived_stories.json,creation_timestamp,archived_stories_v2/attachments/data/media/creation_timestamp,"[""archived_stories_v2"", ""attachments"", ""data""]","[""media"", ""creation_timestamp""]",list,number,your_facebook_activity/stories/archived_stories.json,No,pre-trial,your_facebook_activity/stories/archived_stories.json/archived_stories_v2/attachments/data/media/creation_timestamp
419,interactions:recently_viewed:children:entries:data:name,Facebook,interactions:recently_viewed:children:entries:data:name,recently_viewed.json,name,recently_viewed/children/entries/data/name,"[""recently_viewed"", ""children"", ""entries""]","[""data"", ""name""]",list,string,logged_information/interactions/recently_viewed.json,No,pre-trial,logged_information/interactions/recently_viewed.json/recently_viewed/children/entries/data/name
420,interactions:recently_viewed:children:entries:data:uri,Facebook,interactions:recently_viewed:children:entries:data:uri,recently_viewed.json,uri,recently_viewed/children/entries/data/uri,"[""recently_viewed"", ""children"", ""entries""]","[""data"", ""uri""]",list,string,logged_information/interactions/recently_viewed.json,No,pre-trial,logged_information/interactions/recently_viewed.json/recently_viewed/children/entries/data/uri
421,interactions:recently_viewed:watch_time,Facebook,interactions:recently_viewed:watch_time,recently_viewed.json,watch_time,recently_viewed/children/entries/data/watch_time,"[""recently_viewed"", ""children"", ""entries""]","[""data"", ""watch_time""]",list,string,logged_information/interactions/recently_viewed.json,No,pre-trial,logged_information/interactions/recently_viewed.json/recently_viewed/children/entries/data/watch_time
422,your_facebook_activity:polls:polls_you_voted_on:attachments:data:poll:options:option,Facebook,your_facebook_activity:polls:polls_you_voted_on:attachments:data:poll:options:option,polls_you_voted_on.json,option,poll_votes_v2/attachments/data/poll/options/option,"[""poll_votes_v2"", ""attachments"", ""data"", ""poll"", ""options""]","[""option""]",list,string,your_facebook_activity/polls/polls_you_voted_on.json,No,pre-trial,your_facebook_activity/polls/polls_you_voted_on.json/poll_votes_v2/attachments/data/poll/options/option
423,your_facebook_activity:polls:polls_you_voted_on:attachments:data:poll:options:voted,Facebook,your_facebook_activity:polls:polls_you_voted_on:attachments:data:poll:options:voted,polls_you_voted_on.json,voted,poll_votes_v2/attachments/data/poll/options/voted,"[""poll_votes_v2"", ""attachments"", ""data"", ""poll"", ""options""]","[""voted""]",list,boolean,your_facebook_activity/polls/polls_you_voted_on.json,No,pre-trial,your_facebook_activity/polls/polls_you_voted_on.json/poll_votes_v2/attachments/data/poll/options/voted
424,groups:your_actions_on_violating_content_in_your_groups:media,Facebook,groups:your_actions_on_violating_content_in_your_groups:media,your_actions_on_violating_content_in_your_groups.json,media,media,,"[""media""]",static,array,your_facebook_activity/groups/your_actions_on_violating_content_in_your_groups.json,Yes,pre-trial,your_facebook_activity/groups/your_actions_on_violating_content_in_your_groups.json/media
425,groups:your_actions_on_violating_content_in_your_groups:fbid,Facebook,groups:your_actions_on_violating_content_in_your_groups:fbid,your_actions_on_violating_content_in_your_groups.json,fbid,fbid,,"[""fbid""]",static,string,your_facebook_activity/groups/your_actions_on_violating_content_in_your_groups.json,Yes,pre-trial,your_facebook_activity/groups/your_actions_on_violating_content_in_your_groups.json/fbid
426,your_facebook_activity:comments_and_reactions:your_comment_active_days:media,Facebook,comments_and_reactions:your_comment_active_days:media,your_comment_active_days.json,media,media,,"[""media""]",static,array,your_facebook_activity/comments_and_reactions/your_comment_active_days.json,No,pre-trial,your_facebook_activity/comments_and_reactions/your_comment_active_days.json/media
427,your_facebook_activity:comments_and_reactions:your_comment_active_days:fbid,Facebook,comments_and_reactions:your_comment_active_days:fbid,your_comment_active_days.json,fbid,fbid,,"[""fbid""]",static,string,your_facebook_activity/comments_and_reactions/your_comment_active_days.json,No,pre-trial,your_facebook_activity/comments_and_reactions/your_comment_active_days.json/fbid
428,preferences:video:timestamp,Facebook,preferences:video:timestamp,video.json,timestamp,timestamp,,"[""timestamp""]",static,number,preferences/preferences/video.json,No,pre-trial,preferences/preferences/video.json/timestamp
429,preferences:video:media,Facebook,preferences:video:media,video.json,media,media,,"[""media""]",static,array,preferences/preferences/video.json,Yes,pre-trial,preferences/preferences/video.json/media
430,preferences:video:fbid,Facebook,preferences:video:fbid,video.json,fbid,fbid,,"[""fbid""]",static,string,preferences/preferences/video.json,No,pre-trial,preferences/preferences/video.json/fbid
431,ads_information:advertisers_you've_interacted_with:timestamp,Facebook,ads_information:advertisers_you've_interacted_with:timestamp,advertisers_you've_interacted_with.json,timestamp,timestamp,[],"[""timestamp""]",list,number,ads_information/advertisers_you've_interacted_with.json,No,pre-trial,ads_information/advertisers_you've_interacted_with.json/timestamp
432,ads_information:advertisers_you've_interacted_with:timestamp,Facebook,ads_information:advertisers_you_ve_interacted_with:timestamp,advertisers_you've_interacted_with.json,timestamp,timestamp,[],"[""timestamp""]",list,number,ads_information/advertisers_you've_interacted_with.json,No,pre-trial,ads_information/advertisers_you've_interacted_with.json/timestamp
433,ads_information:advertisers_you've_interacted_with:media,Facebook,ads_information:advertisers_you've_interacted_with:media,advertisers_you've_interacted_with.json,media,media,[],"[""media""]",list,array,ads_information/advertisers_you've_interacted_with.json,No,pre-trial,ads_information/advertisers_you've_interacted_with.json/media
434,ads_information:advertisers_you've_interacted_with:fbid,Facebook,ads_information:advertisers_you've_interacted_with:fbid,advertisers_you've_interacted_with.json,fbid,fbid,[],"[""fbid""]",list,string,ads_information/advertisers_you've_interacted_with.json,No,pre-trial,ads_information/advertisers_you've_interacted_with.json/fbid
435,ads_information:your_recent_reported_conversions:media,Facebook,ads_information:your_recent_reported_conversions:media,your_recent_reported_conversions.json,media,media,[],"[""media""]",list,array,ads_information/your_recent_reported_conversions.json,Yes,pre-trial,ads_information/your_recent_reported_conversions.json/media
436,ads_information:your_recent_reported_conversions:fbid,Facebook,ads_information:your_recent_reported_conversions:fbid,your_recent_reported_conversions.json,fbid,fbid,[],"[""fbid""]",list,string,ads_information/your_recent_reported_conversions.json,No,pre-trial,ads_information/your_recent_reported_conversions.json/fbid
437,your_interactions_on_facebook:groups_you've_visited:timestamp,Facebook,your_interactions_on_facebook:groups_you_ve_visited:timestamp,groups_you've_visited.json,timestamp,timestamp,[],"[""timestamp""]",list,number,logged_information/your_interactions_on_facebook/groups_you've_visited.json,No,pre-trial,logged_information/your_interactions_on_facebook/groups_you've_visited.json/timestamp
438,your_interactions_on_facebook:groups_you've_visited:media,Facebook,your_interactions_on_facebook:groups_you_ve_visited:media,groups_you've_visited.json,media,media,[],"[""media""]",list,array,logged_information/your_interactions_on_facebook/groups_you've_visited.json,No,pre-trial,logged_information/your_interactions_on_facebook/groups_you've_visited.json/media
439,your_interactions_on_facebook:groups_you've_visited:fbid,Facebook,your_interactions_on_facebook:groups_you_ve_visited:fbid,groups_you've_visited.json,fbid,fbid,[],"[""fbid""]",list,string,logged_information/your_interactions_on_facebook/groups_you've_visited.json,No,pre-trial,logged_information/your_interactions_on_facebook/groups_you've_visited.json/fbid
440,apps_and_websites_off_of_facebook:your_activity_off_meta_technologies:title,Facebook,apps_and_websites_off_of_facebook:your_activity_off_meta_technologies:title,your_activity_off_meta_technologies.json,title,title,[],"[""title""]",list,string,apps_and_websites_off_of_facebook/your_activity_off_meta_technologies.json,No,pre-trial,apps_and_websites_off_of_facebook/your_activity_off_meta_technologies.json/title
441,apps_and_websites_off_of_facebook:your_activity_off_meta_technologies:media,Facebook,apps_and_websites_off_of_facebook:your_activity_off_meta_technologies:media,your_activity_off_meta_technologies.json,media,media,[],"[""media""]",list,array,apps_and_websites_off_of_facebook/your_activity_off_meta_technologies.json,No,pre-trial,apps_and_websites_off_of_facebook/your_activity_off_meta_technologies.json/media
442,apps_and_websites_off_of_facebook:your_activity_off_meta_technologies:fbid,Facebook,apps_and_websites_off_of_facebook:your_activity_off_meta_technologies:fbid,your_activity_off_meta_technologies.json,fbid,fbid,[],"[""fbid""]",list,string,apps_and_websites_off_of_facebook/your_activity_off_meta_technologies.json,No,pre-trial,apps_and_websites_off_of_facebook/your_activity_off_meta_technologies.json/fbid
443,your_facebook_activity:comments_and_reactions:your_comment_active_days:label_values:label,Facebook,comments_and_reactions:your_comment_active_days:label,your_comment_active_days.json,label,label_values/label,"[""label_values""]","[""label""]",list,string,your_facebook_activity/comments_and_reactions/your_comment_active_days.json,No,pre-trial,your_facebook_activity/comments_and_reactions/your_comment_active_days.json/label_values/label
444,your_facebook_activity:comments_and_reactions:your_comment_active_days:label_values:value,Facebook,comments_and_reactions:your_comment_active_days:value,your_comment_active_days.json,value,label_values/value,"[""label_values""]","[""value""]",list,string,your_facebook_activity/comments_and_reactions/your_comment_active_days.json,No,pre-trial,your_facebook_activity/comments_and_reactions/your_comment_active_days.json/label_values/value
445,preferences:video:label_values:label,Facebook,preferences:video:label_values:label,video.json,label,label_values/label,"[""label_values""]","[""label""]",list,string,preferences/preferences/video.json,No,pre-trial,preferences/preferences/video.json/label_values/label
446,preferences:video:label_values:value,Facebook,preferences:video:label_values:value,video.json,value,label_values/value,"[""label_values""]","[""value""]",list,string,preferences/preferences/video.json,No,pre-trial,preferences/preferences/video.json/label_values/value
447,your_interactions_on_facebook:recently_visited:visited_things_v2:name,Facebook,interactions:recently_visited:visited_things_v2:name,recently_visited.json,name,visited_things_v2/name,"[""visited_things_v2""]","[""name""]",list,string,logged_information/your_interactions_on_facebook/recently_visited.json,No,pre-trial,logged_information/your_interactions_on_facebook/recently_visited.json/visited_things_v2/name
448,your_interactions_on_facebook:recently_visited:description,Facebook,interactions:recently_visited:description,recently_visited.json,description,visited_things_v2/description,"[""visited_things_v2""]","[""description""]",list,string,logged_information/your_interactions_on_facebook/recently_visited.json,No,pre-trial,logged_information/your_interactions_on_facebook/recently_visited.json/visited_things_v2/description
449,your_interactions_on_facebook:recently_viewed:recently_viewed:name,Facebook,interactions:recently_viewed:recently_viewed:name,recently_viewed.json,name,recently_viewed/name,"[""recently_viewed""]","[""name""]",list,string,logged_information/your_interactions_on_facebook/recently_viewed.json,No,pre-trial,logged_information/your_interactions_on_facebook/recently_viewed.json/recently_viewed/name
450,your_interactions_on_facebook:recently_viewed:recently_viewed:description,Facebook,interactions:recently_viewed:recently_viewed:description,recently_viewed.json,description,recently_viewed/description,"[""recently_viewed""]","[""description""]",list,string,logged_information/your_interactions_on_facebook/recently_viewed.json,No,pre-trial,logged_information/your_interactions_on_facebook/recently_viewed.json/recently_viewed/description
451,ads_information:advertisers_you've_interacted_with:label,Facebook,ads_information:advertisers_you've_interacted_with:label,advertisers_you've_interacted_with.json,label,label_values/label,"[""label_values""]","[""label""]",list,string,ads_information/advertisers_you've_interacted_with.json,No,pre-trial,ads_information/advertisers_you've_interacted_with.json/label_values/label
452,ads_information:your_recent_reported_conversions:label,Facebook,ads_information:your_recent_reported_conversions:label,your_recent_reported_conversions.json,label,label_values/label,"[""label_values""]","[""label""]",list,string,ads_information/your_recent_reported_conversions.json,No,pre-trial,ads_information/your_recent_reported_conversions.json/label_values/label
453,ads_information:your_recent_reported_conversions:timestamp_value,Facebook,ads_information:your_recent_reported_conversions:timestamp_value,your_recent_reported_conversions.json,timestamp_value,label_values/timestamp_value,"[""label_values""]","[""timestamp_value""]",list,number,ads_information/your_recent_reported_conversions.json,No,pre-trial,ads_information/your_recent_reported_conversions.json/label_values/timestamp_value
454,your_interactions_on_facebook:groups_you've_visited:label,Facebook,your_interactions_on_facebook:groups_you_ve_visited:label,groups_you've_visited.json,label,label_values/label,"[""label_values""]","[""label""]",list,string,logged_information/your_interactions_on_facebook/groups_you've_visited.json,No,pre-trial,logged_information/your_interactions_on_facebook/groups_you've_visited.json/label_values/label
455,your_interactions_on_facebook:groups_you've_visited:value,Facebook,your_interactions_on_facebook:groups_you_ve_visited:value,groups_you've_visited.json,value,label_values/value,"[""label_values""]","[""value""]",list,string,logged_information/your_interactions_on_facebook/groups_you've_visited.json,No,pre-trial,logged_information/your_interactions_on_facebook/groups_you've_visited.json/label_values/value
456,apps_and_websites_off_of_facebook:your_activity_off_meta_technologies:label_values:label,Facebook,apps_and_websites_off_of_facebook:your_activity_off_meta_technologies:label_values:label,your_activity_off_meta_technologies.json,label,label_values/label,"[""label_values""]","[""label""]",list,string,apps_and_websites_off_of_facebook/your_activity_off_meta_technologies.json,No,pre-trial,apps_and_websites_off_of_facebook/your_activity_off_meta_technologies.json/label_values/label
457,your_facebook_activity:groups:group_posts_and_comments:group_posts_v2:data:post,Facebook,groups:group_posts_and_comments:post,group_posts_and_comments.json,post,group_posts_v2/data/post,"[""group_posts_v2"", ""data""]","[""post""]",list,string,your_facebook_activity/groups/group_posts_and_comments.json,No,pre-trial,your_facebook_activity/groups/group_posts_and_comments.json/group_posts_v2/data/post
458,your_facebook_activity:groups:your_group_membership_activity:groups_joined_v2:data:name,Facebook,groups:your_group_membership_activity:name,your_group_membership_activity.json,name,groups_joined_v2/data/name,"[""groups_joined_v2"", ""data""]","[""name""]",list,string,your_facebook_activity/groups/your_group_membership_activity.json,No,pre-trial,your_facebook_activity/groups/your_group_membership_activity.json/groups_joined_v2/data/name
459,your_interactions_on_facebook:recently_visited:timestamp,Facebook,interactions:recently_visited:timestamp,recently_visited.json,timestamp,visited_things_v2/entries/timestamp,"[""visited_things_v2"", ""entries""]","[""timestamp""]",list,number,logged_information/your_interactions_on_facebook/recently_visited.json,No,pre-trial,logged_information/your_interactions_on_facebook/recently_visited.json/visited_things_v2/entries/timestamp
460,profile_information:profile_information:verified,Facebook,profile_information:profile_information:verified,profile_information.json,verified,profile_v2/phone_numbers/verified,"[""profile_v2"", ""phone_numbers""]","[""verified""]",list,boolean,personal_information/profile_information/profile_information.json,No,pre-trial,personal_information/profile_information/profile_information.json/profile_v2/phone_numbers/verified
461,your_interactions_on_facebook:recently_viewed:recently_viewed:entries:timestamp,Facebook,interactions:recently_viewed:recently_viewed:entries:timestamp,recently_viewed.json,timestamp,recently_viewed/entries/timestamp,"[""recently_viewed"", ""entries""]","[""timestamp""]",list,number,logged_information/your_interactions_on_facebook/recently_viewed.json,No,pre-trial,logged_information/your_interactions_on_facebook/recently_viewed.json/recently_viewed/entries/timestamp
462,your_interactions_on_facebook:recently_visited:data:name,Facebook,interactions:recently_visited:data:name,recently_visited.json,name,visited_things_v2/entries/data/name,"[""visited_things_v2"", ""entries""]","[""data"", ""name""]",list,string,logged_information/your_interactions_on_facebook/recently_visited.json,No,pre-trial,logged_information/your_interactions_on_facebook/recently_visited.json/visited_things_v2/entries/data/name
463,your_interactions_on_facebook:recently_visited:uri,Facebook,interactions:recently_visited:uri,recently_visited.json,uri,visited_things_v2/entries/data/uri,"[""visited_things_v2"", ""entries""]","[""data"", ""uri""]",list,string,logged_information/your_interactions_on_facebook/recently_visited.json,No,pre-trial,logged_information/your_interactions_on_facebook/recently_visited.json/visited_things_v2/entries/data/uri
464,your_interactions_on_facebook:recently_viewed:recently_viewed:entries:data:name,Facebook,interactions:recently_viewed:recently_viewed:entries:data:name,recently_viewed.json,name,recently_viewed/entries/data/name,"[""recently_viewed"", ""entries""]","[""data"", ""name""]",list,string,logged_information/your_interactions_on_facebook/recently_viewed.json,No,pre-trial,logged_information/your_interactions_on_facebook/recently_viewed.json/recently_viewed/entries/data/name
465,your_interactions_on_facebook:recently_viewed:recently_viewed:entries:data:uri,Facebook,interactions:recently_viewed:recently_viewed:entries:data:uri,recently_viewed.json,uri,recently_viewed/entries/data/uri,"[""recently_viewed"", ""entries""]","[""data"", ""uri""]",list,string,logged_information/your_interactions_on_facebook/recently_viewed.json,No,pre-trial,logged_information/your_interactions_on_facebook/recently_viewed.json/recently_viewed/entries/data/uri
466,apps_and_websites_off_of_facebook:your_activity_off_meta_technologies:dict:label,Facebook,apps_and_websites_off_of_facebook:your_activity_off_meta_technologies:dict:label,your_activity_off_meta_technologies.json,label,label_values/vec/dict/label,"[""label_values"", ""vec"", ""dict""]","[""label""]",list,string,apps_and_websites_off_of_facebook/your_activity_off_meta_technologies.json,No,pre-trial,apps_and_websites_off_of_facebook/your_activity_off_meta_technologies.json/label_values/vec/dict/label
467,apps_and_websites_off_of_facebook:your_activity_off_meta_technologies:value,Facebook,apps_and_websites_off_of_facebook:your_activity_off_meta_technologies:value,your_activity_off_meta_technologies.json,value,label_values/vec/dict/value,"[""label_values"", ""vec"", ""dict""]","[""value""]",list,string,apps_and_websites_off_of_facebook/your_activity_off_meta_technologies.json,No,pre-trial,apps_and_websites_off_of_facebook/your_activity_off_meta_technologies.json/label_values/vec/dict/value
468,stories:archived_stories:media:title,Facebook,stories:archived_stories:media:title,archived_stories.json,title,archived_stories_v2/attachments/data/media/title,"[""archived_stories_v2"", ""attachments"", ""data""]","[""media"", ""title""]",list,string,your_facebook_activity/stories/archived_stories.json,No,pre-trial,your_facebook_activity/stories/archived_stories.json/archived_stories_v2/attachments/data/media/title
469,stories:archived_stories:description,Facebook,stories:archived_stories:description,archived_stories.json,description,archived_stories_v2/attachments/data/media/description,"[""archived_stories_v2"", ""attachments"", ""data""]","[""media"", ""description""]",list,string,your_facebook_activity/stories/archived_stories.json,No,pre-trial,your_facebook_activity/stories/archived_stories.json/archived_stories_v2/attachments/data/media/description
470,stories:archived_stories:dubbing_info,Facebook,stories:archived_stories:dubbing_info,archived_stories.json,dubbing_info,archived_stories_v2/attachments/data/media/dubbing_info,"[""archived_stories_v2"", ""attachments"", ""data""]","[""media"", ""dubbing_info""]",list,array,your_facebook_activity/stories/archived_stories.json,No,pre-trial,your_facebook_activity/stories/archived_stories.json/archived_stories_v2/attachments/data/media/dubbing_info
471,stories:archived_stories:media_variants,Facebook,stories:archived_stories:media_variants,archived_stories.json,media_variants,archived_stories_v2/attachments/data/media/media_variants,"[""archived_stories_v2"", ""attachments"", ""data""]","[""media"", ""media_variants""]",list,array,your_facebook_activity/stories/archived_stories.json,No,pre-trial,your_facebook_activity/stories/archived_stories.json/archived_stories_v2/attachments/data/media/media_variants
472,groups:group_invites_you've_received:timestamp,Facebook,groups:group_invites_you've_received:timestamp,group_invites_you've_received.json,timestamp,timestamp,,"[""timestamp""]",static,number,your_facebook_activity/groups/group_invites_you've_received.json,Yes,pre-trial,your_facebook_activity/groups/group_invites_you've_received.json/timestamp
473,groups:group_invites_you've_received:media,Facebook,groups:group_invites_you've_received:media,group_invites_you've_received.json,media,media,,"[""media""]",static,array,your_facebook_activity/groups/group_invites_you've_received.json,Yes,pre-trial,your_facebook_activity/groups/group_invites_you've_received.json/media
474,groups:group_invites_you've_received:fbid,Facebook,groups:group_invites_you've_received:fbid,group_invites_you've_received.json,fbid,fbid,,"[""fbid""]",static,string,your_facebook_activity/groups/group_invites_you've_received.json,Yes,pre-trial,your_facebook_activity/groups/group_invites_you've_received.json/fbid
475,messages:support_messages:10230171959787248:timestamp,Facebook,messages:support_messages:10230171959787248:timestamp,support_messages.json,timestamp,support_messages/10230171959787248/timestamp,,"[""support_messages"", ""10230171959787248"", ""timestamp""]",static,number,your_facebook_activity/messages/support_messages.json,No,pre-trial,your_facebook_activity/messages/support_messages.json/support_messages/10230171959787248/timestamp
476,messages:support_messages:10230171959787248:subject,Facebook,messages:support_messages:10230171959787248:subject,support_messages.json,subject,support_messages/10230171959787248/subject,,"[""support_messages"", ""10230171959787248"", ""subject""]",static,string,your_facebook_activity/messages/support_messages.json,No,pre-trial,your_facebook_activity/messages/support_messages.json/support_messages/10230171959787248/subject
477,messages:support_messages:10223298304470161:timestamp,Facebook,messages:support_messages:10223298304470161:timestamp,support_messages.json,timestamp,support_messages/10223298304470161/timestamp,,"[""support_messages"", ""10223298304470161"", ""timestamp""]",static,number,your_facebook_activity/messages/support_messages.json,No,pre-trial,your_facebook_activity/messages/support_messages.json/support_messages/10223298304470161/timestamp
478,messages:support_messages:10223298304470161:subject,Facebook,messages:support_messages:10223298304470161:subject,support_messages.json,subject,support_messages/10223298304470161/subject,,"[""support_messages"", ""10223298304470161"", ""subject""]",static,string,your_facebook_activity/messages/support_messages.json,No,pre-trial,your_facebook_activity/messages/support_messages.json/support_messages/10223298304470161/subject
479,activity_messages:people_and_friends:timestamp,Facebook,activity_messages:people_and_friends:timestamp,people_and_friends.json,timestamp,timestamp,[],"[""timestamp""]",list,number,logged_information/activity_messages/people_and_friends.json,No,pre-trial,logged_information/activity_messages/people_and_friends.json/timestamp
480,activity_messages:people_and_friends:media,Facebook,activity_messages:people_and_friends:media,people_and_friends.json,media,media,[],"[""media""]",list,array,logged_information/activity_messages/people_and_friends.json,No,pre-trial,logged_information/activity_messages/people_and_friends.json/media
481,activity_messages:people_and_friends:fbid,Facebook,activity_messages:people_and_friends:fbid,people_and_friends.json,fbid,fbid,[],"[""fbid""]",list,string,logged_information/activity_messages/people_and_friends.json,No,pre-trial,logged_information/activity_messages/people_and_friends.json/fbid
482,comments_and_reactions:likes_and_reactions_6:timestamp,Facebook,comments_and_reactions:likes_and_reactions_6:timestamp,likes_and_reactions_6.json,timestamp,timestamp,[],"[""timestamp""]",list,number,your_facebook_activity/comments_and_reactions/likes_and_reactions_6.json,No,pre-trial,your_facebook_activity/comments_and_reactions/likes_and_reactions_6.json/timestamp
483,comments_and_reactions:likes_and_reactions_4:timestamp,Facebook,comments_and_reactions:likes_and_reactions_4:timestamp,likes_and_reactions_4.json,timestamp,timestamp,[],"[""timestamp""]",list,number,your_facebook_activity/comments_and_reactions/likes_and_reactions_4.json,No,pre-trial,your_facebook_activity/comments_and_reactions/likes_and_reactions_4.json/timestamp
484,comments_and_reactions:likes_and_reactions_5:timestamp,Facebook,comments_and_reactions:likes_and_reactions_5:timestamp,likes_and_reactions_5.json,timestamp,timestamp,[],"[""timestamp""]",list,number,your_facebook_activity/comments_and_reactions/likes_and_reactions_5.json,No,pre-trial,your_facebook_activity/comments_and_reactions/likes_and_reactions_5.json/timestamp
485,activity_messages:people_and_friends:label,Facebook,activity_messages:people_and_friends:label,people_and_friends.json,label,label_values/label,"[""label_values""]","[""label""]",list,string,logged_information/activity_messages/people_and_friends.json,No,pre-trial,logged_information/activity_messages/people_and_friends.json/label_values/label
486,activity_messages:people_and_friends:value,Facebook,activity_messages:people_and_friends:value,people_and_friends.json,value,label_values/value,"[""label_values""]","[""value""]",list,string,logged_information/activity_messages/people_and_friends.json,No,pre-trial,logged_information/activity_messages/people_and_friends.json/label_values/value
487,your_facebook_activity:posts:your_posts__check_ins__photos_and_videos_1:data:post,Facebook,your_facebook_activity:posts:your_posts__check_ins__photos_and_videos_1:data:post,your_posts__check_ins__photos_and_videos_1.json,post,data/post,"[""data""]","[""post""]",list,string,your_facebook_activity/posts/your_posts__check_ins__photos_and_videos_1.json,No,pre-trial,your_facebook_activity/posts/your_posts__check_ins__photos_and_videos_1.json/data/post
488,comments_and_reactions:likes_and_reactions_6:reaction,Facebook,comments_and_reactions:likes_and_reactions_6:reaction,likes_and_reactions_6.json,reaction,data/reaction/reaction,"[""data""]","[""reaction"", ""reaction""]",list,string,your_facebook_activity/comments_and_reactions/likes_and_reactions_6.json,No,pre-trial,your_facebook_activity/comments_and_reactions/likes_and_reactions_6.json/data/reaction/reaction
489,comments_and_reactions:likes_and_reactions_4:reaction,Facebook,comments_and_reactions:likes_and_reactions_4:reaction,likes_and_reactions_4.json,reaction,data/reaction/reaction,"[""data""]","[""reaction"", ""reaction""]",list,string,your_facebook_activity/comments_and_reactions/likes_and_reactions_4.json,No,pre-trial,your_facebook_activity/comments_and_reactions/likes_and_reactions_4.json/data/reaction/reaction
490,comments_and_reactions:likes_and_reactions_5:reaction,Facebook,comments_and_reactions:likes_and_reactions_5:reaction,likes_and_reactions_5.json,reaction,data/reaction/reaction,"[""data""]","[""reaction"", ""reaction""]",list,string,your_facebook_activity/comments_and_reactions/likes_and_reactions_5.json,No,pre-trial,your_facebook_activity/comments_and_reactions/likes_and_reactions_5.json/data/reaction/reaction
491,messages:support_messages:10230171959787248:messages:from,Facebook,messages:support_messages:10230171959787248:messages:from,support_messages.json,from,support_messages/10230171959787248/messages/from,"[""support_messages"", ""10230171959787248"", ""messages""]","[""from""]",list,string,your_facebook_activity/messages/support_messages.json,No,pre-trial,your_facebook_activity/messages/support_messages.json/support_messages/10230171959787248/messages/from
492,messages:support_messages:10230171959787248:messages:to,Facebook,messages:support_messages:10230171959787248:messages:to,support_messages.json,to,support_messages/10230171959787248/messages/to,"[""support_messages"", ""10230171959787248"", ""messages""]","[""to""]",list,string,your_facebook_activity/messages/support_messages.json,No,pre-trial,your_facebook_activity/messages/support_messages.json/support_messages/10230171959787248/messages/to
493,messages:support_messages:10230171959787248:messages:subject,Facebook,messages:support_messages:10230171959787248:messages:subject,support_messages.json,subject,support_messages/10230171959787248/messages/subject,"[""support_messages"", ""10230171959787248"", ""messages""]","[""subject""]",list,string,your_facebook_activity/messages/support_messages.json,No,pre-trial,your_facebook_activity/messages/support_messages.json/support_messages/10230171959787248/messages/subject
494,messages:support_messages:10230171959787248:messages:message,Facebook,messages:support_messages:10230171959787248:messages:message,support_messages.json,message,support_messages/10230171959787248/messages/message,"[""support_messages"", ""10230171959787248"", ""messages""]","[""message""]",list,string,your_facebook_activity/messages/support_messages.json,No,pre-trial,your_facebook_activity/messages/support_messages.json/support_messages/10230171959787248/messages/message
495,messages:support_messages:10230171959787248:messages:timestamp,Facebook,messages:support_messages:10230171959787248:messages:timestamp,support_messages.json,timestamp,support_messages/10230171959787248/messages/timestamp,"[""support_messages"", ""10230171959787248"", ""messages""]","[""timestamp""]",list,number,your_facebook_activity/messages/support_messages.json,No,pre-trial,your_facebook_activity/messages/support_messages.json/support_messages/10230171959787248/messages/timestamp
496,messages:support_messages:10223298304470161:messages:from,Facebook,messages:support_messages:10223298304470161:messages:from,support_messages.json,from,support_messages/10223298304470161/messages/from,"[""support_messages"", ""10223298304470161"", ""messages""]","[""from""]",list,string,your_facebook_activity/messages/support_messages.json,No,pre-trial,your_facebook_activity/messages/support_messages.json/support_messages/10223298304470161/messages/from
497,messages:support_messages:10223298304470161:messages:to,Facebook,messages:support_messages:10223298304470161:messages:to,support_messages.json,to,support_messages/10223298304470161/messages/to,"[""support_messages"", ""10223298304470161"", ""messages""]","[""to""]",list,string,your_facebook_activity/messages/support_messages.json,No,pre-trial,your_facebook_activity/messages/support_messages.json/support_messages/10223298304470161/messages/to
498,messages:support_messages:10223298304470161:messages:subject,Facebook,messages:support_messages:10223298304470161:messages:subject,support_messages.json,subject,support_messages/10223298304470161/messages/subject,"[""support_messages"", ""10223298304470161"", ""messages""]","[""subject""]",list,string,your_facebook_activity/messages/support_messages.json,No,pre-trial,your_facebook_activity/messages/support_messages.json/support_messages/10223298304470161/messages/subject
499,messages:support_messages:10223298304470161:messages:message,Facebook,messages:support_messages:10223298304470161:messages:message,support_messages.json,message,support_messages/10223298304470161/messages/message,"[""support_messages"", ""10223298304470161"", ""messages""]","[""message""]",list,string,your_facebook_activity/messages/support_messages.json,No,pre-trial,your_facebook_activity/messages/support_messages.json/support_messages/10223298304470161/messages/message
500,messages:support_messages:10223298304470161:messages:timestamp,Facebook,messages:support_messages:10223298304470161:messages:timestamp,support_messages.json,timestamp,support_messages/10223298304470161/messages/timestamp,"[""support_messages"", ""10223298304470161"", ""messages""]","[""timestamp""]",list,number,your_facebook_activity/messages/support_messages.json,No,pre-trial,your_facebook_activity/messages/support_messages.json/support_messages/10223298304470161/messages/timestamp
501,your_facebook_activity:other_activity:time_spent_on_facebook:timestamp,Facebook,other_activity:time_spent_on_facebook:timestamp,time_spent_on_facebook.json,timestamp,timestamp,,"[""timestamp""]",static,number,your_facebook_activity/other_activity/time_spent_on_facebook.json,Yes,pre-trial,your_facebook_activity/other_activity/time_spent_on_facebook.json/timestamp
502,your_facebook_activity:other_activity:time_spent_on_facebook:fbid,Facebook,other_activity:time_spent_on_facebook:fbid,time_spent_on_facebook.json,fbid,fbid,,"[""fbid""]",static,string,your_facebook_activity/other_activity/time_spent_on_facebook.json,Yes,pre-trial,your_facebook_activity/other_activity/time_spent_on_facebook.json/fbid
503,other_activity:time_spent_on_facebook:ent_name,Facebook,other_activity:time_spent_on_facebook:ent_name,time_spent_on_facebook.json,ent_name,ent_name,,"[""ent_name""]",static,string,your_facebook_activity/other_activity/time_spent_on_facebook.json,No,pre-trial,your_facebook_activity/other_activity/time_spent_on_facebook.json/ent_name
504,other_activity:your_recently_followed_history:ent_name,Facebook,other_activity:your_recently_followed_history:ent_name,your_recently_followed_history.json,ent_name,ent_name,,"[""ent_name""]",static,string,your_facebook_activity/other_activity/your_recently_followed_history.json,No,pre-trial,your_facebook_activity/other_activity/your_recently_followed_history.json/ent_name
505,other_activity:your_video_consumption_summary:ent_name,Facebook,other_activity:your_video_consumption_summary:ent_name,your_video_consumption_summary.json,ent_name,ent_name,,"[""ent_name""]",static,string,your_facebook_activity/other_activity/your_video_consumption_summary.json,No,pre-trial,your_facebook_activity/other_activity/your_video_consumption_summary.json/ent_name
506,security_and_login_information:registration_information:timestamp,Facebook,security_and_login_information:registration_information:timestamp,registration_information.json,timestamp,timestamp,,"[""timestamp""]",static,number,security_and_login_information/registration_information.json,No,pre-trial,security_and_login_information/registration_information.json/timestamp
507,feed:reduce:timestamp,Facebook,feed:reduce:timestamp,reduce.json,timestamp,timestamp,,"[""timestamp""]",static,number,preferences/feed/reduce.json,No,pre-trial,preferences/feed/reduce.json/timestamp
508,feed:reduce:fbid,Facebook,feed:reduce:fbid,reduce.json,fbid,fbid,,"[""fbid""]",static,string,preferences/feed/reduce.json,No,pre-trial,preferences/feed/reduce.json/fbid
509,feed:reduce:ent_name,Facebook,feed:reduce:ent_name,reduce.json,ent_name,ent_name,,"[""ent_name""]",static,string,preferences/feed/reduce.json,No,pre-trial,preferences/feed/reduce.json/ent_name
510,preferences:reels_preferences:ent_name,Facebook,preferences:reels_preferences:ent_name,reels_preferences.json,ent_name,ent_name,,"[""ent_name""]",static,string,preferences/preferences/reels_preferences.json,No,pre-trial,preferences/preferences/reels_preferences.json/ent_name
511,preferences:video:ent_name,Facebook,preferences:video:ent_name,video.json,ent_name,ent_name,,"[""ent_name""]",static,string,preferences/preferences/video.json,No,pre-trial,preferences/preferences/video.json/ent_name
512,preferences:your_watch_settings:ent_name,Facebook,preferences:your_watch_settings:ent_name,your_watch_settings.json,ent_name,ent_name,,"[""ent_name""]",static,string,preferences/preferences/your_watch_settings.json,No,pre-trial,preferences/preferences/your_watch_settings.json/ent_name
513,other_logged_information:consents:ent_name,Facebook,other_logged_information:consents:ent_name,consents.json,ent_name,ent_name,,"[""ent_name""]",static,string,logged_information/other_logged_information/consents.json,No,pre-trial,logged_information/other_logged_information/consents.json/ent_name
514,other_logged_information:facebook_reels_usage_information:ent_name,Facebook,other_logged_information:facebook_reels_usage_information:ent_name,facebook_reels_usage_information.json,ent_name,ent_name,,"[""ent_name""]",static,string,logged_information/other_logged_information/facebook_reels_usage_information.json,No,pre-trial,logged_information/other_logged_information/facebook_reels_usage_information.json/ent_name
515,other_logged_information:your_facebook_watch_activity_in_the_last_28_days:ent_name,Facebook,other_logged_information:your_facebook_watch_activity_in_the_last_28_days:ent_name,your_facebook_watch_activity_in_the_last_28_days.json,ent_name,ent_name,,"[""ent_name""]",static,string,logged_information/other_logged_information/your_facebook_watch_activity_in_the_last_28_days.json,No,pre-trial,logged_information/other_logged_information/your_facebook_watch_activity_in_the_last_28_days.json/ent_name
516,ads_information:ad_preferences:ent_name,Facebook,ads_information:ad_preferences:ent_name,ad_preferences.json,ent_name,ent_name,,"[""ent_name""]",static,string,ads_information/ad_preferences.json,No,pre-trial,ads_information/ad_preferences.json/ent_name
517,ads_information:ads_about_meta:ent_name,Facebook,ads_information:ads_about_meta:ent_name,ads_about_meta.json,ent_name,ent_name,,"[""ent_name""]",static,string,ads_information/ads_about_meta.json,No,pre-trial,ads_information/ads_about_meta.json/ent_name
518,ads_information:ads_personalization_consent:ent_name,Facebook,ads_information:ads_personalization_consent:ent_name,ads_personalization_consent.json,ent_name,ent_name,,"[""ent_name""]",static,string,ads_information/ads_personalization_consent.json,No,pre-trial,ads_information/ads_personalization_consent.json/ent_name
519,ads_information:advertisers_using_your_activity_or_information:ent_name,Facebook,ads_information:advertisers_using_your_activity_or_information:ent_name,advertisers_using_your_activity_or_information.json,ent_name,ent_name,,"[""ent_name""]",static,string,ads_information/advertisers_using_your_activity_or_information.json,No,pre-trial,ads_information/advertisers_using_your_activity_or_information.json/ent_name
520,ads_information:other_categories_used_to_reach_you:ent_name,Facebook,ads_information:other_categories_used_to_reach_you:ent_name,other_categories_used_to_reach_you.json,ent_name,ent_name,,"[""ent_name""]",static,string,ads_information/other_categories_used_to_reach_you.json,No,pre-trial,ads_information/other_categories_used_to_reach_you.json/ent_name
521,your_facebook_activity:other_activity:time_spent_on_facebook:media,Facebook,other_activity:time_spent_on_facebook:media,time_spent_on_facebook.json,media,media,"[""media""]",[],list,array,your_facebook_activity/other_activity/time_spent_on_facebook.json,Yes,pre-trial,your_facebook_activity/other_activity/time_spent_on_facebook.json/media
522,your_facebook_activity:other_activity:your_recently_followed_history:media,Facebook,your_facebook_activity:other_activity:your_recently_followed_history:media,your_recently_followed_history.json,media,media,"[""media""]",[],list,array,your_facebook_activity/other_activity/your_recently_followed_history.json,Yes,pre-trial,your_facebook_activity/other_activity/your_recently_followed_history.json/media
523,your_facebook_activity:other_activity:your_video_consumption_summary:media,Facebook,other_activity:your_video_consumption_summary:media,your_video_consumption_summary.json,media,media,"[""media""]",[],list,array,your_facebook_activity/other_activity/your_video_consumption_summary.json,Yes,pre-trial,your_facebook_activity/other_activity/your_video_consumption_summary.json/media
524,feed:reduce:media,Facebook,feed:reduce:media,reduce.json,media,media,"[""media""]",[],list,array,preferences/feed/reduce.json,No,pre-trial,preferences/feed/reduce.json/media
525,preferences:preferences:reels_preferences:media,Facebook,preferences:preferences:reels_preferences:media,reels_preferences.json,media,media,"[""media""]",[],list,array,preferences/preferences/reels_preferences.json,Yes,pre-trial,preferences/preferences/reels_preferences.json/media
526,preferences:video:media,Facebook,preferences:video:media,video.json,media,media,"[""media""]",[],list,array,preferences/preferences/video.json,Yes,pre-trial,preferences/preferences/video.json/media
527,preferences:preferences:your_watch_settings:media,Facebook,preferences:preferences:your_watch_settings:media,your_watch_settings.json,media,media,"[""media""]",[],list,array,preferences/preferences/your_watch_settings.json,Yes,pre-trial,preferences/preferences/your_watch_settings.json/media
528,other_logged_information:consents:media,Facebook,other_logged_information:consents:media,consents.json,media,media,"[""media""]",[],list,array,logged_information/other_logged_information/consents.json,Yes,pre-trial,logged_information/other_logged_information/consents.json/media
529,other_logged_information:facebook_reels_usage_information:media,Facebook,other_logged_information:facebook_reels_usage_information:media,facebook_reels_usage_information.json,media,media,"[""media""]",[],list,array,logged_information/other_logged_information/facebook_reels_usage_information.json,Yes,pre-trial,logged_information/other_logged_information/facebook_reels_usage_information.json/media
530,other_logged_information:your_facebook_watch_activity_in_the_last_28_days:media,Facebook,other_logged_information:your_facebook_watch_activity_in_the_last_28_days:media,your_facebook_watch_activity_in_the_last_28_days.json,media,media,"[""media""]",[],list,array,logged_information/other_logged_information/your_facebook_watch_activity_in_the_last_28_days.json,Yes,pre-trial,logged_information/other_logged_information/your_facebook_watch_activity_in_the_last_28_days.json/media
531,ads_information:ad_preferences:media,Facebook,ads_information:ad_preferences:media,ad_preferences.json,media,media,"[""media""]",[],list,array,ads_information/ad_preferences.json,Yes,pre-trial,ads_information/ad_preferences.json/media
532,ads_information:ads_about_meta:media,Facebook,ads_information:ads_about_meta:media,ads_about_meta.json,media,media,"[""media""]",[],list,array,ads_information/ads_about_meta.json,Yes,pre-trial,ads_information/ads_about_meta.json/media
533,ads_information:ads_personalization_consent:media,Facebook,ads_information:ads_personalization_consent:media,ads_personalization_consent.json,media,media,"[""media""]",[],list,array,ads_information/ads_personalization_consent.json,Yes,pre-trial,ads_information/ads_personalization_consent.json/media
534,ads_information:advertisers_using_your_activity_or_information:media,Facebook,ads_information:advertisers_using_your_activity_or_information:media,advertisers_using_your_activity_or_information.json,media,media,"[""media""]",[],list,array,ads_information/advertisers_using_your_activity_or_information.json,Yes,pre-trial,ads_information/advertisers_using_your_activity_or_information.json/media
535,ads_information:other_categories_used_to_reach_you:media,Facebook,ads_information:other_categories_used_to_reach_you:media,other_categories_used_to_reach_you.json,media,media,"[""media""]",[],list,array,ads_information/other_categories_used_to_reach_you.json,Yes,pre-trial,ads_information/other_categories_used_to_reach_you.json/media
536,your_facebook_activity:comments_and_reactions:likes_and_reactions:media,Facebook,comments_and_reactions:likes_and_reactions:media,likes_and_reactions.json,media,media,"[""media""]",[],list,array,your_facebook_activity/comments_and_reactions/likes_and_reactions.json,Yes,pre-trial,your_facebook_activity/comments_and_reactions/likes_and_reactions.json/media
537,comments_and_reactions:likes_and_reactions:ent_name,Facebook,comments_and_reactions:likes_and_reactions:ent_name,likes_and_reactions.json,ent_name,ent_name,[],"[""ent_name""]",list,string,your_facebook_activity/comments_and_reactions/likes_and_reactions.json,No,pre-trial,your_facebook_activity/comments_and_reactions/likes_and_reactions.json/ent_name
538,your_facebook_activity:other_activity:your_information_download_requests:timestamp,Facebook,your_facebook_activity:other_activity:your_information_download_requests:timestamp,your_information_download_requests.json,timestamp,timestamp,[],"[""timestamp""]",list,number,your_facebook_activity/other_activity/your_information_download_requests.json,Yes,pre-trial,your_facebook_activity/other_activity/your_information_download_requests.json/timestamp
539,your_interactions_on_facebook:groups_you_ve_visited:timestamp,Facebook,your_interactions_on_facebook:groups_you_ve_visited:timestamp,groups_you_ve_visited.json,timestamp,timestamp,[],"[""timestamp""]",list,number,logged_information/your_interactions_on_facebook/groups_you_ve_visited.json,No,pre-trial,logged_information/your_interactions_on_facebook/groups_you_ve_visited.json/timestamp
540,your_interactions_on_facebook:groups_you_ve_visited:media,Facebook,your_interactions_on_facebook:groups_you_ve_visited:media,groups_you_ve_visited.json,media,media,"[""media""]",[],list,array,logged_information/your_interactions_on_facebook/groups_you_ve_visited.json,No,pre-trial,logged_information/your_interactions_on_facebook/groups_you_ve_visited.json/media
541,your_interactions_on_facebook:groups_you_ve_visited:fbid,Facebook,your_interactions_on_facebook:groups_you_ve_visited:fbid,groups_you_ve_visited.json,fbid,fbid,[],"[""fbid""]",list,string,logged_information/your_interactions_on_facebook/groups_you_ve_visited.json,No,pre-trial,logged_information/your_interactions_on_facebook/groups_you_ve_visited.json/fbid
542,your_interactions_on_facebook:groups_you_ve_visited:ent_name,Facebook,your_interactions_on_facebook:groups_you_ve_visited:ent_name,groups_you_ve_visited.json,ent_name,ent_name,[],"[""ent_name""]",list,string,logged_information/your_interactions_on_facebook/groups_you_ve_visited.json,No,pre-trial,logged_information/your_interactions_on_facebook/groups_you_ve_visited.json/ent_name
543,friends:your_post_audiences:media,Facebook,friends:your_post_audiences:media,your_post_audiences.json,media,media,"[""media""]",[],list,array,connections/friends/your_post_audiences.json,Yes,pre-trial,connections/friends/your_post_audiences.json/media
544,friends:your_post_audiences:ent_name,Facebook,friends:your_post_audiences:ent_name,your_post_audiences.json,ent_name,ent_name,[],"[""ent_name""]",list,string,connections/friends/your_post_audiences.json,No,pre-trial,connections/friends/your_post_audiences.json/ent_name
545,other_activity:time_spent_on_facebook:ent_field_name,Facebook,other_activity:time_spent_on_facebook:ent_field_name,time_spent_on_facebook.json,ent_field_name,label_values/ent_field_name,"[""label_values""]","[""ent_field_name""]",list,string,your_facebook_activity/other_activity/time_spent_on_facebook.json,No,pre-trial,your_facebook_activity/other_activity/time_spent_on_facebook.json/label_values/ent_field_name
546,other_activity:time_spent_on_facebook:label_values:timestamp_value,Facebook,other_activity:time_spent_on_facebook:label_values:timestamp_value,time_spent_on_facebook.json,timestamp_value,label_values/timestamp_value,"[""label_values""]","[""timestamp_value""]",list,number,your_facebook_activity/other_activity/time_spent_on_facebook.json,No,pre-trial,your_facebook_activity/other_activity/time_spent_on_facebook.json/label_values/timestamp_value
547,other_activity:your_recently_followed_history:ent_field_name,Facebook,other_activity:your_recently_followed_history:ent_field_name,your_recently_followed_history.json,ent_field_name,label_values/ent_field_name,"[""label_values""]","[""ent_field_name""]",list,string,your_facebook_activity/other_activity/your_recently_followed_history.json,No,pre-trial,your_facebook_activity/other_activity/your_recently_followed_history.json/label_values/ent_field_name
548,other_activity:your_video_consumption_summary:ent_field_name,Facebook,other_activity:your_video_consumption_summary:ent_field_name,your_video_consumption_summary.json,ent_field_name,label_values/ent_field_name,"[""label_values""]","[""ent_field_name""]",list,string,your_facebook_activity/other_activity/your_video_consumption_summary.json,No,pre-trial,your_facebook_activity/other_activity/your_video_consumption_summary.json/label_values/ent_field_name
549,other_activity:your_video_consumption_summary:value,Facebook,other_activity:your_video_consumption_summary:value,your_video_consumption_summary.json,value,label_values/value,"[""label_values""]","[""value""]",list,string,your_facebook_activity/other_activity/your_video_consumption_summary.json,No,pre-trial,your_facebook_activity/other_activity/your_video_consumption_summary.json/label_values/value
550,pages:pages_you_ve_liked:name,Facebook,pages:pages_you've_liked:name,pages_you_ve_liked.json,name,page_likes_v2/name,"[""page_likes_v2""]","[""name""]",list,string,your_facebook_activity/pages/pages_you_ve_liked.json,No,pre-trial,your_facebook_activity/pages/pages_you_ve_liked.json/page_likes_v2/name
551,pages:pages_you_ve_liked:timestamp,Facebook,pages:pages_you've_liked:timestamp,pages_you_ve_liked.json,timestamp,page_likes_v2/timestamp,"[""page_likes_v2""]","[""timestamp""]",list,number,your_facebook_activity/pages/pages_you_ve_liked.json,No,pre-trial,your_facebook_activity/pages/pages_you_ve_liked.json/page_likes_v2/timestamp
552,pages:pages_you_ve_liked:url,Facebook,pages:pages_you've_liked:url,pages_you_ve_liked.json,url,page_likes_v2/url,"[""page_likes_v2""]","[""url""]",list,string,your_facebook_activity/pages/pages_you_ve_liked.json,No,pre-trial,your_facebook_activity/pages/pages_you_ve_liked.json/page_likes_v2/url
553,feed:controls:entries,Facebook,feed:controls:entries,controls.json,entries,controls/entries,"[""controls"", ""entries""]",[],list,array,preferences/feed/controls.json,Yes,pre-trial,preferences/feed/controls.json/controls/entries
554,feed:reduce:ent_field_name,Facebook,feed:reduce:ent_field_name,reduce.json,ent_field_name,label_values/ent_field_name,"[""label_values""]","[""ent_field_name""]",list,string,preferences/feed/reduce.json,No,pre-trial,preferences/feed/reduce.json/label_values/ent_field_name
555,feed:reduce:label,Facebook,feed:reduce:label,reduce.json,label,label_values/label,"[""label_values""]","[""label""]",list,string,preferences/feed/reduce.json,No,pre-trial,preferences/feed/reduce.json/label_values/label
556,feed:reduce:value,Facebook,feed:reduce:value,reduce.json,value,label_values/value,"[""label_values""]","[""value""]",list,string,preferences/feed/reduce.json,No,pre-trial,preferences/feed/reduce.json/label_values/value
557,feed:reduce:timestamp_value,Facebook,feed:reduce:timestamp_value,reduce.json,timestamp_value,label_values/timestamp_value,"[""label_values""]","[""timestamp_value""]",list,number,preferences/feed/reduce.json,No,pre-trial,preferences/feed/reduce.json/label_values/timestamp_value
558,preferences:reels_preferences:ent_field_name,Facebook,preferences:reels_preferences:ent_field_name,reels_preferences.json,ent_field_name,label_values/ent_field_name,"[""label_values""]","[""ent_field_name""]",list,string,preferences/preferences/reels_preferences.json,No,pre-trial,preferences/preferences/reels_preferences.json/label_values/ent_field_name
559,preferences:reels_preferences:vec,Facebook,preferences:reels_preferences:vec,reels_preferences.json,vec,label_values/vec,"[""label_values"", ""vec""]",[],list,array,preferences/preferences/reels_preferences.json,No,pre-trial,preferences/preferences/reels_preferences.json/label_values/vec
560,preferences:video:label_values:ent_field_name,Facebook,preferences:video:label_values:ent_field_name,video.json,ent_field_name,label_values/ent_field_name,"[""label_values""]","[""ent_field_name""]",list,string,preferences/preferences/video.json,No,pre-trial,preferences/preferences/video.json/label_values/ent_field_name
561,preferences:video:vec,Facebook,preferences:video:vec,video.json,vec,label_values/vec,"[""label_values"", ""vec""]",[],list,array,preferences/preferences/video.json,No,pre-trial,preferences/preferences/video.json/label_values/vec
562,preferences:video:timestamp_value,Facebook,preferences:video:timestamp_value,video.json,timestamp_value,label_values/timestamp_value,"[""label_values""]","[""timestamp_value""]",list,number,preferences/preferences/video.json,No,pre-trial,preferences/preferences/video.json/label_values/timestamp_value
563,preferences:video:label_values:title,Facebook,preferences:video:label_values:title,video.json,title,label_values/title,"[""label_values""]","[""title""]",list,string,preferences/preferences/video.json,No,pre-trial,preferences/preferences/video.json/label_values/title
564,preferences:your_watch_settings:ent_field_name,Facebook,preferences:your_watch_settings:ent_field_name,your_watch_settings.json,ent_field_name,label_values/ent_field_name,"[""label_values""]","[""ent_field_name""]",list,string,preferences/preferences/your_watch_settings.json,No,pre-trial,preferences/preferences/your_watch_settings.json/label_values/ent_field_name
565,preferences:your_watch_settings:vec,Facebook,preferences:your_watch_settings:vec,your_watch_settings.json,vec,label_values/vec,"[""label_values"", ""vec""]",[],list,array,preferences/preferences/your_watch_settings.json,No,pre-trial,preferences/preferences/your_watch_settings.json/label_values/vec
566,preferences:your_watch_settings:timestamp_value,Facebook,preferences:your_watch_settings:timestamp_value,your_watch_settings.json,timestamp_value,label_values/timestamp_value,"[""label_values""]","[""timestamp_value""]",list,number,preferences/preferences/your_watch_settings.json,No,pre-trial,preferences/preferences/your_watch_settings.json/label_values/timestamp_value
567,other_logged_information:consents:ent_field_name,Facebook,other_logged_information:consents:ent_field_name,consents.json,ent_field_name,label_values/ent_field_name,"[""label_values""]","[""ent_field_name""]",list,string,logged_information/other_logged_information/consents.json,No,pre-trial,logged_information/other_logged_information/consents.json/label_values/ent_field_name
568,other_logged_information:consents:timestamp_value,Facebook,other_logged_information:consents:timestamp_value,consents.json,timestamp_value,label_values/timestamp_value,"[""label_values""]","[""timestamp_value""]",list,number,logged_information/other_logged_information/consents.json,No,pre-trial,logged_information/other_logged_information/consents.json/label_values/timestamp_value
569,other_logged_information:facebook_reels_usage_information:ent_field_name,Facebook,other_logged_information:facebook_reels_usage_information:ent_field_name,facebook_reels_usage_information.json,ent_field_name,label_values/ent_field_name,"[""label_values""]","[""ent_field_name""]",list,string,logged_information/other_logged_information/facebook_reels_usage_information.json,No,pre-trial,logged_information/other_logged_information/facebook_reels_usage_information.json/label_values/ent_field_name
570,other_logged_information:your_facebook_watch_activity_in_the_last_28_days:ent_field_name,Facebook,other_logged_information:your_facebook_watch_activity_in_the_last_28_days:ent_field_name,your_facebook_watch_activity_in_the_last_28_days.json,ent_field_name,label_values/ent_field_name,"[""label_values""]","[""ent_field_name""]",list,string,logged_information/other_logged_information/your_facebook_watch_activity_in_the_last_28_days.json,No,pre-trial,logged_information/other_logged_information/your_facebook_watch_activity_in_the_last_28_days.json/label_values/ent_field_name
571,followers:who_you_ve_followed:name,Facebook,followers:who_you've_followed:name,who_you_ve_followed.json,name,following_v3/name,"[""following_v3""]","[""name""]",list,string,connections/followers/who_you_ve_followed.json,No,pre-trial,connections/followers/who_you_ve_followed.json/following_v3/name
572,followers:who_you_ve_followed:timestamp,Facebook,followers:who_you've_followed:timestamp,who_you_ve_followed.json,timestamp,following_v3/timestamp,"[""following_v3""]","[""timestamp""]",list,number,connections/followers/who_you_ve_followed.json,No,pre-trial,connections/followers/who_you_ve_followed.json/following_v3/timestamp
573,ads_information:ad_preferences:label_values:ent_field_name,Facebook,ads_information:ad_preferences:label_values:ent_field_name,ad_preferences.json,ent_field_name,label_values/ent_field_name,"[""label_values""]","[""ent_field_name""]",list,string,ads_information/ad_preferences.json,No,pre-trial,ads_information/ad_preferences.json/label_values/ent_field_name
574,ads_information:ad_preferences:vec,Facebook,ads_information:ad_preferences:vec,ad_preferences.json,vec,label_values/vec,"[""label_values"", ""vec""]",[],list,array,ads_information/ad_preferences.json,No,pre-trial,ads_information/ad_preferences.json/label_values/vec
575,ads_information:ad_preferences:dict,Facebook,ads_information:ad_preferences:dict,ad_preferences.json,dict,label_values/dict,"[""label_values"", ""dict""]",[],list,array,ads_information/ad_preferences.json,No,pre-trial,ads_information/ad_preferences.json/label_values/dict
576,ads_information:ad_preferences:label_values:title,Facebook,ads_information:ad_preferences:label_values:title,ad_preferences.json,title,label_values/title,"[""label_values""]","[""title""]",list,string,ads_information/ad_preferences.json,No,pre-trial,ads_information/ad_preferences.json/label_values/title
577,ads_information:ads_about_meta:ent_field_name,Facebook,ads_information:ads_about_meta:ent_field_name,ads_about_meta.json,ent_field_name,label_values/ent_field_name,"[""label_values""]","[""ent_field_name""]",list,string,ads_information/ads_about_meta.json,No,pre-trial,ads_information/ads_about_meta.json/label_values/ent_field_name
578,ads_information:ads_about_meta:timestamp_value,Facebook,ads_information:ads_about_meta:timestamp_value,ads_about_meta.json,timestamp_value,label_values/timestamp_value,"[""label_values""]","[""timestamp_value""]",list,number,ads_information/ads_about_meta.json,No,pre-trial,ads_information/ads_about_meta.json/label_values/timestamp_value
579,ads_information:ads_personalization_consent:ent_field_name,Facebook,ads_information:ads_personalization_consent:ent_field_name,ads_personalization_consent.json,ent_field_name,label_values/ent_field_name,"[""label_values""]","[""ent_field_name""]",list,string,ads_information/ads_personalization_consent.json,No,pre-trial,ads_information/ads_personalization_consent.json/label_values/ent_field_name
580,ads_information:ads_personalization_consent:value,Facebook,ads_information:ads_personalization_consent:value,ads_personalization_consent.json,value,label_values/value,"[""label_values""]","[""value""]",list,string,ads_information/ads_personalization_consent.json,No,pre-trial,ads_information/ads_personalization_consent.json/label_values/value
581,ads_information:advertisers_using_your_activity_or_information:ent_field_name,Facebook,ads_information:advertisers_using_your_activity_or_information:ent_field_name,advertisers_using_your_activity_or_information.json,ent_field_name,label_values/ent_field_name,"[""label_values""]","[""ent_field_name""]",list,string,ads_information/advertisers_using_your_activity_or_information.json,No,pre-trial,ads_information/advertisers_using_your_activity_or_information.json/label_values/ent_field_name
582,ads_information:advertisers_you_ve_interacted_with:title,Facebook,ads_information:advertisers_you've_interacted_with:title,advertisers_you_ve_interacted_with.json,title,history_v2/title,"[""history_v2""]","[""title""]",list,string,ads_information/advertisers_you_ve_interacted_with.json,No,pre-trial,ads_information/advertisers_you_ve_interacted_with.json/history_v2/title
583,ads_information:advertisers_you_ve_interacted_with:action,Facebook,ads_information:advertisers_you've_interacted_with:action,advertisers_you_ve_interacted_with.json,action,history_v2/action,"[""history_v2""]","[""action""]",list,string,ads_information/advertisers_you_ve_interacted_with.json,No,pre-trial,ads_information/advertisers_you_ve_interacted_with.json/history_v2/action
584,ads_information:advertisers_you_ve_interacted_with:timestamp,Facebook,ads_information:advertisers_you_ve_interacted_with:timestamp,advertisers_you_ve_interacted_with.json,timestamp,history_v2/timestamp,"[""history_v2""]","[""timestamp""]",list,number,ads_information/advertisers_you_ve_interacted_with.json,No,pre-trial,ads_information/advertisers_you_ve_interacted_with.json/history_v2/timestamp
585,ads_information:other_categories_used_to_reach_you:ent_field_name,Facebook,ads_information:other_categories_used_to_reach_you:ent_field_name,other_categories_used_to_reach_you.json,ent_field_name,label_values/ent_field_name,"[""label_values""]","[""ent_field_name""]",list,string,ads_information/other_categories_used_to_reach_you.json,No,pre-trial,ads_information/other_categories_used_to_reach_you.json/label_values/ent_field_name
586,comments_and_reactions:likes_and_reactions:label_values:ent_field_name,Facebook,comments_and_reactions:likes_and_reactions:label_values:ent_field_name,likes_and_reactions.json,ent_field_name,label_values/ent_field_name,"[""label_values""]","[""ent_field_name""]",list,string,your_facebook_activity/comments_and_reactions/likes_and_reactions.json,No,pre-trial,your_facebook_activity/comments_and_reactions/likes_and_reactions.json/label_values/ent_field_name
587,comments_and_reactions:likes_and_reactions:href,Facebook,comments_and_reactions:likes_and_reactions:href,likes_and_reactions.json,href,label_values/href,"[""label_values""]","[""href""]",list,string,your_facebook_activity/comments_and_reactions/likes_and_reactions.json,No,pre-trial,your_facebook_activity/comments_and_reactions/likes_and_reactions.json/label_values/href
588,comments_and_reactions:likes_and_reactions:label_values:title,Facebook,comments_and_reactions:likes_and_reactions:label_values:title,likes_and_reactions.json,title,label_values/title,"[""label_values""]","[""title""]",list,string,your_facebook_activity/comments_and_reactions/likes_and_reactions.json,No,pre-trial,your_facebook_activity/comments_and_reactions/likes_and_reactions.json/label_values/title
589,posts:your_posts__check_ins__photos_and_videos_1:backdated_timestamp,Facebook,posts:your_posts__check_ins__photos_and_videos_1:backdated_timestamp,your_posts__check_ins__photos_and_videos_1.json,backdated_timestamp,data/backdated_timestamp,"[""data""]","[""backdated_timestamp""]",list,number,your_facebook_activity/posts/your_posts__check_ins__photos_and_videos_1.json,No,pre-trial,your_facebook_activity/posts/your_posts__check_ins__photos_and_videos_1.json/data/backdated_timestamp
590,your_interactions_on_facebook:groups_you_ve_visited:ent_field_name,Facebook,your_interactions_on_facebook:groups_you_ve_visited:ent_field_name,groups_you_ve_visited.json,ent_field_name,label_values/ent_field_name,"[""label_values""]","[""ent_field_name""]",list,string,logged_information/your_interactions_on_facebook/groups_you_ve_visited.json,No,pre-trial,logged_information/your_interactions_on_facebook/groups_you_ve_visited.json/label_values/ent_field_name
591,your_interactions_on_facebook:groups_you_ve_visited:label,Facebook,your_interactions_on_facebook:groups_you_ve_visited:label,groups_you_ve_visited.json,label,label_values/label,"[""label_values""]","[""label""]",list,string,logged_information/your_interactions_on_facebook/groups_you_ve_visited.json,No,pre-trial,logged_information/your_interactions_on_facebook/groups_you_ve_visited.json/label_values/label
592,your_interactions_on_facebook:groups_you_ve_visited:value,Facebook,your_interactions_on_facebook:groups_you_ve_visited:value,groups_you_ve_visited.json,value,label_values/value,"[""label_values""]","[""value""]",list,string,logged_information/your_interactions_on_facebook/groups_you_ve_visited.json,No,pre-trial,logged_information/your_interactions_on_facebook/groups_you_ve_visited.json/label_values/value
593,friends:your_post_audiences:ent_field_name,Facebook,friends:your_post_audiences:ent_field_name,your_post_audiences.json,ent_field_name,label_values/ent_field_name,"[""label_values""]","[""ent_field_name""]",list,string,connections/friends/your_post_audiences.json,No,pre-trial,connections/friends/your_post_audiences.json/label_values/ent_field_name
594,friends:your_post_audiences:dict,Facebook,friends:your_post_audiences:dict,your_post_audiences.json,dict,label_values/dict,"[""label_values"", ""dict""]",[],list,array,connections/friends/your_post_audiences.json,No,pre-trial,connections/friends/your_post_audiences.json/label_values/dict
595,friends:your_post_audiences:title,Facebook,friends:your_post_audiences:title,your_post_audiences.json,title,label_values/title,"[""label_values""]","[""title""]",list,string,connections/friends/your_post_audiences.json,No,pre-trial,connections/friends/your_post_audiences.json/label_values/title
596,preferences:video:label_values:dict:title,Facebook,preferences:video:label_values:dict:title,video.json,title,label_values/dict/title,"[""label_values"", ""dict""]","[""title""]",list,string,preferences/preferences/video.json,No,pre-trial,preferences/preferences/video.json/label_values/dict/title
597,your_interactions_on_facebook:recently_viewed:children:name,Facebook,interactions:recently_viewed:children:name,recently_viewed.json,name,recently_viewed/children/name,"[""recently_viewed"", ""children""]","[""name""]",list,string,logged_information/your_interactions_on_facebook/recently_viewed.json,No,pre-trial,logged_information/your_interactions_on_facebook/recently_viewed.json/recently_viewed/children/name
598,your_interactions_on_facebook:recently_viewed:children:description,Facebook,interactions:recently_viewed:children:description,recently_viewed.json,description,recently_viewed/children/description,"[""recently_viewed"", ""children""]","[""description""]",list,string,logged_information/your_interactions_on_facebook/recently_viewed.json,No,pre-trial,logged_information/your_interactions_on_facebook/recently_viewed.json/recently_viewed/children/description
599,ads_information:ad_preferences:dict:title,Facebook,ads_information:ad_preferences:dict:title,ad_preferences.json,title,label_values/dict/title,"[""label_values"", ""dict""]","[""title""]",list,string,ads_information/ad_preferences.json,No,pre-trial,ads_information/ad_preferences.json/label_values/dict/title
600,comments_and_reactions:likes_and_reactions:dict:title,Facebook,comments_and_reactions:likes_and_reactions:dict:title,likes_and_reactions.json,title,label_values/dict/title,"[""label_values"", ""dict""]","[""title""]",list,string,your_facebook_activity/comments_and_reactions/likes_and_reactions.json,No,pre-trial,your_facebook_activity/comments_and_reactions/likes_and_reactions.json/label_values/dict/title
601,preferences:video:label_values:dict:dict:ent_field_name,Facebook,preferences:video:label_values:dict:dict:ent_field_name,video.json,ent_field_name,label_values/dict/dict/ent_field_name,"[""label_values"", ""dict"", ""dict""]","[""ent_field_name""]",list,string,preferences/preferences/video.json,No,pre-trial,preferences/preferences/video.json/label_values/dict/dict/ent_field_name
602,preferences:video:label_values:dict:dict:label,Facebook,preferences:video:label_values:dict:dict:label,video.json,label,label_values/dict/dict/label,"[""label_values"", ""dict"", ""dict""]","[""label""]",list,string,preferences/preferences/video.json,No,pre-trial,preferences/preferences/video.json/label_values/dict/dict/label
603,preferences:video:label_values:dict:dict:value,Facebook,preferences:video:label_values:dict:dict:value,video.json,value,label_values/dict/dict/value,"[""label_values"", ""dict"", ""dict""]","[""value""]",list,string,preferences/preferences/video.json,No,pre-trial,preferences/preferences/video.json/label_values/dict/dict/value
604,preferences:video:href,Facebook,preferences:video:href,video.json,href,label_values/dict/dict/href,"[""label_values"", ""dict"", ""dict""]","[""href""]",list,string,preferences/preferences/video.json,No,pre-trial,preferences/preferences/video.json/label_values/dict/dict/href
605,preferences:video:label_values:dict:dict:title,Facebook,preferences:video:label_values:dict:dict:title,video.json,title,label_values/dict/dict/title,"[""label_values"", ""dict"", ""dict""]","[""title""]",list,string,preferences/preferences/video.json,No,pre-trial,preferences/preferences/video.json/label_values/dict/dict/title
606,your_interactions_on_facebook:recently_viewed:children:entries:timestamp,Facebook,interactions:recently_viewed:children:entries:timestamp,recently_viewed.json,timestamp,recently_viewed/children/entries/timestamp,"[""recently_viewed"", ""children"", ""entries""]","[""timestamp""]",list,number,logged_information/your_interactions_on_facebook/recently_viewed.json,No,pre-trial,logged_information/your_interactions_on_facebook/recently_viewed.json/recently_viewed/children/entries/timestamp
607,your_interactions_on_facebook:recently_visited:value,Facebook,interactions:recently_visited:value,recently_visited.json,value,visited_things_v2/entries/data/value,"[""visited_things_v2"", ""entries""]","[""data"", ""value""]",list,string,logged_information/your_interactions_on_facebook/recently_visited.json,No,pre-trial,logged_information/your_interactions_on_facebook/recently_visited.json/visited_things_v2/entries/data/value
608,ads_information:ad_preferences:dict:ent_field_name,Facebook,ads_information:ad_preferences:dict:ent_field_name,ad_preferences.json,ent_field_name,label_values/dict/dict/ent_field_name,"[""label_values"", ""dict"", ""dict""]","[""ent_field_name""]",list,string,ads_information/ad_preferences.json,No,pre-trial,ads_information/ad_preferences.json/label_values/dict/dict/ent_field_name
609,ads_information:ad_preferences:dict:label,Facebook,ads_information:ad_preferences:dict:label,ad_preferences.json,label,label_values/dict/dict/label,"[""label_values"", ""dict"", ""dict""]","[""label""]",list,string,ads_information/ad_preferences.json,No,pre-trial,ads_information/ad_preferences.json/label_values/dict/dict/label
610,ads_information:ad_preferences:dict:value,Facebook,ads_information:ad_preferences:dict:value,ad_preferences.json,value,label_values/dict/dict/value,"[""label_values"", ""dict"", ""dict""]","[""value""]",list,string,ads_information/ad_preferences.json,No,pre-trial,ads_information/ad_preferences.json/label_values/dict/dict/value
611,comments_and_reactions:likes_and_reactions:dict:ent_field_name,Facebook,comments_and_reactions:likes_and_reactions:dict:ent_field_name,likes_and_reactions.json,ent_field_name,label_values/dict/dict/ent_field_name,"[""label_values"", ""dict"", ""dict""]","[""ent_field_name""]",list,string,your_facebook_activity/comments_and_reactions/likes_and_reactions.json,No,pre-trial,your_facebook_activity/comments_and_reactions/likes_and_reactions.json/label_values/dict/dict/ent_field_name
612,comments_and_reactions:likes_and_reactions:dict:label,Facebook,comments_and_reactions:likes_and_reactions:dict:label,likes_and_reactions.json,label,label_values/dict/dict/label,"[""label_values"", ""dict"", ""dict""]","[""label""]",list,string,your_facebook_activity/comments_and_reactions/likes_and_reactions.json,No,pre-trial,your_facebook_activity/comments_and_reactions/likes_and_reactions.json/label_values/dict/dict/label
613,comments_and_reactions:likes_and_reactions:dict:value,Facebook,comments_and_reactions:likes_and_reactions:dict:value,likes_and_reactions.json,value,label_values/dict/dict/value,"[""label_values"", ""dict"", ""dict""]","[""value""]",list,string,your_facebook_activity/comments_and_reactions/likes_and_reactions.json,No,pre-trial,your_facebook_activity/comments_and_reactions/likes_and_reactions.json/label_values/dict/dict/value
614,posts:your_posts__check_ins__photos_and_videos_1:name,Facebook,posts:your_posts__check_ins__photos_and_videos_1:name,your_posts__check_ins__photos_and_videos_1.json,name,attachments/data/external_context/name,"[""attachments"", ""data""]","[""external_context"", ""name""]",list,string,your_facebook_activity/posts/your_posts__check_ins__photos_and_videos_1.json,No,pre-trial,your_facebook_activity/posts/your_posts__check_ins__photos_and_videos_1.json/attachments/data/external_context/name
615,posts:your_posts__check_ins__photos_and_videos_1:source,Facebook,posts:your_posts__check_ins__photos_and_videos_1:source,your_posts__check_ins__photos_and_videos_1.json,source,attachments/data/external_context/source,"[""attachments"", ""data""]","[""external_context"", ""source""]",list,string,your_facebook_activity/posts/your_posts__check_ins__photos_and_videos_1.json,No,pre-trial,your_facebook_activity/posts/your_posts__check_ins__photos_and_videos_1.json/attachments/data/external_context/source
616,preferences:video:dict:dict:dict:title,Facebook,preferences:video:dict:dict:dict:title,video.json,title,label_values/dict/dict/dict/title,"[""label_values"", ""dict"", ""dict"", ""dict""]","[""title""]",list,string,preferences/preferences/video.json,No,pre-trial,preferences/preferences/video.json/label_values/dict/dict/dict/title
617,your_interactions_on_facebook:recently_viewed:value,Facebook,interactions:recently_viewed:value,recently_viewed.json,value,recently_viewed/children/entries/data/value,"[""recently_viewed"", ""children"", ""entries""]","[""data"", ""value""]",list,string,logged_information/your_interactions_on_facebook/recently_viewed.json,No,pre-trial,logged_information/your_interactions_on_facebook/recently_viewed.json/recently_viewed/children/entries/data/value
618,your_interactions_on_facebook:recently_viewed:children:entries:data:name,Facebook,interactions:recently_viewed:children:entries:data:name,recently_viewed.json,name,recently_viewed/children/entries/data/name,"[""recently_viewed"", ""children"", ""entries""]","[""data"", ""name""]",list,string,logged_information/your_interactions_on_facebook/recently_viewed.json,No,pre-trial,logged_information/your_interactions_on_facebook/recently_viewed.json/recently_viewed/children/entries/data/name
619,your_interactions_on_facebook:recently_viewed:children:entries:data:uri,Facebook,interactions:recently_viewed:children:entries:data:uri,recently_viewed.json,uri,recently_viewed/children/entries/data/uri,"[""recently_viewed"", ""children"", ""entries""]","[""data"", ""uri""]",list,string,logged_information/your_interactions_on_facebook/recently_viewed.json,No,pre-trial,logged_information/your_interactions_on_facebook/recently_viewed.json/recently_viewed/children/entries/data/uri
620,preferences:video:dict:dict:dict:ent_field_name,Facebook,preferences:video:dict:dict:dict:ent_field_name,video.json,ent_field_name,label_values/dict/dict/dict/dict/ent_field_name,"[""label_values"", ""dict"", ""dict"", ""dict"", ""dict""]","[""ent_field_name""]",list,string,preferences/preferences/video.json,No,pre-trial,preferences/preferences/video.json/label_values/dict/dict/dict/dict/ent_field_name
621,preferences:video:dict:dict:dict:label,Facebook,preferences:video:dict:dict:dict:label,video.json,label,label_values/dict/dict/dict/dict/label,"[""label_values"", ""dict"", ""dict"", ""dict"", ""dict""]","[""label""]",list,string,preferences/preferences/video.json,No,pre-trial,preferences/preferences/video.json/label_values/dict/dict/dict/dict/label
622,preferences:video:dict:dict:dict:value,Facebook,preferences:video:dict:dict:dict:value,video.json,value,label_values/dict/dict/dict/dict/value,"[""label_values"", ""dict"", ""dict"", ""dict"", ""dict""]","[""value""]",list,string,preferences/preferences/video.json,No,pre-trial,preferences/preferences/video.json/label_values/dict/dict/dict/dict/value
623,your_activity_across_facebook:other_activity:your_recently_followed_history:media,Facebook,your_facebook_activity:other_activity:your_recently_followed_history:media,your_recently_followed_history.json,media,media,,"[""media""]",static,array,your_activity_across_facebook/other_activity/your_recently_followed_history.json,No,pre-trial,your_activity_across_facebook/other_activity/your_recently_followed_history.json/media
624,ads_information:your_recent_reported_conversions:media,Facebook,ads_information:your_recent_reported_conversions:media,your_recent_reported_conversions.json,media,media,,"[""media""]",static,array,ads_information/your_recent_reported_conversions.json,Yes,pre-trial,ads_information/your_recent_reported_conversions.json/media
625,your_topics:people_we_think_you_should_follow:timestamp,Facebook,your_topics:people_we_think_you_should_follow:timestamp,people_we_think_you_should_follow.json,timestamp,timestamp,,"[""timestamp""]",static,number,logged_information/your_topics/people_we_think_you_should_follow.json,No,pre-trial,logged_information/your_topics/people_we_think_you_should_follow.json/timestamp
626,your_topics:people_we_think_you_should_follow:media,Facebook,your_topics:people_we_think_you_should_follow:media,people_we_think_you_should_follow.json,media,media,,"[""media""]",static,array,logged_information/your_topics/people_we_think_you_should_follow.json,No,pre-trial,logged_information/your_topics/people_we_think_you_should_follow.json/media
627,ads_information:other_categories_used_to_reach_you:bcts,Facebook,ads_information:other_categories_used_to_reach_you:bcts,other_categories_used_to_reach_you.json,bcts,bcts,"[""bcts""]",[],list,string,ads_information/other_categories_used_to_reach_you.json,No,pre-trial,ads_information/other_categories_used_to_reach_you.json/bcts
628,your_activity_across_facebook:posts:your_posts__check_ins__photos_and_videos_1:timestamp,Facebook,your_facebook_activity:posts:your_posts__check_ins__photos_and_videos_1:timestamp,your_posts__check_ins__photos_and_videos_1.json,timestamp,timestamp,[],"[""timestamp""]",list,number,your_activity_across_facebook/posts/your_posts__check_ins__photos_and_videos_1.json,No,pre-trial,your_activity_across_facebook/posts/your_posts__check_ins__photos_and_videos_1.json/timestamp
629,your_activity_across_facebook:comments_and_reactions:likes_and_reactions_1:timestamp,Facebook,comments_and_reactions:likes_and_reactions_1:timestamp,likes_and_reactions_1.json,timestamp,timestamp,[],"[""timestamp""]",list,number,your_activity_across_facebook/comments_and_reactions/likes_and_reactions_1.json,No,pre-trial,your_activity_across_facebook/comments_and_reactions/likes_and_reactions_1.json/timestamp
630,your_activity_across_facebook:groups:group_posts_and_comments:group_posts_v2:timestamp,Facebook,groups:group_posts_and_comments:timestamp,group_posts_and_comments.json,timestamp,group_posts_v2/timestamp,"[""group_posts_v2""]","[""timestamp""]",list,number,your_activity_across_facebook/groups/group_posts_and_comments.json,No,pre-trial,your_activity_across_facebook/groups/group_posts_and_comments.json/group_posts_v2/timestamp
631,your_activity_across_facebook:groups:group_posts_and_comments:group_posts_v2:title,Facebook,groups:group_posts_and_comments:group_posts_v2:title,group_posts_and_comments.json,title,group_posts_v2/title,"[""group_posts_v2""]","[""title""]",list,string,your_activity_across_facebook/groups/group_posts_and_comments.json,No,pre-trial,your_activity_across_facebook/groups/group_posts_and_comments.json/group_posts_v2/title
632,your_activity_across_facebook:groups:your_group_membership_activity:groups_joined_v2:timestamp,Facebook,groups:your_group_membership_activity:timestamp,your_group_membership_activity.json,timestamp,groups_joined_v2/timestamp,"[""groups_joined_v2""]","[""timestamp""]",list,number,your_activity_across_facebook/groups/your_group_membership_activity.json,No,pre-trial,your_activity_across_facebook/groups/your_group_membership_activity.json/groups_joined_v2/timestamp
633,your_activity_across_facebook:groups:your_group_membership_activity:groups_joined_v2:title,Facebook,groups:your_group_membership_activity:title,your_group_membership_activity.json,title,groups_joined_v2/title,"[""groups_joined_v2""]","[""title""]",list,string,your_activity_across_facebook/groups/your_group_membership_activity.json,No,pre-trial,your_activity_across_facebook/groups/your_group_membership_activity.json/groups_joined_v2/title
634,your_activity_across_facebook:groups:your_groups:groups_admined_v2:name,Facebook,your_facebook_activity:groups:your_groups:groups_admined_v2:name,your_groups.json,name,groups_admined_v2/name,"[""groups_admined_v2""]","[""name""]",list,string,your_activity_across_facebook/groups/your_groups.json,No,pre-trial,your_activity_across_facebook/groups/your_groups.json/groups_admined_v2/name
635,your_activity_across_facebook:groups:your_groups:groups_admined_v2:timestamp,Facebook,your_facebook_activity:groups:your_groups:groups_admined_v2:timestamp,your_groups.json,timestamp,groups_admined_v2/timestamp,"[""groups_admined_v2""]","[""timestamp""]",list,number,your_activity_across_facebook/groups/your_groups.json,No,pre-trial,your_activity_across_facebook/groups/your_groups.json/groups_admined_v2/timestamp
636,your_activity_across_facebook:pages:pages_and_profiles_you_follow:pages_followed_v2:timestamp,Facebook,pages:pages_and_profiles_you_follow:timestamp,pages_and_profiles_you_follow.json,timestamp,pages_followed_v2/timestamp,"[""pages_followed_v2""]","[""timestamp""]",list,number,your_activity_across_facebook/pages/pages_and_profiles_you_follow.json,No,pre-trial,your_activity_across_facebook/pages/pages_and_profiles_you_follow.json/pages_followed_v2/timestamp
637,your_activity_across_facebook:pages:pages_and_profiles_you_follow:pages_followed_v2:title,Facebook,pages:pages_and_profiles_you_follow:title,pages_and_profiles_you_follow.json,title,pages_followed_v2/title,"[""pages_followed_v2""]","[""title""]",list,string,your_activity_across_facebook/pages/pages_and_profiles_you_follow.json,No,pre-trial,your_activity_across_facebook/pages/pages_and_profiles_you_follow.json/pages_followed_v2/title
638,your_activity_across_facebook:pages:pages_you've_liked:page_likes_v2:name,Facebook,pages:pages_you've_liked:name,pages_you've_liked.json,name,page_likes_v2/name,"[""page_likes_v2""]","[""name""]",list,string,your_activity_across_facebook/pages/pages_you've_liked.json,No,pre-trial,your_activity_across_facebook/pages/pages_you've_liked.json/page_likes_v2/name
639,your_activity_across_facebook:pages:pages_you've_liked:page_likes_v2:timestamp,Facebook,pages:pages_you've_liked:timestamp,pages_you've_liked.json,timestamp,page_likes_v2/timestamp,"[""page_likes_v2""]","[""timestamp""]",list,number,your_activity_across_facebook/pages/pages_you've_liked.json,No,pre-trial,your_activity_across_facebook/pages/pages_you've_liked.json/page_likes_v2/timestamp
640,your_activity_across_facebook:pages:pages_you've_liked:page_likes_v2:url,Facebook,pages:pages_you've_liked:url,pages_you've_liked.json,url,page_likes_v2/url,"[""page_likes_v2""]","[""url""]",list,string,your_activity_across_facebook/pages/pages_you've_liked.json,No,pre-trial,your_activity_across_facebook/pages/pages_you've_liked.json/page_likes_v2/url
641,your_activity_across_facebook:polls:polls_you_voted_on:poll_votes_v2:timestamp,Facebook,your_facebook_activity:polls:polls_you_voted_on:poll_votes_v2:timestamp,polls_you_voted_on.json,timestamp,poll_votes_v2/timestamp,"[""poll_votes_v2""]","[""timestamp""]",list,number,your_activity_across_facebook/polls/polls_you_voted_on.json,No,pre-trial,your_activity_across_facebook/polls/polls_you_voted_on.json/poll_votes_v2/timestamp
642,your_activity_across_facebook:polls:polls_you_voted_on:poll_votes_v2:title,Facebook,your_facebook_activity:polls:polls_you_voted_on:poll_votes_v2:title,polls_you_voted_on.json,title,poll_votes_v2/title,"[""poll_votes_v2""]","[""title""]",list,string,your_activity_across_facebook/polls/polls_you_voted_on.json,No,pre-trial,your_activity_across_facebook/polls/polls_you_voted_on.json/poll_votes_v2/title
643,your_activity_across_facebook:other_activity:your_recently_followed_history:label_values:label,Facebook,your_facebook_activity:other_activity:your_recently_followed_history:label_values:label,your_recently_followed_history.json,label,label_values/label,"[""label_values""]","[""label""]",list,string,your_activity_across_facebook/other_activity/your_recently_followed_history.json,No,pre-trial,your_activity_across_facebook/other_activity/your_recently_followed_history.json/label_values/label
644,your_topics:people_we_think_you_should_follow:label,Facebook,your_topics:people_we_think_you_should_follow:label,people_we_think_you_should_follow.json,label,label_values/label,"[""label_values""]","[""label""]",list,string,logged_information/your_topics/people_we_think_you_should_follow.json,No,pre-trial,logged_information/your_topics/people_we_think_you_should_follow.json/label_values/label
645,your_topics:people_we_think_you_should_follow:vec,Facebook,your_topics:people_we_think_you_should_follow:vec,people_we_think_you_should_follow.json,vec,label_values/vec,"[""label_values""]","[""vec""]",list,array,logged_information/your_topics/people_we_think_you_should_follow.json,No,pre-trial,logged_information/your_topics/people_we_think_you_should_follow.json/label_values/vec
646,your_activity_across_facebook:groups:your_comments_in_groups:group_comments_v2:timestamp,Facebook,groups:your_comments_in_groups:group_comments_v2:timestamp,your_comments_in_groups.json,timestamp,group_comments_v2/timestamp,"[""group_comments_v2""]","[""timestamp""]",list,number,your_activity_across_facebook/groups/your_comments_in_groups.json,No,pre-trial,your_activity_across_facebook/groups/your_comments_in_groups.json/group_comments_v2/timestamp
647,your_activity_across_facebook:comments_and_reactions:comments:comments_v2:timestamp,Facebook,comments_and_reactions:comments:comments_v2:timestamp,comments.json,timestamp,comments_v2/timestamp,"[""comments_v2""]","[""timestamp""]",list,number,your_activity_across_facebook/comments_and_reactions/comments.json,No,pre-trial,your_activity_across_facebook/comments_and_reactions/comments.json/comments_v2/timestamp
648,your_activity_across_facebook:posts:your_posts__check_ins__photos_and_videos_1:data:post,Facebook,your_facebook_activity:posts:your_posts__check_ins__photos_and_videos_1:data:post,your_posts__check_ins__photos_and_videos_1.json,post,data/post,"[""data""]","[""post""]",list,string,your_activity_across_facebook/posts/your_posts__check_ins__photos_and_videos_1.json,No,pre-trial,your_activity_across_facebook/posts/your_posts__check_ins__photos_and_videos_1.json/data/post
649,your_activity_across_facebook:groups:group_posts_and_comments:group_posts_v2:data:post,Facebook,groups:group_posts_and_comments:post,group_posts_and_comments.json,post,group_posts_v2/data/post,"[""group_posts_v2"", ""data""]","[""post""]",list,string,your_activity_across_facebook/groups/group_posts_and_comments.json,No,pre-trial,your_activity_across_facebook/groups/group_posts_and_comments.json/group_posts_v2/data/post
650,your_activity_across_facebook:groups:your_group_membership_activity:groups_joined_v2:data:name,Facebook,groups:your_group_membership_activity:name,your_group_membership_activity.json,name,groups_joined_v2/data/name,"[""groups_joined_v2"", ""data""]","[""name""]",list,string,your_activity_across_facebook/groups/your_group_membership_activity.json,No,pre-trial,your_activity_across_facebook/groups/your_group_membership_activity.json/groups_joined_v2/data/name
651,your_activity_across_facebook:pages:pages_and_profiles_you_follow:pages_followed_v2:data:name,Facebook,pages:pages_and_profiles_you_follow:name,pages_and_profiles_you_follow.json,name,pages_followed_v2/data/name,"[""pages_followed_v2"", ""data""]","[""name""]",list,string,your_activity_across_facebook/pages/pages_and_profiles_you_follow.json,No,pre-trial,your_activity_across_facebook/pages/pages_and_profiles_you_follow.json/pages_followed_v2/data/name
652,your_activity_across_facebook:comments_and_reactions:likes_and_reactions_1:data:reaction:reaction,Facebook,comments_and_reactions:likes_and_reactions_1:reaction,likes_and_reactions_1.json,reaction,data/reaction/reaction,"[""data""]","[""reaction"", ""reaction""]",list,string,your_activity_across_facebook/comments_and_reactions/likes_and_reactions_1.json,No,pre-trial,your_activity_across_facebook/comments_and_reactions/likes_and_reactions_1.json/data/reaction/reaction
653,your_activity_across_facebook:other_activity:your_recently_followed_history:label_values:vec:dict:label,Facebook,your_facebook_activity:other_activity:your_recently_followed_history:label_values:vec:dict:label,your_recently_followed_history.json,label,label_values/vec/dict/label,"[""label_values"", ""vec"", ""dict""]","[""label""]",list,string,your_activity_across_facebook/other_activity/your_recently_followed_history.json,No,pre-trial,your_activity_across_facebook/other_activity/your_recently_followed_history.json/label_values/vec/dict/label
654,your_activity_across_facebook:other_activity:your_recently_followed_history:label_values:vec:dict:value,Facebook,your_facebook_activity:other_activity:your_recently_followed_history:label_values:vec:dict:value,your_recently_followed_history.json,value,label_values/vec/dict/value,"[""label_values"", ""vec"", ""dict""]","[""value""]",list,string,your_activity_across_facebook/other_activity/your_recently_followed_history.json,No,pre-trial,your_activity_across_facebook/other_activity/your_recently_followed_history.json/label_values/vec/dict/value
655,your_activity_across_facebook:groups:your_comments_in_groups:group_comments_v2:data:comment:timestamp,Facebook,groups:your_comments_in_groups:comment:timestamp,your_comments_in_groups.json,timestamp,group_comments_v2/data/comment/timestamp,"[""group_comments_v2"", ""data""]","[""comment"", ""timestamp""]",list,number,your_activity_across_facebook/groups/your_comments_in_groups.json,No,pre-trial,your_activity_across_facebook/groups/your_comments_in_groups.json/group_comments_v2/data/comment/timestamp
656,your_activity_across_facebook:groups:your_comments_in_groups:group_comments_v2:data:comment:comment,Facebook,groups:your_comments_in_groups:comment,your_comments_in_groups.json,comment,group_comments_v2/data/comment/comment,"[""group_comments_v2"", ""data""]","[""comment"", ""comment""]",list,string,your_activity_across_facebook/groups/your_comments_in_groups.json,No,pre-trial,your_activity_across_facebook/groups/your_comments_in_groups.json/group_comments_v2/data/comment/comment
657,your_activity_across_facebook:groups:your_comments_in_groups:group_comments_v2:data:comment:group,Facebook,groups:your_comments_in_groups:group,your_comments_in_groups.json,group,group_comments_v2/data/comment/group,"[""group_comments_v2"", ""data""]","[""comment"", ""group""]",list,string,your_activity_across_facebook/groups/your_comments_in_groups.json,No,pre-trial,your_activity_across_facebook/groups/your_comments_in_groups.json/group_comments_v2/data/comment/group
658,your_activity_across_facebook:comments_and_reactions:comments:comments_v2:data:comment:timestamp,Facebook,comments_and_reactions:comments:comment:timestamp,comments.json,timestamp,comments_v2/data/comment/timestamp,"[""comments_v2"", ""data""]","[""comment"", ""timestamp""]",list,number,your_activity_across_facebook/comments_and_reactions/comments.json,No,pre-trial,your_activity_across_facebook/comments_and_reactions/comments.json/comments_v2/data/comment/timestamp
659,your_activity_across_facebook:comments_and_reactions:comments:comments_v2:data:comment:comment,Facebook,comments_and_reactions:comments:comment,comments.json,comment,comments_v2/data/comment/comment,"[""comments_v2"", ""data""]","[""comment"", ""comment""]",list,string,your_activity_across_facebook/comments_and_reactions/comments.json,No,pre-trial,your_activity_across_facebook/comments_and_reactions/comments.json/comments_v2/data/comment/comment
660,your_activity_across_facebook:posts:your_posts__check_ins__photos_and_videos_1:attachments:data:external_context:url,Facebook,your_facebook_activity:posts:your_posts__check_ins__photos_and_videos_1:attachments:data:external_context:url,your_posts__check_ins__photos_and_videos_1.json,url,attachments/data/external_context/url,"[""attachments"", ""data""]","[""external_context"", ""url""]",list,string,your_activity_across_facebook/posts/your_posts__check_ins__photos_and_videos_1.json,No,pre-trial,your_activity_across_facebook/posts/your_posts__check_ins__photos_and_videos_1.json/attachments/data/external_context/url
661,polls:polls_you_voted_on:question,Facebook,polls:polls_you_voted_on:question,polls_you_voted_on.json,question,poll_votes_v2/attachments/data/poll/question,"[""poll_votes_v2"", ""attachments"", ""data""]","[""poll"", ""question""]",list,string,your_activity_across_facebook/polls/polls_you_voted_on.json,No,pre-trial,your_activity_across_facebook/polls/polls_you_voted_on.json/poll_votes_v2/attachments/data/poll/question
662,your_interactions_on_facebook:recently_viewed:watch_time,Facebook,interactions:recently_viewed:watch_time,recently_viewed.json,watch_time,recently_viewed/children/entries/data/watch_time,"[""recently_viewed"", ""children"", ""entries""]","[""data"", ""watch_time""]",list,string,logged_information/your_interactions_on_facebook/recently_viewed.json,No,pre-trial,logged_information/your_interactions_on_facebook/recently_viewed.json/recently_viewed/children/entries/data/watch_time
663,your_activity_across_facebook:polls:polls_you_voted_on:attachments:data:poll:options:option,Facebook,your_facebook_activity:polls:polls_you_voted_on:attachments:data:poll:options:option,polls_you_voted_on.json,option,poll_votes_v2/attachments/data/poll/options/option,"[""poll_votes_v2"", ""attachments"", ""data"", ""poll"", ""options""]","[""option""]",list,string,your_activity_across_facebook/polls/polls_you_voted_on.json,No,pre-trial,your_activity_across_facebook/polls/polls_you_voted_on.json/poll_votes_v2/attachments/data/poll/options/option
664,your_activity_across_facebook:polls:polls_you_voted_on:attachments:data:poll:options:voted,Facebook,your_facebook_activity:polls:polls_you_voted_on:attachments:data:poll:options:voted,polls_you_voted_on.json,voted,poll_votes_v2/attachments/data/poll/options/voted,"[""poll_votes_v2"", ""attachments"", ""data"", ""poll"", ""options""]","[""voted""]",list,boolean,your_activity_across_facebook/polls/polls_you_voted_on.json,No,pre-trial,your_activity_across_facebook/polls/polls_you_voted_on.json/poll_votes_v2/attachments/data/poll/options/voted
665,groups:groups_and_pages_that_you_may_find_engaging:fbid,Facebook,groups:groups_and_pages_that_you_may_find_engaging:fbid,groups_and_pages_that_you_may_find_engaging.json,fbid,fbid,,"[""fbid""]",static,string,your_facebook_activity/groups/groups_and_pages_that_you_may_find_engaging.json,No,pre-trial,your_facebook_activity/groups/groups_and_pages_that_you_may_find_engaging.json/fbid
666,groups:groups_and_pages_that_you_may_find_engaging:ent_name,Facebook,groups:groups_and_pages_that_you_may_find_engaging:ent_name,groups_and_pages_that_you_may_find_engaging.json,ent_name,ent_name,,"[""ent_name""]",static,string,your_facebook_activity/groups/groups_and_pages_that_you_may_find_engaging.json,No,pre-trial,your_facebook_activity/groups/groups_and_pages_that_you_may_find_engaging.json/ent_name
667,your_facebook_activity:other_activity:your_information_download_requests:timestamp,Facebook,your_facebook_activity:other_activity:your_information_download_requests:timestamp,your_information_download_requests.json,timestamp,timestamp,,"[""timestamp""]",static,number,your_facebook_activity/other_activity/your_information_download_requests.json,Yes,pre-trial,your_facebook_activity/other_activity/your_information_download_requests.json/timestamp
668,preferences:your_preferred_categories:fbid,Facebook,preferences:your_preferred_categories:fbid,your_preferred_categories.json,fbid,fbid,,"[""fbid""]",static,string,preferences/preferences/your_preferred_categories.json,No,pre-trial,preferences/preferences/your_preferred_categories.json/fbid
669,preferences:your_preferred_categories:ent_name,Facebook,preferences:your_preferred_categories:ent_name,your_preferred_categories.json,ent_name,ent_name,,"[""ent_name""]",static,string,preferences/preferences/your_preferred_categories.json,No,pre-trial,preferences/preferences/your_preferred_categories.json/ent_name
670,groups:groups_and_pages_that_you_may_find_engaging:media,Facebook,groups:groups_and_pages_that_you_may_find_engaging:media,groups_and_pages_that_you_may_find_engaging.json,media,media,"[""media""]",[],list,array,your_facebook_activity/groups/groups_and_pages_that_you_may_find_engaging.json,No,pre-trial,your_facebook_activity/groups/groups_and_pages_that_you_may_find_engaging.json/media
671,preferences:your_preferred_categories:media,Facebook,preferences:your_preferred_categories:media,your_preferred_categories.json,media,media,"[""media""]",[],list,array,preferences/preferences/your_preferred_categories.json,No,pre-trial,preferences/preferences/your_preferred_categories.json/media
672,your_facebook_activity:posts:content_sharing_links_you_have_created:media,Facebook,your_facebook_activity:posts:content_sharing_links_you_have_created:media,content_sharing_links_you_have_created.json,media,media,"[""media""]",[],list,array,your_facebook_activity/posts/content_sharing_links_you_have_created.json,Yes,pre-trial,your_facebook_activity/posts/content_sharing_links_you_have_created.json/media
673,posts:content_sharing_links_you_have_created:ent_name,Facebook,posts:content_sharing_links_you_have_created:ent_name,content_sharing_links_you_have_created.json,ent_name,ent_name,[],"[""ent_name""]",list,string,your_facebook_activity/posts/content_sharing_links_you_have_created.json,No,pre-trial,your_facebook_activity/posts/content_sharing_links_you_have_created.json/ent_name
674,ads_information:your_recent_reported_conversions:media,Facebook,ads_information:your_recent_reported_conversions:media,your_recent_reported_conversions.json,media,media,"[""media""]",[],list,array,ads_information/your_recent_reported_conversions.json,Yes,pre-trial,ads_information/your_recent_reported_conversions.json/media
675,ads_information:your_recent_reported_conversions:ent_name,Facebook,ads_information:your_recent_reported_conversions:ent_name,your_recent_reported_conversions.json,ent_name,ent_name,[],"[""ent_name""]",list,string,ads_information/your_recent_reported_conversions.json,No,pre-trial,ads_information/your_recent_reported_conversions.json/ent_name
676,groups:groups_and_pages_that_you_may_find_engaging:ent_field_name,Facebook,groups:groups_and_pages_that_you_may_find_engaging:ent_field_name,groups_and_pages_that_you_may_find_engaging.json,ent_field_name,label_values/ent_field_name,"[""label_values""]","[""ent_field_name""]",list,string,your_facebook_activity/groups/groups_and_pages_that_you_may_find_engaging.json,No,pre-trial,your_facebook_activity/groups/groups_and_pages_that_you_may_find_engaging.json/label_values/ent_field_name
677,groups:groups_and_pages_that_you_may_find_engaging:label,Facebook,groups:groups_and_pages_that_you_may_find_engaging:label,groups_and_pages_that_you_may_find_engaging.json,label,label_values/label,"[""label_values""]","[""label""]",list,string,your_facebook_activity/groups/groups_and_pages_that_you_may_find_engaging.json,No,pre-trial,your_facebook_activity/groups/groups_and_pages_that_you_may_find_engaging.json/label_values/label
678,preferences:your_preferred_categories:label_values:ent_field_name,Facebook,preferences:your_preferred_categories:label_values:ent_field_name,your_preferred_categories.json,ent_field_name,label_values/ent_field_name,"[""label_values""]","[""ent_field_name""]",list,string,preferences/preferences/your_preferred_categories.json,No,pre-trial,preferences/preferences/your_preferred_categories.json/label_values/ent_field_name
679,preferences:your_preferred_categories:label_values:label,Facebook,preferences:your_preferred_categories:label_values:label,your_preferred_categories.json,label,label_values/label,"[""label_values""]","[""label""]",list,string,preferences/preferences/your_preferred_categories.json,No,pre-trial,preferences/preferences/your_preferred_categories.json/label_values/label
680,posts:content_sharing_links_you_have_created:ent_field_name,Facebook,posts:content_sharing_links_you_have_created:ent_field_name,content_sharing_links_you_have_created.json,ent_field_name,label_values/ent_field_name,"[""label_values""]","[""ent_field_name""]",list,string,your_facebook_activity/posts/content_sharing_links_you_have_created.json,No,pre-trial,your_facebook_activity/posts/content_sharing_links_you_have_created.json/label_values/ent_field_name
681,ads_information:your_recent_reported_conversions:ent_field_name,Facebook,ads_information:your_recent_reported_conversions:ent_field_name,your_recent_reported_conversions.json,ent_field_name,label_values/ent_field_name,"[""label_values""]","[""ent_field_name""]",list,string,ads_information/your_recent_reported_conversions.json,No,pre-trial,ads_information/your_recent_reported_conversions.json/label_values/ent_field_name
682,groups:groups_and_pages_that_you_may_find_engaging:value,Facebook,groups:groups_and_pages_that_you_may_find_engaging:value,groups_and_pages_that_you_may_find_engaging.json,value,label_values/vec/value,"[""label_values"", ""vec""]","[""value""]",list,string,your_facebook_activity/groups/groups_and_pages_that_you_may_find_engaging.json,No,pre-trial,your_facebook_activity/groups/groups_and_pages_that_you_may_find_engaging.json/label_values/vec/value
683,preferences:your_preferred_categories:vec:ent_field_name,Facebook,preferences:your_preferred_categories:vec:ent_field_name,your_preferred_categories.json,ent_field_name,label_values/vec/ent_field_name,"[""label_values"", ""vec""]","[""ent_field_name""]",list,string,preferences/preferences/your_preferred_categories.json,No,pre-trial,preferences/preferences/your_preferred_categories.json/label_values/vec/ent_field_name
684,preferences:your_preferred_categories:dict:ent_field_name,Facebook,preferences:your_preferred_categories:dict:ent_field_name,your_preferred_categories.json,ent_field_name,label_values/vec/dict/ent_field_name,"[""label_values"", ""vec"", ""dict""]","[""ent_field_name""]",list,string,preferences/preferences/your_preferred_categories.json,No,pre-trial,preferences/preferences/your_preferred_categories.json/label_values/vec/dict/ent_field_name
685,preferences:your_preferred_categories:dict:label,Facebook,preferences:your_preferred_categories:dict:label,your_preferred_categories.json,label,label_values/vec/dict/label,"[""label_values"", ""vec"", ""dict""]","[""label""]",list,string,preferences/preferences/your_preferred_categories.json,No,pre-trial,preferences/preferences/your_preferred_categories.json/label_values/vec/dict/label
686,preferences:your_preferred_categories:value,Facebook,preferences:your_preferred_categories:value,your_preferred_categories.json,value,label_values/vec/dict/value,"[""label_values"", ""vec"", ""dict""]","[""value""]",list,string,preferences/preferences/your_preferred_categories.json,No,pre-trial,preferences/preferences/your_preferred_categories.json/label_values/vec/dict/value
687,your_facebook_activity:posts:posts_on_other_pages_and_profiles:timestamp,Facebook,your_facebook_activity:posts:posts_on_other_pages_and_profiles:timestamp,posts_on_other_pages_and_profiles.json,timestamp,timestamp,,"[""timestamp""]",static,number,your_facebook_activity/posts/posts_on_other_pages_and_profiles.json,Yes,pre-trial,your_facebook_activity/posts/posts_on_other_pages_and_profiles.json/timestamp
688,your_facebook_activity:posts:posts_on_other_pages_and_profiles:media,Facebook,your_facebook_activity:posts:posts_on_other_pages_and_profiles:media,posts_on_other_pages_and_profiles.json,media,media,,"[""media""]",static,array,your_facebook_activity/posts/posts_on_other_pages_and_profiles.json,Yes,pre-trial,your_facebook_activity/posts/posts_on_other_pages_and_profiles.json/media
689,your_facebook_activity:posts:posts_on_other_pages_and_profiles:fbid,Facebook,your_facebook_activity:posts:posts_on_other_pages_and_profiles:fbid,posts_on_other_pages_and_profiles.json,fbid,fbid,,"[""fbid""]",static,string,your_facebook_activity/posts/posts_on_other_pages_and_profiles.json,Yes,pre-trial,your_facebook_activity/posts/posts_on_other_pages_and_profiles.json/fbid
690,interactions:recently_viewed:value,Facebook,interactions:recently_viewed:value,recently_viewed.json,value,recently_viewed/children/entries/data/value,"[""recently_viewed"", ""children"", ""entries""]","[""data"", ""value""]",list,string,logged_information/interactions/recently_viewed.json,No,pre-trial,logged_information/interactions/recently_viewed.json/recently_viewed/children/entries/data/value
691,followers_and_following:followers_1:title,Facebook,followers_and_following:followers_1:title,followers_1.json,title,title,[],"[""title""]",list,string,connections/followers_and_following/followers_1.json,No,pre-trial,connections/followers_and_following/followers_1.json/title
692,followers_and_following:followers_1:media_list_data,Facebook,followers_and_following:followers_1:media_list_data,followers_1.json,media_list_data,media_list_data,[],"[""media_list_data""]",list,array,connections/followers_and_following/followers_1.json,No,pre-trial,connections/followers_and_following/followers_1.json/media_list_data
693,followers_and_following:close_friends:title,Facebook,followers_and_following:close_friends:title,close_friends.json,title,relationships_close_friends/title,"[""relationships_close_friends""]","[""title""]",list,string,connections/followers_and_following/close_friends.json,No,pre-trial,connections/followers_and_following/close_friends.json/relationships_close_friends/title
694,followers_and_following:close_friends:media_list_data,Facebook,followers_and_following:close_friends:media_list_data,close_friends.json,media_list_data,relationships_close_friends/media_list_data,"[""relationships_close_friends""]","[""media_list_data""]",list,array,connections/followers_and_following/close_friends.json,No,pre-trial,connections/followers_and_following/close_friends.json/relationships_close_friends/media_list_data
695,followers_and_following:follow_requests_you've_received:title,Facebook,followers_and_following:follow_requests_you've_received:title,follow_requests_you've_received.json,title,relationships_follow_requests_received/title,"[""relationships_follow_requests_received""]","[""title""]",list,string,connections/followers_and_following/follow_requests_you've_received.json,No,pre-trial,connections/followers_and_following/follow_requests_you've_received.json/relationships_follow_requests_received/title
696,followers_and_following:follow_requests_you've_received:media_list_data,Facebook,followers_and_following:follow_requests_you've_received:media_list_data,follow_requests_you've_received.json,media_list_data,relationships_follow_requests_received/media_list_data,"[""relationships_follow_requests_received""]","[""media_list_data""]",list,array,connections/followers_and_following/follow_requests_you've_received.json,No,pre-trial,connections/followers_and_following/follow_requests_you've_received.json/relationships_follow_requests_received/media_list_data
697,followers_and_following:following:title,Facebook,followers_and_following:following:title,following.json,title,relationships_following/title,"[""relationships_following""]","[""title""]",list,string,connections/followers_and_following/following.json,No,pre-trial,connections/followers_and_following/following.json/relationships_following/title
698,followers_and_following:following:media_list_data,Facebook,followers_and_following:following:media_list_data,following.json,media_list_data,relationships_following/media_list_data,"[""relationships_following""]","[""media_list_data""]",list,array,connections/followers_and_following/following.json,No,pre-trial,connections/followers_and_following/following.json/relationships_following/media_list_data
699,personal_information:professional_information:title,Facebook,personal_information:professional_information:title,professional_information.json,title,profile_business/title,"[""profile_business""]","[""title""]",list,string,personal_information/personal_information/professional_information.json,No,pre-trial,personal_information/personal_information/professional_information.json/profile_business/title
700,settings:comments_allowed_from:title,Facebook,settings:comments_allowed_from:title,comments_allowed_from.json,title,settings_allow_comments_from/title,"[""settings_allow_comments_from""]","[""title""]",list,string,preferences/settings/comments_allowed_from.json,No,pre-trial,preferences/settings/comments_allowed_from.json/settings_allow_comments_from/title
701,your_topics:recommended_topics:title,Facebook,your_topics:recommended_topics:title,recommended_topics.json,title,topics_your_topics/title,"[""topics_your_topics""]","[""title""]",list,string,preferences/your_topics/recommended_topics.json,No,pre-trial,preferences/your_topics/recommended_topics.json/topics_your_topics/title
702,followers_and_following:followers_1:href,Facebook,followers_and_following:followers_1:href,followers_1.json,href,string_list_data/href,"[""string_list_data""]","[""href""]",list,string,connections/followers_and_following/followers_1.json,No,pre-trial,connections/followers_and_following/followers_1.json/string_list_data/href
703,followers_and_following:followers_1:value,Facebook,followers_and_following:followers_1:value,followers_1.json,value,string_list_data/value,"[""string_list_data""]","[""value""]",list,string,connections/followers_and_following/followers_1.json,No,pre-trial,connections/followers_and_following/followers_1.json/string_list_data/value
704,followers_and_following:followers_1:timestamp,Facebook,followers_and_following:followers_1:timestamp,followers_1.json,timestamp,string_list_data/timestamp,"[""string_list_data""]","[""timestamp""]",list,number,connections/followers_and_following/followers_1.json,No,pre-trial,connections/followers_and_following/followers_1.json/string_list_data/timestamp
705,followers_and_following:close_friends:href,Facebook,followers_and_following:close_friends:href,close_friends.json,href,relationships_close_friends/string_list_data/href,"[""relationships_close_friends"", ""string_list_data""]","[""href""]",list,string,connections/followers_and_following/close_friends.json,No,pre-trial,connections/followers_and_following/close_friends.json/relationships_close_friends/string_list_data/href
706,followers_and_following:close_friends:value,Facebook,followers_and_following:close_friends:value,close_friends.json,value,relationships_close_friends/string_list_data/value,"[""relationships_close_friends"", ""string_list_data""]","[""value""]",list,string,connections/followers_and_following/close_friends.json,No,pre-trial,connections/followers_and_following/close_friends.json/relationships_close_friends/string_list_data/value
707,followers_and_following:close_friends:timestamp,Facebook,followers_and_following:close_friends:timestamp,close_friends.json,timestamp,relationships_close_friends/string_list_data/timestamp,"[""relationships_close_friends"", ""string_list_data""]","[""timestamp""]",list,number,connections/followers_and_following/close_friends.json,No,pre-trial,connections/followers_and_following/close_friends.json/relationships_close_friends/string_list_data/timestamp
708,followers_and_following:follow_requests_you've_received:href,Facebook,followers_and_following:follow_requests_you've_received:href,follow_requests_you've_received.json,href,relationships_follow_requests_received/string_list_data/href,"[""relationships_follow_requests_received"", ""string_list_data""]","[""href""]",list,string,connections/followers_and_following/follow_requests_you've_received.json,No,pre-trial,connections/followers_and_following/follow_requests_you've_received.json/relationships_follow_requests_received/string_list_data/href
709,followers_and_following:follow_requests_you've_received:value,Facebook,followers_and_following:follow_requests_you've_received:value,follow_requests_you've_received.json,value,relationships_follow_requests_received/string_list_data/value,"[""relationships_follow_requests_received"", ""string_list_data""]","[""value""]",list,string,connections/followers_and_following/follow_requests_you've_received.json,No,pre-trial,connections/followers_and_following/follow_requests_you've_received.json/relationships_follow_requests_received/string_list_data/value
710,followers_and_following:follow_requests_you've_received:timestamp,Facebook,followers_and_following:follow_requests_you've_received:timestamp,follow_requests_you've_received.json,timestamp,relationships_follow_requests_received/string_list_data/timestamp,"[""relationships_follow_requests_received"", ""string_list_data""]","[""timestamp""]",list,number,connections/followers_and_following/follow_requests_you've_received.json,No,pre-trial,connections/followers_and_following/follow_requests_you've_received.json/relationships_follow_requests_received/string_list_data/timestamp
711,followers_and_following:following:href,Facebook,followers_and_following:following:href,following.json,href,relationships_following/string_list_data/href,"[""relationships_following"", ""string_list_data""]","[""href""]",list,string,connections/followers_and_following/following.json,No,pre-trial,connections/followers_and_following/following.json/relationships_following/string_list_data/href
712,followers_and_following:following:value,Facebook,followers_and_following:following:value,following.json,value,relationships_following/string_list_data/value,"[""relationships_following"", ""string_list_data""]","[""value""]",list,string,connections/followers_and_following/following.json,No,pre-trial,connections/followers_and_following/following.json/relationships_following/string_list_data/value
713,followers_and_following:following:timestamp,Facebook,followers_and_following:following:timestamp,following.json,timestamp,relationships_following/string_list_data/timestamp,"[""relationships_following"", ""string_list_data""]","[""timestamp""]",list,number,connections/followers_and_following/following.json,No,pre-trial,connections/followers_and_following/following.json/relationships_following/string_list_data/timestamp
714,settings:comments_allowed_from:href,Facebook,settings:comments_allowed_from:href,comments_allowed_from.json,href,settings_allow_comments_from/string_map_data/Comments Allowed From/href,"[""settings_allow_comments_from""]","[""string_map_data"", ""Comments Allowed From"", ""href""]",list,string,preferences/settings/comments_allowed_from.json,No,pre-trial,preferences/settings/comments_allowed_from.json/settings_allow_comments_from/string_map_data/Comments Allowed From/href
715,settings:comments_allowed_from:value,Facebook,settings:comments_allowed_from:value,comments_allowed_from.json,value,settings_allow_comments_from/string_map_data/Comments Allowed From/value,"[""settings_allow_comments_from""]","[""string_map_data"", ""Comments Allowed From"", ""value""]",list,string,preferences/settings/comments_allowed_from.json,No,pre-trial,preferences/settings/comments_allowed_from.json/settings_allow_comments_from/string_map_data/Comments Allowed From/value
716,settings:comments_allowed_from:timestamp,Facebook,settings:comments_allowed_from:timestamp,comments_allowed_from.json,timestamp,settings_allow_comments_from/string_map_data/Comments Allowed From/timestamp,"[""settings_allow_comments_from""]","[""string_map_data"", ""Comments Allowed From"", ""timestamp""]",list,number,preferences/settings/comments_allowed_from.json,No,pre-trial,preferences/settings/comments_allowed_from.json/settings_allow_comments_from/string_map_data/Comments Allowed From/timestamp
717,your_topics:recommended_topics:href,Facebook,your_topics:recommended_topics:href,recommended_topics.json,href,topics_your_topics/string_map_data/Name/href,"[""topics_your_topics""]","[""string_map_data"", ""Name"", ""href""]",list,string,preferences/your_topics/recommended_topics.json,No,pre-trial,preferences/your_topics/recommended_topics.json/topics_your_topics/string_map_data/Name/href
718,your_topics:recommended_topics:value,Facebook,your_topics:recommended_topics:value,recommended_topics.json,value,topics_your_topics/string_map_data/Name/value,"[""topics_your_topics""]","[""string_map_data"", ""Name"", ""value""]",list,string,preferences/your_topics/recommended_topics.json,No,pre-trial,preferences/your_topics/recommended_topics.json/topics_your_topics/string_map_data/Name/value
719,your_topics:recommended_topics:timestamp,Facebook,your_topics:recommended_topics:timestamp,recommended_topics.json,timestamp,topics_your_topics/string_map_data/Name/timestamp,"[""topics_your_topics""]","[""string_map_data"", ""Name"", ""timestamp""]",list,number,preferences/your_topics/recommended_topics.json,No,pre-trial,preferences/your_topics/recommended_topics.json/topics_your_topics/string_map_data/Name/timestamp
720,ads_and_topics:ads_viewed:value,Facebook,ads_and_topics:ads_viewed:value,ads_viewed.json,value,impressions_history_ads_seen/string_map_data/Author/value,"[""impressions_history_ads_seen""]","[""string_map_data"", ""Author"", ""value""]",list,string,ads_information/ads_and_topics/ads_viewed.json,No,pre-trial,ads_information/ads_and_topics/ads_viewed.json/impressions_history_ads_seen/string_map_data/Author/value
721,ads_and_topics:ads_viewed:timestamp,Facebook,ads_and_topics:ads_viewed:timestamp,ads_viewed.json,timestamp,impressions_history_ads_seen/string_map_data/Time/timestamp,"[""impressions_history_ads_seen""]","[""string_map_data"", ""Time"", ""timestamp""]",list,number,ads_information/ads_and_topics/ads_viewed.json,No,pre-trial,ads_information/ads_and_topics/ads_viewed.json/impressions_history_ads_seen/string_map_data/Time/timestamp
722,ads_and_topics:posts_viewed:value,Facebook,ads_and_topics:posts_viewed:value,posts_viewed.json,value,impressions_history_posts_seen/string_map_data/Author/value,"[""impressions_history_posts_seen""]","[""string_map_data"", ""Author"", ""value""]",list,string,ads_information/ads_and_topics/posts_viewed.json,No,pre-trial,ads_information/ads_and_topics/posts_viewed.json/impressions_history_posts_seen/string_map_data/Author/value
723,ads_and_topics:posts_viewed:timestamp,Facebook,ads_and_topics:posts_viewed:timestamp,posts_viewed.json,timestamp,impressions_history_posts_seen/string_map_data/Time/timestamp,"[""impressions_history_posts_seen""]","[""string_map_data"", ""Time"", ""timestamp""]",list,number,ads_information/ads_and_topics/posts_viewed.json,No,pre-trial,ads_information/ads_and_topics/posts_viewed.json/impressions_history_posts_seen/string_map_data/Time/timestamp
724,ads_and_topics:videos_watched:value,Facebook,ads_and_topics:videos_watched:value,videos_watched.json,value,impressions_history_videos_watched/string_map_data/Author/value,"[""impressions_history_videos_watched""]","[""string_map_data"", ""Author"", ""value""]",list,string,ads_information/ads_and_topics/videos_watched.json,No,pre-trial,ads_information/ads_and_topics/videos_watched.json/impressions_history_videos_watched/string_map_data/Author/value
725,ads_and_topics:videos_watched:timestamp,Facebook,ads_and_topics:videos_watched:timestamp,videos_watched.json,timestamp,impressions_history_videos_watched/string_map_data/Time/timestamp,"[""impressions_history_videos_watched""]","[""string_map_data"", ""Time"", ""timestamp""]",list,number,ads_information/ads_and_topics/videos_watched.json,No,pre-trial,ads_information/ads_and_topics/videos_watched.json/impressions_history_videos_watched/string_map_data/Time/timestamp
726,profile_information:preferences:preferences:privacy_settings:media,Facebook,preferences:preferences:privacy_settings:media,privacy_settings.json,media,media,,"[""media""]",static,array,personal_information/profile_information/preferences/preferences/privacy_settings.json,No,pre-trial,personal_information/profile_information/preferences/preferences/privacy_settings.json/media
727,profile_information:preferences:preferences:privacy_settings:fbid,Facebook,preferences:preferences:privacy_settings:fbid,privacy_settings.json,fbid,fbid,,"[""fbid""]",static,string,personal_information/profile_information/preferences/preferences/privacy_settings.json,No,pre-trial,personal_information/profile_information/preferences/preferences/privacy_settings.json/fbid
728,profile_information:preferences:preferences:your_story_highlights:media,Facebook,preferences:preferences:your_story_highlights:media,your_story_highlights.json,media,media,,"[""media""]",static,array,personal_information/profile_information/preferences/preferences/your_story_highlights.json,No,pre-trial,personal_information/profile_information/preferences/preferences/your_story_highlights.json/media
729,profile_information:preferences:preferences:your_story_highlights:fbid,Facebook,preferences:preferences:your_story_highlights:fbid,your_story_highlights.json,fbid,fbid,,"[""fbid""]",static,string,personal_information/profile_information/preferences/preferences/your_story_highlights.json,No,pre-trial,personal_information/profile_information/preferences/preferences/your_story_highlights.json/fbid
730,profile_information:preferences:preferences:reels_preferences:media,Facebook,preferences:preferences:reels_preferences:media,reels_preferences.json,media,media,,"[""media""]",static,array,personal_information/profile_information/preferences/preferences/reels_preferences.json,No,pre-trial,personal_information/profile_information/preferences/preferences/reels_preferences.json/media
731,profile_information:preferences:preferences:reels_preferences:fbid,Facebook,preferences:preferences:reels_preferences:fbid,reels_preferences.json,fbid,fbid,,"[""fbid""]",static,string,personal_information/profile_information/preferences/preferences/reels_preferences.json,No,pre-trial,personal_information/profile_information/preferences/preferences/reels_preferences.json/fbid
732,profile_information:preferences:preferences:your_watch_settings:media,Facebook,preferences:preferences:your_watch_settings:media,your_watch_settings.json,media,media,,"[""media""]",static,array,personal_information/profile_information/preferences/preferences/your_watch_settings.json,No,pre-trial,personal_information/profile_information/preferences/preferences/your_watch_settings.json/media
733,profile_information:preferences:preferences:your_watch_settings:fbid,Facebook,preferences:preferences:your_watch_settings:fbid,your_watch_settings.json,fbid,fbid,,"[""fbid""]",static,string,personal_information/profile_information/preferences/preferences/your_watch_settings.json,No,pre-trial,personal_information/profile_information/preferences/preferences/your_watch_settings.json/fbid
734,profile_information:preferences:feed:snooze:media,Facebook,feed:snooze:media,snooze.json,media,media,,"[""media""]",static,array,personal_information/profile_information/preferences/feed/snooze.json,No,pre-trial,personal_information/profile_information/preferences/feed/snooze.json/media
735,profile_information:preferences:feed:snooze:fbid,Facebook,feed:snooze:fbid,snooze.json,fbid,fbid,,"[""fbid""]",static,string,personal_information/profile_information/preferences/feed/snooze.json,No,pre-trial,personal_information/profile_information/preferences/feed/snooze.json/fbid
736,profile_information:your_facebook_activity:other_activity:your_recently_followed_history:media,Facebook,your_facebook_activity:other_activity:your_recently_followed_history:media,your_recently_followed_history.json,media,media,,"[""media""]",static,array,personal_information/profile_information/your_facebook_activity/other_activity/your_recently_followed_history.json,No,pre-trial,personal_information/profile_information/your_facebook_activity/other_activity/your_recently_followed_history.json/media
737,profile_information:your_facebook_activity:other_activity:your_recently_followed_history:fbid,Facebook,your_facebook_activity:other_activity:your_recently_followed_history:fbid,your_recently_followed_history.json,fbid,fbid,,"[""fbid""]",static,string,personal_information/profile_information/your_facebook_activity/other_activity/your_recently_followed_history.json,No,pre-trial,personal_information/profile_information/your_facebook_activity/other_activity/your_recently_followed_history.json/fbid
738,profile_information:your_facebook_activity:other_activity:your_information_download_requests:timestamp,Facebook,your_facebook_activity:other_activity:your_information_download_requests:timestamp,your_information_download_requests.json,timestamp,timestamp,,"[""timestamp""]",static,number,personal_information/profile_information/your_facebook_activity/other_activity/your_information_download_requests.json,No,pre-trial,personal_information/profile_information/your_facebook_activity/other_activity/your_information_download_requests.json/timestamp
739,profile_information:your_facebook_activity:other_activity:your_video_consumption_summary:media,Facebook,other_activity:your_video_consumption_summary:media,your_video_consumption_summary.json,media,media,,"[""media""]",static,array,personal_information/profile_information/your_facebook_activity/other_activity/your_video_consumption_summary.json,No,pre-trial,personal_information/profile_information/your_facebook_activity/other_activity/your_video_consumption_summary.json/media
740,profile_information:your_facebook_activity:other_activity:your_video_consumption_summary:fbid,Facebook,other_activity:your_video_consumption_summary:fbid,your_video_consumption_summary.json,fbid,fbid,,"[""fbid""]",static,string,personal_information/profile_information/your_facebook_activity/other_activity/your_video_consumption_summary.json,No,pre-trial,personal_information/profile_information/your_facebook_activity/other_activity/your_video_consumption_summary.json/fbid
741,profile_information:your_facebook_activity:comments_and_reactions:your_comment_active_days:media,Facebook,comments_and_reactions:your_comment_active_days:media,your_comment_active_days.json,media,media,,"[""media""]",static,array,personal_information/profile_information/your_facebook_activity/comments_and_reactions/your_comment_active_days.json,No,pre-trial,personal_information/profile_information/your_facebook_activity/comments_and_reactions/your_comment_active_days.json/media
742,profile_information:your_facebook_activity:comments_and_reactions:your_comment_active_days:fbid,Facebook,comments_and_reactions:your_comment_active_days:fbid,your_comment_active_days.json,fbid,fbid,,"[""fbid""]",static,string,personal_information/profile_information/your_facebook_activity/comments_and_reactions/your_comment_active_days.json,No,pre-trial,personal_information/profile_information/your_facebook_activity/comments_and_reactions/your_comment_active_days.json/fbid
743,messages:support_messages:8752122044910884:timestamp,Facebook,messages:support_messages:8752122044910884:timestamp,support_messages.json,timestamp,support_messages/8752122044910884/timestamp,,"[""support_messages"", ""8752122044910884"", ""timestamp""]",static,number,personal_information/profile_information/your_facebook_activity/messages/support_messages.json,No,pre-trial,personal_information/profile_information/your_facebook_activity/messages/support_messages.json/support_messages/8752122044910884/timestamp
744,messages:support_messages:8752122044910884:subject,Facebook,messages:support_messages:8752122044910884:subject,support_messages.json,subject,support_messages/8752122044910884/subject,,"[""support_messages"", ""8752122044910884"", ""subject""]",static,string,personal_information/profile_information/your_facebook_activity/messages/support_messages.json,No,pre-trial,personal_information/profile_information/your_facebook_activity/messages/support_messages.json/support_messages/8752122044910884/subject
745,messages:support_messages:7156925894430515:timestamp,Facebook,messages:support_messages:7156925894430515:timestamp,support_messages.json,timestamp,support_messages/7156925894430515/timestamp,,"[""support_messages"", ""7156925894430515"", ""timestamp""]",static,number,personal_information/profile_information/your_facebook_activity/messages/support_messages.json,No,pre-trial,personal_information/profile_information/your_facebook_activity/messages/support_messages.json/support_messages/7156925894430515/timestamp
746,messages:support_messages:7156925894430515:subject,Facebook,messages:support_messages:7156925894430515:subject,support_messages.json,subject,support_messages/7156925894430515/subject,,"[""support_messages"", ""7156925894430515"", ""subject""]",static,string,personal_information/profile_information/your_facebook_activity/messages/support_messages.json,No,pre-trial,personal_information/profile_information/your_facebook_activity/messages/support_messages.json/support_messages/7156925894430515/subject
747,profile_information:your_facebook_activity:posts:posts_on_other_pages_and_profiles:timestamp,Facebook,your_facebook_activity:posts:posts_on_other_pages_and_profiles:timestamp,posts_on_other_pages_and_profiles.json,timestamp,timestamp,[],"[""timestamp""]",list,number,personal_information/profile_information/your_facebook_activity/posts/posts_on_other_pages_and_profiles.json,No,pre-trial,personal_information/profile_information/your_facebook_activity/posts/posts_on_other_pages_and_profiles.json/timestamp
748,profile_information:your_facebook_activity:posts:posts_on_other_pages_and_profiles:media,Facebook,your_facebook_activity:posts:posts_on_other_pages_and_profiles:media,posts_on_other_pages_and_profiles.json,media,media,[],"[""media""]",list,array,personal_information/profile_information/your_facebook_activity/posts/posts_on_other_pages_and_profiles.json,No,pre-trial,personal_information/profile_information/your_facebook_activity/posts/posts_on_other_pages_and_profiles.json/media
749,profile_information:your_facebook_activity:posts:posts_on_other_pages_and_profiles:fbid,Facebook,your_facebook_activity:posts:posts_on_other_pages_and_profiles:fbid,posts_on_other_pages_and_profiles.json,fbid,fbid,[],"[""fbid""]",list,string,personal_information/profile_information/your_facebook_activity/posts/posts_on_other_pages_and_profiles.json,No,pre-trial,personal_information/profile_information/your_facebook_activity/posts/posts_on_other_pages_and_profiles.json/fbid
750,profile_information:your_facebook_activity:posts:content_sharing_links_you_have_created:timestamp,Facebook,your_facebook_activity:posts:content_sharing_links_you_have_created:timestamp,content_sharing_links_you_have_created.json,timestamp,timestamp,[],"[""timestamp""]",list,number,personal_information/profile_information/your_facebook_activity/posts/content_sharing_links_you_have_created.json,No,pre-trial,personal_information/profile_information/your_facebook_activity/posts/content_sharing_links_you_have_created.json/timestamp
751,profile_information:your_facebook_activity:posts:content_sharing_links_you_have_created:media,Facebook,your_facebook_activity:posts:content_sharing_links_you_have_created:media,content_sharing_links_you_have_created.json,media,media,[],"[""media""]",list,array,personal_information/profile_information/your_facebook_activity/posts/content_sharing_links_you_have_created.json,No,pre-trial,personal_information/profile_information/your_facebook_activity/posts/content_sharing_links_you_have_created.json/media
752,profile_information:your_facebook_activity:posts:content_sharing_links_you_have_created:fbid,Facebook,your_facebook_activity:posts:content_sharing_links_you_have_created:fbid,content_sharing_links_you_have_created.json,fbid,fbid,[],"[""fbid""]",list,string,personal_information/profile_information/your_facebook_activity/posts/content_sharing_links_you_have_created.json,No,pre-trial,personal_information/profile_information/your_facebook_activity/posts/content_sharing_links_you_have_created.json/fbid
753,profile_information:your_facebook_activity:other_activity:time_spent_on_facebook:timestamp,Facebook,other_activity:time_spent_on_facebook:timestamp,time_spent_on_facebook.json,timestamp,timestamp,[],"[""timestamp""]",list,number,personal_information/profile_information/your_facebook_activity/other_activity/time_spent_on_facebook.json,No,pre-trial,personal_information/profile_information/your_facebook_activity/other_activity/time_spent_on_facebook.json/timestamp
754,profile_information:your_facebook_activity:other_activity:time_spent_on_facebook:media,Facebook,other_activity:time_spent_on_facebook:media,time_spent_on_facebook.json,media,media,[],"[""media""]",list,array,personal_information/profile_information/your_facebook_activity/other_activity/time_spent_on_facebook.json,No,pre-trial,personal_information/profile_information/your_facebook_activity/other_activity/time_spent_on_facebook.json/media
755,profile_information:your_facebook_activity:other_activity:time_spent_on_facebook:fbid,Facebook,other_activity:time_spent_on_facebook:fbid,time_spent_on_facebook.json,fbid,fbid,[],"[""fbid""]",list,string,personal_information/profile_information/your_facebook_activity/other_activity/time_spent_on_facebook.json,No,pre-trial,personal_information/profile_information/your_facebook_activity/other_activity/time_spent_on_facebook.json/fbid
756,profile_information:your_facebook_activity:comments_and_reactions:likes_and_reactions_1:timestamp,Facebook,comments_and_reactions:likes_and_reactions_1:timestamp,likes_and_reactions_1.json,timestamp,timestamp,[],"[""timestamp""]",list,number,personal_information/profile_information/your_facebook_activity/comments_and_reactions/likes_and_reactions_1.json,No,pre-trial,personal_information/profile_information/your_facebook_activity/comments_and_reactions/likes_and_reactions_1.json/timestamp
757,profile_information:your_facebook_activity:comments_and_reactions:your_comment_edits:timestamp,Facebook,comments_and_reactions:your_comment_edits:timestamp,your_comment_edits.json,timestamp,timestamp,[],"[""timestamp""]",list,number,personal_information/profile_information/your_facebook_activity/comments_and_reactions/your_comment_edits.json,No,pre-trial,personal_information/profile_information/your_facebook_activity/comments_and_reactions/your_comment_edits.json/timestamp
758,profile_information:your_facebook_activity:comments_and_reactions:your_comment_edits:media,Facebook,comments_and_reactions:your_comment_edits:media,your_comment_edits.json,media,media,[],"[""media""]",list,array,personal_information/profile_information/your_facebook_activity/comments_and_reactions/your_comment_edits.json,No,pre-trial,personal_information/profile_information/your_facebook_activity/comments_and_reactions/your_comment_edits.json/media
759,profile_information:your_facebook_activity:comments_and_reactions:your_comment_edits:fbid,Facebook,comments_and_reactions:your_comment_edits:fbid,your_comment_edits.json,fbid,fbid,[],"[""fbid""]",list,string,personal_information/profile_information/your_facebook_activity/comments_and_reactions/your_comment_edits.json,No,pre-trial,personal_information/profile_information/your_facebook_activity/comments_and_reactions/your_comment_edits.json/fbid
760,profile_information:your_facebook_activity:posts:edits_you_made_to_posts:timestamp,Facebook,posts:edits_you_made_to_posts:timestamp,edits_you_made_to_posts.json,timestamp,timestamp,[],"[""timestamp""]",list,number,personal_information/profile_information/your_facebook_activity/posts/edits_you_made_to_posts.json,No,pre-trial,personal_information/profile_information/your_facebook_activity/posts/edits_you_made_to_posts.json/timestamp
761,profile_information:your_facebook_activity:posts:edits_you_made_to_posts:media,Facebook,posts:edits_you_made_to_posts:media,edits_you_made_to_posts.json,media,media,[],"[""media""]",list,array,personal_information/profile_information/your_facebook_activity/posts/edits_you_made_to_posts.json,No,pre-trial,personal_information/profile_information/your_facebook_activity/posts/edits_you_made_to_posts.json/media
762,profile_information:your_facebook_activity:posts:edits_you_made_to_posts:fbid,Facebook,posts:edits_you_made_to_posts:fbid,edits_you_made_to_posts.json,fbid,fbid,[],"[""fbid""]",list,string,personal_information/profile_information/your_facebook_activity/posts/edits_you_made_to_posts.json,No,pre-trial,personal_information/profile_information/your_facebook_activity/posts/edits_you_made_to_posts.json/fbid
763,profile_information:your_facebook_activity:comments_and_reactions:likes_and_reactions:timestamp,Facebook,comments_and_reactions:likes_and_reactions:timestamp,likes_and_reactions.json,timestamp,timestamp,[],"[""timestamp""]",list,number,personal_information/profile_information/your_facebook_activity/comments_and_reactions/likes_and_reactions.json,No,pre-trial,personal_information/profile_information/your_facebook_activity/comments_and_reactions/likes_and_reactions.json/timestamp
764,profile_information:your_facebook_activity:comments_and_reactions:likes_and_reactions:media,Facebook,comments_and_reactions:likes_and_reactions:media,likes_and_reactions.json,media,media,[],"[""media""]",list,array,personal_information/profile_information/your_facebook_activity/comments_and_reactions/likes_and_reactions.json,No,pre-trial,personal_information/profile_information/your_facebook_activity/comments_and_reactions/likes_and_reactions.json/media
765,profile_information:your_facebook_activity:comments_and_reactions:likes_and_reactions:fbid,Facebook,comments_and_reactions:likes_and_reactions:fbid,likes_and_reactions.json,fbid,fbid,[],"[""fbid""]",list,string,personal_information/profile_information/your_facebook_activity/comments_and_reactions/likes_and_reactions.json,No,pre-trial,personal_information/profile_information/your_facebook_activity/comments_and_reactions/likes_and_reactions.json/fbid
766,profile_information:your_facebook_activity:posts:your_posts__check_ins__photos_and_videos_1:timestamp,Facebook,your_facebook_activity:posts:your_posts__check_ins__photos_and_videos_1:timestamp,your_posts__check_ins__photos_and_videos_1.json,timestamp,timestamp,[],"[""timestamp""]",list,number,personal_information/profile_information/your_facebook_activity/posts/your_posts__check_ins__photos_and_videos_1.json,No,pre-trial,personal_information/profile_information/your_facebook_activity/posts/your_posts__check_ins__photos_and_videos_1.json/timestamp
767,profile_information:preferences:preferences:privacy_settings:label_values:label,Facebook,preferences:preferences:privacy_settings:label_values:label,privacy_settings.json,label,label_values/label,"[""label_values""]","[""label""]",list,string,personal_information/profile_information/preferences/preferences/privacy_settings.json,No,pre-trial,personal_information/profile_information/preferences/preferences/privacy_settings.json/label_values/label
768,profile_information:preferences:preferences:your_story_highlights:label_values:label,Facebook,preferences:preferences:your_story_highlights:label_values:label,your_story_highlights.json,label,label_values/label,"[""label_values""]","[""label""]",list,string,personal_information/profile_information/preferences/preferences/your_story_highlights.json,No,pre-trial,personal_information/profile_information/preferences/preferences/your_story_highlights.json/label_values/label
769,profile_information:preferences:preferences:your_story_highlights:label_values:value,Facebook,preferences:preferences:your_story_highlights:label_values:value,your_story_highlights.json,value,label_values/value,"[""label_values""]","[""value""]",list,string,personal_information/profile_information/preferences/preferences/your_story_highlights.json,No,pre-trial,personal_information/profile_information/preferences/preferences/your_story_highlights.json/label_values/value
770,profile_information:preferences:preferences:reels_preferences:label_values:label,Facebook,preferences:preferences:reels_preferences:label_values:label,reels_preferences.json,label,label_values/label,"[""label_values""]","[""label""]",list,string,personal_information/profile_information/preferences/preferences/reels_preferences.json,No,pre-trial,personal_information/profile_information/preferences/preferences/reels_preferences.json/label_values/label
771,profile_information:preferences:preferences:reels_preferences:label_values:value,Facebook,preferences:preferences:reels_preferences:label_values:value,reels_preferences.json,value,label_values/value,"[""label_values""]","[""value""]",list,string,personal_information/profile_information/preferences/preferences/reels_preferences.json,No,pre-trial,personal_information/profile_information/preferences/preferences/reels_preferences.json/label_values/value
772,profile_information:preferences:preferences:video:watch_videos_v2:video_title,Facebook,preferences:preferences:video:watch_videos_v2:video_title,video.json,video_title,watch_videos_v2/video_title,"[""watch_videos_v2""]","[""video_title""]",list,string,personal_information/profile_information/preferences/preferences/video.json,No,pre-trial,personal_information/profile_information/preferences/preferences/video.json/watch_videos_v2/video_title
773,profile_information:preferences:preferences:video:watch_videos_v2:user_action,Facebook,preferences:preferences:video:watch_videos_v2:user_action,video.json,user_action,watch_videos_v2/user_action,"[""watch_videos_v2""]","[""user_action""]",list,string,personal_information/profile_information/preferences/preferences/video.json,No,pre-trial,personal_information/profile_information/preferences/preferences/video.json/watch_videos_v2/user_action
774,profile_information:preferences:preferences:video:watch_videos_v2:action_time,Facebook,preferences:preferences:video:watch_videos_v2:action_time,video.json,action_time,watch_videos_v2/action_time,"[""watch_videos_v2""]","[""action_time""]",list,string,personal_information/profile_information/preferences/preferences/video.json,No,pre-trial,personal_information/profile_information/preferences/preferences/video.json/watch_videos_v2/action_time
775,profile_information:preferences:preferences:video:watch_videos_v2:feedback_collection,Facebook,preferences:preferences:video:watch_videos_v2:feedback_collection,video.json,feedback_collection,watch_videos_v2/feedback_collection,"[""watch_videos_v2""]","[""feedback_collection""]",list,string,personal_information/profile_information/preferences/preferences/video.json,No,pre-trial,personal_information/profile_information/preferences/preferences/video.json/watch_videos_v2/feedback_collection
776,profile_information:preferences:preferences:your_watch_settings:label_values:label,Facebook,preferences:preferences:your_watch_settings:label_values:label,your_watch_settings.json,label,label_values/label,"[""label_values""]","[""label""]",list,string,personal_information/profile_information/preferences/preferences/your_watch_settings.json,No,pre-trial,personal_information/profile_information/preferences/preferences/your_watch_settings.json/label_values/label
777,profile_information:preferences:preferences:your_watch_settings:label_values:value,Facebook,preferences:preferences:your_watch_settings:label_values:value,your_watch_settings.json,value,label_values/value,"[""label_values""]","[""value""]",list,string,personal_information/profile_information/preferences/preferences/your_watch_settings.json,No,pre-trial,personal_information/profile_information/preferences/preferences/your_watch_settings.json/label_values/value
778,profile_information:preferences:feed:controls:controls:name,Facebook,feed:controls:controls:name,controls.json,name,controls/name,"[""controls""]","[""name""]",list,string,personal_information/profile_information/preferences/feed/controls.json,No,pre-trial,personal_information/profile_information/preferences/feed/controls.json/controls/name
779,profile_information:preferences:feed:controls:controls:description,Facebook,feed:controls:description,controls.json,description,controls/description,"[""controls""]","[""description""]",list,string,personal_information/profile_information/preferences/feed/controls.json,No,pre-trial,personal_information/profile_information/preferences/feed/controls.json/controls/description
780,profile_information:preferences:feed:snooze:label_values:label,Facebook,feed:snooze:label,snooze.json,label,label_values/label,"[""label_values""]","[""label""]",list,string,personal_information/profile_information/preferences/feed/snooze.json,No,pre-trial,personal_information/profile_information/preferences/feed/snooze.json/label_values/label
781,profile_information:preferences:feed:snooze:label_values:value,Facebook,feed:snooze:value,snooze.json,value,label_values/value,"[""label_values""]","[""value""]",list,string,personal_information/profile_information/preferences/feed/snooze.json,No,pre-trial,personal_information/profile_information/preferences/feed/snooze.json/label_values/value
782,profile_information:your_facebook_activity:posts:your_videos:videos_v2:uri,Facebook,posts:your_videos:uri,your_videos.json,uri,videos_v2/uri,"[""videos_v2""]","[""uri""]",list,string,personal_information/profile_information/your_facebook_activity/posts/your_videos.json,No,pre-trial,personal_information/profile_information/your_facebook_activity/posts/your_videos.json/videos_v2/uri
783,profile_information:your_facebook_activity:posts:your_videos:videos_v2:creation_timestamp,Facebook,posts:your_videos:creation_timestamp,your_videos.json,creation_timestamp,videos_v2/creation_timestamp,"[""videos_v2""]","[""creation_timestamp""]",list,number,personal_information/profile_information/your_facebook_activity/posts/your_videos.json,No,pre-trial,personal_information/profile_information/your_facebook_activity/posts/your_videos.json/videos_v2/creation_timestamp
784,profile_information:your_facebook_activity:posts:your_videos:videos_v2:title,Facebook,posts:your_videos:title,your_videos.json,title,videos_v2/title,"[""videos_v2""]","[""title""]",list,string,personal_information/profile_information/your_facebook_activity/posts/your_videos.json,No,pre-trial,personal_information/profile_information/your_facebook_activity/posts/your_videos.json/videos_v2/title
785,profile_information:your_facebook_activity:posts:your_videos:videos_v2:description,Facebook,posts:your_videos:description,your_videos.json,description,videos_v2/description,"[""videos_v2""]","[""description""]",list,string,personal_information/profile_information/your_facebook_activity/posts/your_videos.json,No,pre-trial,personal_information/profile_information/your_facebook_activity/posts/your_videos.json/videos_v2/description
786,profile_information:your_facebook_activity:posts:your_videos:videos_v2:dubbing_info,Facebook,posts:your_videos:dubbing_info,your_videos.json,dubbing_info,videos_v2/dubbing_info,"[""videos_v2""]","[""dubbing_info""]",list,array,personal_information/profile_information/your_facebook_activity/posts/your_videos.json,No,pre-trial,personal_information/profile_information/your_facebook_activity/posts/your_videos.json/videos_v2/dubbing_info
787,profile_information:your_facebook_activity:posts:your_videos:videos_v2:media_variants,Facebook,posts:your_videos:media_variants,your_videos.json,media_variants,videos_v2/media_variants,"[""videos_v2""]","[""media_variants""]",list,array,personal_information/profile_information/your_facebook_activity/posts/your_videos.json,No,pre-trial,personal_information/profile_information/your_facebook_activity/posts/your_videos.json/videos_v2/media_variants
788,profile_information:your_facebook_activity:other_activity:your_recently_followed_history:label_values:label,Facebook,your_facebook_activity:other_activity:your_recently_followed_history:label_values:label,your_recently_followed_history.json,label,label_values/label,"[""label_values""]","[""label""]",list,string,personal_information/profile_information/your_facebook_activity/other_activity/your_recently_followed_history.json,No,pre-trial,personal_information/profile_information/your_facebook_activity/other_activity/your_recently_followed_history.json/label_values/label
789,profile_information:your_facebook_activity:other_activity:your_video_consumption_summary:label_values:label,Facebook,other_activity:your_video_consumption_summary:label,your_video_consumption_summary.json,label,label_values/label,"[""label_values""]","[""label""]",list,string,personal_information/profile_information/your_facebook_activity/other_activity/your_video_consumption_summary.json,No,pre-trial,personal_information/profile_information/your_facebook_activity/other_activity/your_video_consumption_summary.json/label_values/label
790,profile_information:your_facebook_activity:comments_and_reactions:comments:comments_v2:timestamp,Facebook,comments_and_reactions:comments:comments_v2:timestamp,comments.json,timestamp,comments_v2/timestamp,"[""comments_v2""]","[""timestamp""]",list,number,personal_information/profile_information/your_facebook_activity/comments_and_reactions/comments.json,No,pre-trial,personal_information/profile_information/your_facebook_activity/comments_and_reactions/comments.json/comments_v2/timestamp
791,profile_information:your_facebook_activity:comments_and_reactions:your_comment_active_days:label_values:label,Facebook,comments_and_reactions:your_comment_active_days:label,your_comment_active_days.json,label,label_values/label,"[""label_values""]","[""label""]",list,string,personal_information/profile_information/your_facebook_activity/comments_and_reactions/your_comment_active_days.json,No,pre-trial,personal_information/profile_information/your_facebook_activity/comments_and_reactions/your_comment_active_days.json/label_values/label
792,profile_information:your_facebook_activity:comments_and_reactions:your_comment_active_days:label_values:value,Facebook,comments_and_reactions:your_comment_active_days:value,your_comment_active_days.json,value,label_values/value,"[""label_values""]","[""value""]",list,string,personal_information/profile_information/your_facebook_activity/comments_and_reactions/your_comment_active_days.json,No,pre-trial,personal_information/profile_information/your_facebook_activity/comments_and_reactions/your_comment_active_days.json/label_values/value
793,profile_information:your_facebook_activity:groups:your_comments_in_groups:group_comments_v2:timestamp,Facebook,groups:your_comments_in_groups:group_comments_v2:timestamp,your_comments_in_groups.json,timestamp,group_comments_v2/timestamp,"[""group_comments_v2""]","[""timestamp""]",list,number,personal_information/profile_information/your_facebook_activity/groups/your_comments_in_groups.json,No,pre-trial,personal_information/profile_information/your_facebook_activity/groups/your_comments_in_groups.json/group_comments_v2/timestamp
794,profile_information:your_facebook_activity:groups:your_group_membership_activity:groups_joined_v2:timestamp,Facebook,groups:your_group_membership_activity:timestamp,your_group_membership_activity.json,timestamp,groups_joined_v2/timestamp,"[""groups_joined_v2""]","[""timestamp""]",list,number,personal_information/profile_information/your_facebook_activity/groups/your_group_membership_activity.json,No,pre-trial,personal_information/profile_information/your_facebook_activity/groups/your_group_membership_activity.json/groups_joined_v2/timestamp
795,profile_information:your_facebook_activity:groups:your_group_membership_activity:groups_joined_v2:title,Facebook,groups:your_group_membership_activity:title,your_group_membership_activity.json,title,groups_joined_v2/title,"[""groups_joined_v2""]","[""title""]",list,string,personal_information/profile_information/your_facebook_activity/groups/your_group_membership_activity.json,No,pre-trial,personal_information/profile_information/your_facebook_activity/groups/your_group_membership_activity.json/groups_joined_v2/title
796,profile_information:your_facebook_activity:saved_items_and_collections:your_saved_items:saves_v2:timestamp,Facebook,saved_items_and_collections:your_saved_items:timestamp,your_saved_items.json,timestamp,saves_v2/timestamp,"[""saves_v2""]","[""timestamp""]",list,number,personal_information/profile_information/your_facebook_activity/saved_items_and_collections/your_saved_items.json,No,pre-trial,personal_information/profile_information/your_facebook_activity/saved_items_and_collections/your_saved_items.json/saves_v2/timestamp
797,profile_information:your_facebook_activity:saved_items_and_collections:your_saved_items:saves_v2:title,Facebook,saved_items_and_collections:your_saved_items:title,your_saved_items.json,title,saves_v2/title,"[""saves_v2""]","[""title""]",list,string,personal_information/profile_information/your_facebook_activity/saved_items_and_collections/your_saved_items.json,No,pre-trial,personal_information/profile_information/your_facebook_activity/saved_items_and_collections/your_saved_items.json/saves_v2/title
798,profile_information:your_facebook_activity:stories:story_reactions:stories_feedback_v2:title,Facebook,stories:story_reactions:title,story_reactions.json,title,stories_feedback_v2/title,"[""stories_feedback_v2""]","[""title""]",list,string,personal_information/profile_information/your_facebook_activity/stories/story_reactions.json,No,pre-trial,personal_information/profile_information/your_facebook_activity/stories/story_reactions.json/stories_feedback_v2/title
799,profile_information:your_facebook_activity:pages:pages_you've_liked:page_likes_v2:name,Facebook,pages:pages_you've_liked:name,pages_you've_liked.json,name,page_likes_v2/name,"[""page_likes_v2""]","[""name""]",list,string,personal_information/profile_information/your_facebook_activity/pages/pages_you've_liked.json,No,pre-trial,personal_information/profile_information/your_facebook_activity/pages/pages_you've_liked.json/page_likes_v2/name
800,profile_information:your_facebook_activity:pages:pages_you've_liked:page_likes_v2:timestamp,Facebook,pages:pages_you've_liked:timestamp,pages_you've_liked.json,timestamp,page_likes_v2/timestamp,"[""page_likes_v2""]","[""timestamp""]",list,number,personal_information/profile_information/your_facebook_activity/pages/pages_you've_liked.json,No,pre-trial,personal_information/profile_information/your_facebook_activity/pages/pages_you've_liked.json/page_likes_v2/timestamp
801,profile_information:your_facebook_activity:pages:pages_you've_liked:page_likes_v2:url,Facebook,pages:pages_you've_liked:url,pages_you've_liked.json,url,page_likes_v2/url,"[""page_likes_v2""]","[""url""]",list,string,personal_information/profile_information/your_facebook_activity/pages/pages_you've_liked.json,No,pre-trial,personal_information/profile_information/your_facebook_activity/pages/pages_you've_liked.json/page_likes_v2/url
802,profile_information:your_facebook_activity:pages:pages_and_profiles_you_follow:pages_followed_v2:timestamp,Facebook,pages:pages_and_profiles_you_follow:timestamp,pages_and_profiles_you_follow.json,timestamp,pages_followed_v2/timestamp,"[""pages_followed_v2""]","[""timestamp""]",list,number,personal_information/profile_information/your_facebook_activity/pages/pages_and_profiles_you_follow.json,No,pre-trial,personal_information/profile_information/your_facebook_activity/pages/pages_and_profiles_you_follow.json/pages_followed_v2/timestamp
803,profile_information:your_facebook_activity:pages:pages_and_profiles_you_follow:pages_followed_v2:title,Facebook,pages:pages_and_profiles_you_follow:title,pages_and_profiles_you_follow.json,title,pages_followed_v2/title,"[""pages_followed_v2""]","[""title""]",list,string,personal_information/profile_information/your_facebook_activity/pages/pages_and_profiles_you_follow.json,No,pre-trial,personal_information/profile_information/your_facebook_activity/pages/pages_and_profiles_you_follow.json/pages_followed_v2/title
804,profile_information:your_facebook_activity:posts:posts_on_other_pages_and_profiles:label_values:label,Facebook,your_facebook_activity:posts:posts_on_other_pages_and_profiles:label_values:label,posts_on_other_pages_and_profiles.json,label,label_values/label,"[""label_values""]","[""label""]",list,string,personal_information/profile_information/your_facebook_activity/posts/posts_on_other_pages_and_profiles.json,No,pre-trial,personal_information/profile_information/your_facebook_activity/posts/posts_on_other_pages_and_profiles.json/label_values/label
805,profile_information:your_facebook_activity:posts:posts_on_other_pages_and_profiles:label_values:value,Facebook,your_facebook_activity:posts:posts_on_other_pages_and_profiles:label_values:value,posts_on_other_pages_and_profiles.json,value,label_values/value,"[""label_values""]","[""value""]",list,string,personal_information/profile_information/your_facebook_activity/posts/posts_on_other_pages_and_profiles.json,No,pre-trial,personal_information/profile_information/your_facebook_activity/posts/posts_on_other_pages_and_profiles.json/label_values/value
806,profile_information:your_facebook_activity:posts:content_sharing_links_you_have_created:label_values:label,Facebook,your_facebook_activity:posts:content_sharing_links_you_have_created:label_values:label,content_sharing_links_you_have_created.json,label,label_values/label,"[""label_values""]","[""label""]",list,string,personal_information/profile_information/your_facebook_activity/posts/content_sharing_links_you_have_created.json,No,pre-trial,personal_information/profile_information/your_facebook_activity/posts/content_sharing_links_you_have_created.json/label_values/label
807,profile_information:your_facebook_activity:posts:content_sharing_links_you_have_created:label_values:value,Facebook,your_facebook_activity:posts:content_sharing_links_you_have_created:label_values:value,content_sharing_links_you_have_created.json,value,label_values/value,"[""label_values""]","[""value""]",list,string,personal_information/profile_information/your_facebook_activity/posts/content_sharing_links_you_have_created.json,No,pre-trial,personal_information/profile_information/your_facebook_activity/posts/content_sharing_links_you_have_created.json/label_values/value
808,profile_information:your_facebook_activity:posts:content_sharing_links_you_have_created:label_values:href,Facebook,your_facebook_activity:posts:content_sharing_links_you_have_created:label_values:href,content_sharing_links_you_have_created.json,href,label_values/href,"[""label_values""]","[""href""]",list,string,personal_information/profile_information/your_facebook_activity/posts/content_sharing_links_you_have_created.json,No,pre-trial,personal_information/profile_information/your_facebook_activity/posts/content_sharing_links_you_have_created.json/label_values/href
809,profile_information:your_facebook_activity:other_activity:time_spent_on_facebook:label_values:label,Facebook,other_activity:time_spent_on_facebook:label_values:label,time_spent_on_facebook.json,label,label_values/label,"[""label_values""]","[""label""]",list,string,personal_information/profile_information/your_facebook_activity/other_activity/time_spent_on_facebook.json,No,pre-trial,personal_information/profile_information/your_facebook_activity/other_activity/time_spent_on_facebook.json/label_values/label
810,profile_information:your_facebook_activity:comments_and_reactions:your_comment_edits:label_values:label,Facebook,comments_and_reactions:your_comment_edits:label,your_comment_edits.json,label,label_values/label,"[""label_values""]","[""label""]",list,string,personal_information/profile_information/your_facebook_activity/comments_and_reactions/your_comment_edits.json,No,pre-trial,personal_information/profile_information/your_facebook_activity/comments_and_reactions/your_comment_edits.json/label_values/label
811,profile_information:your_facebook_activity:comments_and_reactions:your_comment_edits:label_values:value,Facebook,comments_and_reactions:your_comment_edits:value,your_comment_edits.json,value,label_values/value,"[""label_values""]","[""value""]",list,string,personal_information/profile_information/your_facebook_activity/comments_and_reactions/your_comment_edits.json,No,pre-trial,personal_information/profile_information/your_facebook_activity/comments_and_reactions/your_comment_edits.json/label_values/value
812,profile_information:your_facebook_activity:posts:edits_you_made_to_posts:label_values:label,Facebook,posts:edits_you_made_to_posts:label,edits_you_made_to_posts.json,label,label_values/label,"[""label_values""]","[""label""]",list,string,personal_information/profile_information/your_facebook_activity/posts/edits_you_made_to_posts.json,No,pre-trial,personal_information/profile_information/your_facebook_activity/posts/edits_you_made_to_posts.json/label_values/label
813,profile_information:your_facebook_activity:posts:edits_you_made_to_posts:label_values:value,Facebook,posts:edits_you_made_to_posts:value,edits_you_made_to_posts.json,value,label_values/value,"[""label_values""]","[""value""]",list,string,personal_information/profile_information/your_facebook_activity/posts/edits_you_made_to_posts.json,No,pre-trial,personal_information/profile_information/your_facebook_activity/posts/edits_you_made_to_posts.json/label_values/value
814,profile_information:your_facebook_activity:comments_and_reactions:likes_and_reactions:label_values:label,Facebook,comments_and_reactions:likes_and_reactions:label_values:label,likes_and_reactions.json,label,label_values/label,"[""label_values""]","[""label""]",list,string,personal_information/profile_information/your_facebook_activity/comments_and_reactions/likes_and_reactions.json,No,pre-trial,personal_information/profile_information/your_facebook_activity/comments_and_reactions/likes_and_reactions.json/label_values/label
815,profile_information:your_facebook_activity:comments_and_reactions:likes_and_reactions:label_values:value,Facebook,comments_and_reactions:likes_and_reactions:label_values:value,likes_and_reactions.json,value,label_values/value,"[""label_values""]","[""value""]",list,string,personal_information/profile_information/your_facebook_activity/comments_and_reactions/likes_and_reactions.json,No,pre-trial,personal_information/profile_information/your_facebook_activity/comments_and_reactions/likes_and_reactions.json/label_values/value
816,profile_information:your_facebook_activity:posts:your_posts__check_ins__photos_and_videos_1:data:update_timestamp,Facebook,your_facebook_activity:posts:your_posts__check_ins__photos_and_videos_1:data:update_timestamp,your_posts__check_ins__photos_and_videos_1.json,update_timestamp,data/update_timestamp,"[""data""]","[""update_timestamp""]",list,number,personal_information/profile_information/your_facebook_activity/posts/your_posts__check_ins__photos_and_videos_1.json,No,pre-trial,personal_information/profile_information/your_facebook_activity/posts/your_posts__check_ins__photos_and_videos_1.json/data/update_timestamp
817,interactions:recently_viewed:recently_viewed:entries:timestamp,Facebook,interactions:recently_viewed:recently_viewed:entries:timestamp,recently_viewed.json,timestamp,recently_viewed/entries/timestamp,"[""recently_viewed"", ""entries""]","[""timestamp""]",list,number,logged_information/interactions/recently_viewed.json,No,pre-trial,logged_information/interactions/recently_viewed.json/recently_viewed/entries/timestamp
818,profile_information:preferences:preferences:privacy_settings:label_values:dict:label,Facebook,preferences:preferences:privacy_settings:label_values:dict:label,privacy_settings.json,label,label_values/dict/label,"[""label_values"", ""dict""]","[""label""]",list,string,personal_information/profile_information/preferences/preferences/privacy_settings.json,No,pre-trial,personal_information/profile_information/preferences/preferences/privacy_settings.json/label_values/dict/label
819,profile_information:preferences:preferences:privacy_settings:label_values:dict:value,Facebook,preferences:preferences:privacy_settings:label_values:dict:value,privacy_settings.json,value,label_values/dict/value,"[""label_values"", ""dict""]","[""value""]",list,string,personal_information/profile_information/preferences/preferences/privacy_settings.json,No,pre-trial,personal_information/profile_information/preferences/preferences/privacy_settings.json/label_values/dict/value
820,feed:controls:timestamp,Facebook,feed:controls:timestamp,controls.json,timestamp,controls/entries/timestamp,"[""controls"", ""entries""]","[""timestamp""]",list,number,personal_information/profile_information/preferences/feed/controls.json,No,pre-trial,personal_information/profile_information/preferences/feed/controls.json/controls/entries/timestamp
821,profile_information:your_facebook_activity:groups:your_group_membership_activity:groups_joined_v2:data:name,Facebook,groups:your_group_membership_activity:name,your_group_membership_activity.json,name,groups_joined_v2/data/name,"[""groups_joined_v2"", ""data""]","[""name""]",list,string,personal_information/profile_information/your_facebook_activity/groups/your_group_membership_activity.json,No,pre-trial,personal_information/profile_information/your_facebook_activity/groups/your_group_membership_activity.json/groups_joined_v2/data/name
822,profile_information:your_facebook_activity:pages:pages_and_profiles_you_follow:pages_followed_v2:data:name,Facebook,pages:pages_and_profiles_you_follow:name,pages_and_profiles_you_follow.json,name,pages_followed_v2/data/name,"[""pages_followed_v2"", ""data""]","[""name""]",list,string,personal_information/profile_information/your_facebook_activity/pages/pages_and_profiles_you_follow.json,No,pre-trial,personal_information/profile_information/your_facebook_activity/pages/pages_and_profiles_you_follow.json/pages_followed_v2/data/name
823,profile_information:your_facebook_activity:comments_and_reactions:likes_and_reactions_1:data:reaction:reaction,Facebook,comments_and_reactions:likes_and_reactions_1:reaction,likes_and_reactions_1.json,reaction,data/reaction/reaction,"[""data""]","[""reaction"", ""reaction""]",list,string,personal_information/profile_information/your_facebook_activity/comments_and_reactions/likes_and_reactions_1.json,No,pre-trial,personal_information/profile_information/your_facebook_activity/comments_and_reactions/likes_and_reactions_1.json/data/reaction/reaction
824,interactions:recently_viewed:recently_viewed:entries:data:name,Facebook,interactions:recently_viewed:recently_viewed:entries:data:name,recently_viewed.json,name,recently_viewed/entries/data/name,"[""recently_viewed"", ""entries""]","[""data"", ""name""]",list,string,logged_information/interactions/recently_viewed.json,No,pre-trial,logged_information/interactions/recently_viewed.json/recently_viewed/entries/data/name
825,interactions:recently_viewed:recently_viewed:entries:data:uri,Facebook,interactions:recently_viewed:recently_viewed:entries:data:uri,recently_viewed.json,uri,recently_viewed/entries/data/uri,"[""recently_viewed"", ""entries""]","[""data"", ""uri""]",list,string,logged_information/interactions/recently_viewed.json,No,pre-trial,logged_information/interactions/recently_viewed.json/recently_viewed/entries/data/uri
826,feed:controls:data:name,Facebook,feed:controls:data:name,controls.json,name,controls/entries/data/name,"[""controls"", ""entries""]","[""data"", ""name""]",list,string,personal_information/profile_information/preferences/feed/controls.json,No,pre-trial,personal_information/profile_information/preferences/feed/controls.json/controls/entries/data/name
827,feed:controls:uri,Facebook,feed:controls:uri,controls.json,uri,controls/entries/data/uri,"[""controls"", ""entries""]","[""data"", ""uri""]",list,string,personal_information/profile_information/preferences/feed/controls.json,No,pre-trial,personal_information/profile_information/preferences/feed/controls.json/controls/entries/data/uri
828,messages:support_messages:8752122044910884:messages:from,Facebook,messages:support_messages:8752122044910884:messages:from,support_messages.json,from,support_messages/8752122044910884/messages/from,"[""support_messages"", ""8752122044910884"", ""messages""]","[""from""]",list,string,personal_information/profile_information/your_facebook_activity/messages/support_messages.json,No,pre-trial,personal_information/profile_information/your_facebook_activity/messages/support_messages.json/support_messages/8752122044910884/messages/from
829,messages:support_messages:8752122044910884:messages:to,Facebook,messages:support_messages:8752122044910884:messages:to,support_messages.json,to,support_messages/8752122044910884/messages/to,"[""support_messages"", ""8752122044910884"", ""messages""]","[""to""]",list,string,personal_information/profile_information/your_facebook_activity/messages/support_messages.json,No,pre-trial,personal_information/profile_information/your_facebook_activity/messages/support_messages.json/support_messages/8752122044910884/messages/to
830,messages:support_messages:8752122044910884:messages:subject,Facebook,messages:support_messages:8752122044910884:messages:subject,support_messages.json,subject,support_messages/8752122044910884/messages/subject,"[""support_messages"", ""8752122044910884"", ""messages""]","[""subject""]",list,string,personal_information/profile_information/your_facebook_activity/messages/support_messages.json,No,pre-trial,personal_information/profile_information/your_facebook_activity/messages/support_messages.json/support_messages/8752122044910884/messages/subject
831,messages:support_messages:8752122044910884:messages:message,Facebook,messages:support_messages:8752122044910884:messages:message,support_messages.json,message,support_messages/8752122044910884/messages/message,"[""support_messages"", ""8752122044910884"", ""messages""]","[""message""]",list,string,personal_information/profile_information/your_facebook_activity/messages/support_messages.json,No,pre-trial,personal_information/profile_information/your_facebook_activity/messages/support_messages.json/support_messages/8752122044910884/messages/message
832,messages:support_messages:8752122044910884:messages:timestamp,Facebook,messages:support_messages:8752122044910884:messages:timestamp,support_messages.json,timestamp,support_messages/8752122044910884/messages/timestamp,"[""support_messages"", ""8752122044910884"", ""messages""]","[""timestamp""]",list,number,personal_information/profile_information/your_facebook_activity/messages/support_messages.json,No,pre-trial,personal_information/profile_information/your_facebook_activity/messages/support_messages.json/support_messages/8752122044910884/messages/timestamp
833,messages:support_messages:7156925894430515:messages:from,Facebook,messages:support_messages:7156925894430515:messages:from,support_messages.json,from,support_messages/7156925894430515/messages/from,"[""support_messages"", ""7156925894430515"", ""messages""]","[""from""]",list,string,personal_information/profile_information/your_facebook_activity/messages/support_messages.json,No,pre-trial,personal_information/profile_information/your_facebook_activity/messages/support_messages.json/support_messages/7156925894430515/messages/from
834,messages:support_messages:7156925894430515:messages:to,Facebook,messages:support_messages:7156925894430515:messages:to,support_messages.json,to,support_messages/7156925894430515/messages/to,"[""support_messages"", ""7156925894430515"", ""messages""]","[""to""]",list,string,personal_information/profile_information/your_facebook_activity/messages/support_messages.json,No,pre-trial,personal_information/profile_information/your_facebook_activity/messages/support_messages.json/support_messages/7156925894430515/messages/to
835,messages:support_messages:7156925894430515:messages:subject,Facebook,messages:support_messages:7156925894430515:messages:subject,support_messages.json,subject,support_messages/7156925894430515/messages/subject,"[""support_messages"", ""7156925894430515"", ""messages""]","[""subject""]",list,string,personal_information/profile_information/your_facebook_activity/messages/support_messages.json,No,pre-trial,personal_information/profile_information/your_facebook_activity/messages/support_messages.json/support_messages/7156925894430515/messages/subject
836,messages:support_messages:7156925894430515:messages:message,Facebook,messages:support_messages:7156925894430515:messages:message,support_messages.json,message,support_messages/7156925894430515/messages/message,"[""support_messages"", ""7156925894430515"", ""messages""]","[""message""]",list,string,personal_information/profile_information/your_facebook_activity/messages/support_messages.json,No,pre-trial,personal_information/profile_information/your_facebook_activity/messages/support_messages.json/support_messages/7156925894430515/messages/message
837,messages:support_messages:7156925894430515:messages:timestamp,Facebook,messages:support_messages:7156925894430515:messages:timestamp,support_messages.json,timestamp,support_messages/7156925894430515/messages/timestamp,"[""support_messages"", ""7156925894430515"", ""messages""]","[""timestamp""]",list,number,personal_information/profile_information/your_facebook_activity/messages/support_messages.json,No,pre-trial,personal_information/profile_information/your_facebook_activity/messages/support_messages.json/support_messages/7156925894430515/messages/timestamp
838,profile_information:your_facebook_activity:other_activity:your_recently_followed_history:label_values:vec:dict:label,Facebook,your_facebook_activity:other_activity:your_recently_followed_history:label_values:vec:dict:label,your_recently_followed_history.json,label,label_values/vec/dict/label,"[""label_values"", ""vec"", ""dict""]","[""label""]",list,string,personal_information/profile_information/your_facebook_activity/other_activity/your_recently_followed_history.json,No,pre-trial,personal_information/profile_information/your_facebook_activity/other_activity/your_recently_followed_history.json/label_values/vec/dict/label
839,profile_information:your_facebook_activity:other_activity:your_recently_followed_history:label_values:vec:dict:value,Facebook,your_facebook_activity:other_activity:your_recently_followed_history:label_values:vec:dict:value,your_recently_followed_history.json,value,label_values/vec/dict/value,"[""label_values"", ""vec"", ""dict""]","[""value""]",list,string,personal_information/profile_information/your_facebook_activity/other_activity/your_recently_followed_history.json,No,pre-trial,personal_information/profile_information/your_facebook_activity/other_activity/your_recently_followed_history.json/label_values/vec/dict/value
840,profile_information:your_facebook_activity:comments_and_reactions:comments:comments_v2:data:comment:timestamp,Facebook,comments_and_reactions:comments:comment:timestamp,comments.json,timestamp,comments_v2/data/comment/timestamp,"[""comments_v2"", ""data""]","[""comment"", ""timestamp""]",list,number,personal_information/profile_information/your_facebook_activity/comments_and_reactions/comments.json,No,pre-trial,personal_information/profile_information/your_facebook_activity/comments_and_reactions/comments.json/comments_v2/data/comment/timestamp
841,profile_information:your_facebook_activity:comments_and_reactions:comments:comments_v2:data:comment:comment,Facebook,comments_and_reactions:comments:comment,comments.json,comment,comments_v2/data/comment/comment,"[""comments_v2"", ""data""]","[""comment"", ""comment""]",list,string,personal_information/profile_information/your_facebook_activity/comments_and_reactions/comments.json,No,pre-trial,personal_information/profile_information/your_facebook_activity/comments_and_reactions/comments.json/comments_v2/data/comment/comment
842,profile_information:your_facebook_activity:groups:your_comments_in_groups:group_comments_v2:data:comment:timestamp,Facebook,groups:your_comments_in_groups:comment:timestamp,your_comments_in_groups.json,timestamp,group_comments_v2/data/comment/timestamp,"[""group_comments_v2"", ""data""]","[""comment"", ""timestamp""]",list,number,personal_information/profile_information/your_facebook_activity/groups/your_comments_in_groups.json,No,pre-trial,personal_information/profile_information/your_facebook_activity/groups/your_comments_in_groups.json/group_comments_v2/data/comment/timestamp
843,profile_information:your_facebook_activity:groups:your_comments_in_groups:group_comments_v2:data:comment:comment,Facebook,groups:your_comments_in_groups:comment,your_comments_in_groups.json,comment,group_comments_v2/data/comment/comment,"[""group_comments_v2"", ""data""]","[""comment"", ""comment""]",list,string,personal_information/profile_information/your_facebook_activity/groups/your_comments_in_groups.json,No,pre-trial,personal_information/profile_information/your_facebook_activity/groups/your_comments_in_groups.json/group_comments_v2/data/comment/comment
844,profile_information:your_facebook_activity:groups:your_comments_in_groups:group_comments_v2:data:comment:group,Facebook,groups:your_comments_in_groups:group,your_comments_in_groups.json,group,group_comments_v2/data/comment/group,"[""group_comments_v2"", ""data""]","[""comment"", ""group""]",list,string,personal_information/profile_information/your_facebook_activity/groups/your_comments_in_groups.json,No,pre-trial,personal_information/profile_information/your_facebook_activity/groups/your_comments_in_groups.json/group_comments_v2/data/comment/group
845,profile_information:your_facebook_activity:other_activity:time_spent_on_facebook:label_values:vec:dict:label,Facebook,other_activity:time_spent_on_facebook:vec:dict:label,time_spent_on_facebook.json,label,label_values/vec/dict/label,"[""label_values"", ""vec"", ""dict""]","[""label""]",list,string,personal_information/profile_information/your_facebook_activity/other_activity/time_spent_on_facebook.json,No,pre-trial,personal_information/profile_information/your_facebook_activity/other_activity/time_spent_on_facebook.json/label_values/vec/dict/label
846,profile_information:your_facebook_activity:other_activity:time_spent_on_facebook:label_values:vec:dict:timestamp_value,Facebook,other_activity:time_spent_on_facebook:dict:timestamp_value,time_spent_on_facebook.json,timestamp_value,label_values/vec/dict/timestamp_value,"[""label_values"", ""vec"", ""dict""]","[""timestamp_value""]",list,number,personal_information/profile_information/your_facebook_activity/other_activity/time_spent_on_facebook.json,No,pre-trial,personal_information/profile_information/your_facebook_activity/other_activity/time_spent_on_facebook.json/label_values/vec/dict/timestamp_value
847,profile_information:your_facebook_activity:posts:your_posts__check_ins__photos_and_videos_1:attachments:data:external_context:url,Facebook,your_facebook_activity:posts:your_posts__check_ins__photos_and_videos_1:attachments:data:external_context:url,your_posts__check_ins__photos_and_videos_1.json,url,attachments/data/external_context/url,"[""attachments"", ""data""]","[""external_context"", ""url""]",list,string,personal_information/profile_information/your_facebook_activity/posts/your_posts__check_ins__photos_and_videos_1.json,No,pre-trial,personal_information/profile_information/your_facebook_activity/posts/your_posts__check_ins__photos_and_videos_1.json/attachments/data/external_context/url
848,profile_information:your_facebook_activity:posts:your_videos:videos_v2:media_metadata:video_metadata:exif_data:upload_timestamp,Facebook,posts:your_videos:upload_timestamp,your_videos.json,upload_timestamp,videos_v2/media_metadata/video_metadata/exif_data/upload_timestamp,"[""videos_v2"", ""media_metadata"", ""video_metadata"", ""exif_data""]","[""upload_timestamp""]",list,number,personal_information/profile_information/your_facebook_activity/posts/your_videos.json,No,pre-trial,personal_information/profile_information/your_facebook_activity/posts/your_videos.json/videos_v2/media_metadata/video_metadata/exif_data/upload_timestamp
849,saved_items_and_collections:your_saved_items:name,Facebook,saved_items_and_collections:your_saved_items:name,your_saved_items.json,name,saves_v2/attachments/data/external_context/name,"[""saves_v2"", ""attachments"", ""data""]","[""external_context"", ""name""]",list,string,personal_information/profile_information/your_facebook_activity/saved_items_and_collections/your_saved_items.json,No,pre-trial,personal_information/profile_information/your_facebook_activity/saved_items_and_collections/your_saved_items.json/saves_v2/attachments/data/external_context/name
850,saved_items_and_collections:your_saved_items:source,Facebook,saved_items_and_collections:your_saved_items:source,your_saved_items.json,source,saves_v2/attachments/data/external_context/source,"[""saves_v2"", ""attachments"", ""data""]","[""external_context"", ""source""]",list,string,personal_information/profile_information/your_facebook_activity/saved_items_and_collections/your_saved_items.json,No,pre-trial,personal_information/profile_information/your_facebook_activity/saved_items_and_collections/your_saved_items.json/saves_v2/attachments/data/external_context/source
851,saved_items_and_collections:your_saved_items:url,Facebook,saved_items_and_collections:your_saved_items:url,your_saved_items.json,url,saves_v2/attachments/data/external_context/url,"[""saves_v2"", ""attachments"", ""data""]","[""external_context"", ""url""]",list,string,personal_information/profile_information/your_facebook_activity/saved_items_and_collections/your_saved_items.json,No,pre-trial,personal_information/profile_information/your_facebook_activity/saved_items_and_collections/your_saved_items.json/saves_v2/attachments/data/external_context/url
852,other_activity:time_spent_on_facebook:timestamp,Facebook,other_activity:time_spent_on_facebook:timestamp,time_spent_on_facebook.json,timestamp,timestamp,,"[""timestamp""]",static,number,your_facebook_activity/other_activity/time_spent_on_facebook.json,No,11/11/2025,your_facebook_activity/other_activity/time_spent_on_facebook.json/timestamp
853,other_activity:time_spent_on_facebook:fbid,Facebook,other_activity:time_spent_on_facebook:fbid,time_spent_on_facebook.json,fbid,fbid,,"[""fbid""]",static,string,your_facebook_activity/other_activity/time_spent_on_facebook.json,No,11/11/2025,your_facebook_activity/other_activity/time_spent_on_facebook.json/fbid
854,other_activity:your_video_consumption_summary:fbid,Facebook,other_activity:your_video_consumption_summary:fbid,your_video_consumption_summary.json,fbid,fbid,,"[""fbid""]",static,string,your_facebook_activity/other_activity/your_video_consumption_summary.json,No,11/11/2025,your_facebook_activity/other_activity/your_video_consumption_summary.json/fbid
855,other_activity:your_recently_followed_history:fbid,Facebook,your_facebook_activity:other_activity:your_recently_followed_history:fbid,your_recently_followed_history.json,fbid,fbid,,"[""fbid""]",static,string,your_facebook_activity/other_activity/your_recently_followed_history.json,No,11/11/2025,your_facebook_activity/other_activity/your_recently_followed_history.json/fbid
856,comments_and_reactions:your_comment_active_days:fbid,Facebook,comments_and_reactions:your_comment_active_days:fbid,your_comment_active_days.json,fbid,fbid,,"[""fbid""]",static,string,your_facebook_activity/comments_and_reactions/your_comment_active_days.json,No,11/11/2025,your_facebook_activity/comments_and_reactions/your_comment_active_days.json/fbid
857,polls:your_poll_votes:fbid,Facebook,polls:your_poll_votes:fbid,your_poll_votes.json,fbid,fbid,,"[""fbid""]",static,string,your_facebook_activity/polls/your_poll_votes.json,Yes,11/11/2025,your_facebook_activity/polls/your_poll_votes.json/fbid
858,feed:snooze:fbid,Facebook,feed:snooze:fbid,snooze.json,fbid,fbid,,"[""fbid""]",static,string,preferences/feed/snooze.json,No,11/11/2025,preferences/feed/snooze.json/fbid
859,preferences:reels_preferences:fbid,Facebook,preferences:preferences:reels_preferences:fbid,reels_preferences.json,fbid,fbid,,"[""fbid""]",static,string,preferences/preferences/reels_preferences.json,No,11/11/2025,preferences/preferences/reels_preferences.json/fbid
860,preferences:your_story_highlights:fbid,Facebook,preferences:preferences:your_story_highlights:fbid,your_story_highlights.json,fbid,fbid,,"[""fbid""]",static,string,preferences/preferences/your_story_highlights.json,No,11/11/2025,preferences/preferences/your_story_highlights.json/fbid
861,preferences:your_watch_settings:fbid,Facebook,preferences:preferences:your_watch_settings:fbid,your_watch_settings.json,fbid,fbid,,"[""fbid""]",static,string,preferences/preferences/your_watch_settings.json,No,11/11/2025,preferences/preferences/your_watch_settings.json/fbid
862,preferences:privacy_settings:fbid,Facebook,preferences:preferences:privacy_settings:fbid,privacy_settings.json,fbid,fbid,,"[""fbid""]",static,string,preferences/preferences/privacy_settings.json,No,11/11/2025,preferences/preferences/privacy_settings.json/fbid
863,ads_information:other_categories_used_to_reach_you:media,Facebook,ads_information:other_categories_used_to_reach_you:media,other_categories_used_to_reach_you.json,media,media,"[""media""]",[],list,array,ads_information/other_categories_used_to_reach_you.json,No,11/11/2025,ads_information/other_categories_used_to_reach_you.json/media
864,ads_information:advertisers_using_your_activity_or_information:media,Facebook,ads_information:advertisers_using_your_activity_or_information:media,advertisers_using_your_activity_or_information.json,media,media,"[""media""]",[],list,array,ads_information/advertisers_using_your_activity_or_information.json,No,11/11/2025,ads_information/advertisers_using_your_activity_or_information.json/media
865,ads_information:subscription_for_no_ads:media,Facebook,ads_information:subscription_for_no_ads:media,subscription_for_no_ads.json,media,media,"[""media""]",[],list,array,ads_information/subscription_for_no_ads.json,No,11/11/2025,ads_information/subscription_for_no_ads.json/media
866,ads_information:story_views_in_past_7_days:media,Facebook,ads_information:story_views_in_past_7_days:media,story_views_in_past_7_days.json,media,media,"[""media""]",[],list,array,ads_information/story_views_in_past_7_days.json,No,11/11/2025,ads_information/story_views_in_past_7_days.json/media
867,ads_information:ad_preferences:media,Facebook,ads_information:ad_preferences:media,ad_preferences.json,media,media,"[""media""]",[],list,array,ads_information/ad_preferences.json,No,11/11/2025,ads_information/ad_preferences.json/media
868,other_activity:time_spent_on_facebook:media,Facebook,other_activity:time_spent_on_facebook:media,time_spent_on_facebook.json,media,media,"[""media""]",[],list,array,your_facebook_activity/other_activity/time_spent_on_facebook.json,No,11/11/2025,your_facebook_activity/other_activity/time_spent_on_facebook.json/media
869,other_activity:your_video_consumption_summary:media,Facebook,other_activity:your_video_consumption_summary:media,your_video_consumption_summary.json,media,media,"[""media""]",[],list,array,your_facebook_activity/other_activity/your_video_consumption_summary.json,No,11/11/2025,your_facebook_activity/other_activity/your_video_consumption_summary.json/media
870,other_activity:your_recently_followed_history:media,Facebook,your_facebook_activity:other_activity:your_recently_followed_history:media,your_recently_followed_history.json,media,media,"[""media""]",[],list,array,your_facebook_activity/other_activity/your_recently_followed_history.json,No,11/11/2025,your_facebook_activity/other_activity/your_recently_followed_history.json/media
871,comments_and_reactions:your_comment_active_days:media,Facebook,comments_and_reactions:your_comment_active_days:media,your_comment_active_days.json,media,media,"[""media""]",[],list,array,your_facebook_activity/comments_and_reactions/your_comment_active_days.json,No,11/11/2025,your_facebook_activity/comments_and_reactions/your_comment_active_days.json/media
872,polls:your_poll_votes:media,Facebook,polls:your_poll_votes:media,your_poll_votes.json,media,media,"[""media""]",[],list,array,your_facebook_activity/polls/your_poll_votes.json,No,11/11/2025,your_facebook_activity/polls/your_poll_votes.json/media
873,feed:snooze:media,Facebook,feed:snooze:media,snooze.json,media,media,"[""media""]",[],list,array,preferences/feed/snooze.json,No,11/11/2025,preferences/feed/snooze.json/media
874,preferences:reels_preferences:media,Facebook,preferences:preferences:reels_preferences:media,reels_preferences.json,media,media,"[""media""]",[],list,array,preferences/preferences/reels_preferences.json,No,11/11/2025,preferences/preferences/reels_preferences.json/media
875,preferences:your_story_highlights:media,Facebook,preferences:preferences:your_story_highlights:media,your_story_highlights.json,media,media,"[""media""]",[],list,array,preferences/preferences/your_story_highlights.json,No,11/11/2025,preferences/preferences/your_story_highlights.json/media
876,preferences:your_watch_settings:media,Facebook,preferences:preferences:your_watch_settings:media,your_watch_settings.json,media,media,"[""media""]",[],list,array,preferences/preferences/your_watch_settings.json,No,11/11/2025,preferences/preferences/your_watch_settings.json/media
877,preferences:privacy_settings:media,Facebook,preferences:preferences:privacy_settings:media,privacy_settings.json,media,media,"[""media""]",[],list,array,preferences/preferences/privacy_settings.json,No,11/11/2025,preferences/preferences/privacy_settings.json/media
878,other_logged_information:facebook_reels_usage_information:media,Facebook,other_logged_information:facebook_reels_usage_information:media,facebook_reels_usage_information.json,media,media,"[""media""]",[],list,array,logged_information/other_logged_information/facebook_reels_usage_information.json,No,11/11/2025,logged_information/other_logged_information/facebook_reels_usage_information.json/media
879,other_logged_information:your_facebook_watch_activity_in_the_last_28_days:media,Facebook,other_logged_information:your_facebook_watch_activity_in_the_last_28_days:media,your_facebook_watch_activity_in_the_last_28_days.json,media,media,"[""media""]",[],list,array,logged_information/other_logged_information/your_facebook_watch_activity_in_the_last_28_days.json,No,11/11/2025,logged_information/other_logged_information/your_facebook_watch_activity_in_the_last_28_days.json/media
880,groups:your_actions_on_violating_content_in_your_groups:media,Facebook,groups:your_actions_on_violating_content_in_your_groups:media,your_actions_on_violating_content_in_your_groups.json,media,media,"[""media""]",[],list,array,your_facebook_activity/groups/your_actions_on_violating_content_in_your_groups.json,No,11/11/2025,your_facebook_activity/groups/your_actions_on_violating_content_in_your_groups.json/media
881,groups:your_actions_on_violating_content_in_your_groups:fbid,Facebook,groups:your_actions_on_violating_content_in_your_groups:fbid,your_actions_on_violating_content_in_your_groups.json,fbid,fbid,[],"[""fbid""]",list,string,your_facebook_activity/groups/your_actions_on_violating_content_in_your_groups.json,No,11/11/2025,your_facebook_activity/groups/your_actions_on_violating_content_in_your_groups.json/fbid
882,other_activity:link_history:timestamp,Facebook,other_activity:link_history:timestamp,link_history.json,timestamp,timestamp,[],"[""timestamp""]",list,number,your_facebook_activity/other_activity/link_history.json,No,11/11/2025,your_facebook_activity/other_activity/link_history.json/timestamp
883,other_activity:link_history:media,Facebook,other_activity:link_history:media,link_history.json,media,media,"[""media""]",[],list,array,your_facebook_activity/other_activity/link_history.json,No,11/11/2025,your_facebook_activity/other_activity/link_history.json/media
884,other_activity:link_history:fbid,Facebook,other_activity:link_history:fbid,link_history.json,fbid,fbid,[],"[""fbid""]",list,string,your_facebook_activity/other_activity/link_history.json,No,11/11/2025,your_facebook_activity/other_activity/link_history.json/fbid
885,comments_and_reactions:your_comment_edits:timestamp,Facebook,comments_and_reactions:your_comment_edits:timestamp,your_comment_edits.json,timestamp,timestamp,[],"[""timestamp""]",list,number,your_facebook_activity/comments_and_reactions/your_comment_edits.json,No,11/11/2025,your_facebook_activity/comments_and_reactions/your_comment_edits.json/timestamp
886,comments_and_reactions:your_comment_edits:media,Facebook,comments_and_reactions:your_comment_edits:media,your_comment_edits.json,media,media,"[""media""]",[],list,array,your_facebook_activity/comments_and_reactions/your_comment_edits.json,No,11/11/2025,your_facebook_activity/comments_and_reactions/your_comment_edits.json/media
887,comments_and_reactions:your_comment_edits:fbid,Facebook,comments_and_reactions:your_comment_edits:fbid,your_comment_edits.json,fbid,fbid,[],"[""fbid""]",list,string,your_facebook_activity/comments_and_reactions/your_comment_edits.json,No,11/11/2025,your_facebook_activity/comments_and_reactions/your_comment_edits.json/fbid
888,comments_and_reactions:likes_and_reactions:timestamp,Facebook,comments_and_reactions:likes_and_reactions:timestamp,likes_and_reactions.json,timestamp,timestamp,[],"[""timestamp""]",list,number,your_facebook_activity/comments_and_reactions/likes_and_reactions.json,No,11/11/2025,your_facebook_activity/comments_and_reactions/likes_and_reactions.json/timestamp
889,comments_and_reactions:likes_and_reactions:media,Facebook,comments_and_reactions:likes_and_reactions:media,likes_and_reactions.json,media,media,"[""media""]",[],list,array,your_facebook_activity/comments_and_reactions/likes_and_reactions.json,No,11/11/2025,your_facebook_activity/comments_and_reactions/likes_and_reactions.json/media
890,comments_and_reactions:likes_and_reactions:fbid,Facebook,comments_and_reactions:likes_and_reactions:fbid,likes_and_reactions.json,fbid,fbid,[],"[""fbid""]",list,string,your_facebook_activity/comments_and_reactions/likes_and_reactions.json,No,11/11/2025,your_facebook_activity/comments_and_reactions/likes_and_reactions.json/fbid
891,comments_and_reactions:likes_and_reactions_1:timestamp,Facebook,comments_and_reactions:likes_and_reactions_1:timestamp,likes_and_reactions_1.json,timestamp,timestamp,[],"[""timestamp""]",list,number,your_facebook_activity/comments_and_reactions/likes_and_reactions_1.json,No,11/11/2025,your_facebook_activity/comments_and_reactions/likes_and_reactions_1.json/timestamp
892,pages:pages_you_are_a_customer_of:media,Facebook,pages:pages_you_are_a_customer_of:media,pages_you_are_a_customer_of.json,media,media,"[""media""]",[],list,array,your_facebook_activity/pages/pages_you_are_a_customer_of.json,No,11/11/2025,your_facebook_activity/pages/pages_you_are_a_customer_of.json/media
893,pages:pages_you_are_a_customer_of:fbid,Facebook,pages:pages_you_are_a_customer_of:fbid,pages_you_are_a_customer_of.json,fbid,fbid,[],"[""fbid""]",list,string,your_facebook_activity/pages/pages_you_are_a_customer_of.json,No,11/11/2025,your_facebook_activity/pages/pages_you_are_a_customer_of.json/fbid
894,posts:posts_on_other_pages_and_profiles:timestamp,Facebook,your_facebook_activity:posts:posts_on_other_pages_and_profiles:timestamp,posts_on_other_pages_and_profiles.json,timestamp,timestamp,[],"[""timestamp""]",list,number,your_facebook_activity/posts/posts_on_other_pages_and_profiles.json,No,11/11/2025,your_facebook_activity/posts/posts_on_other_pages_and_profiles.json/timestamp
895,posts:posts_on_other_pages_and_profiles:media,Facebook,your_facebook_activity:posts:posts_on_other_pages_and_profiles:media,posts_on_other_pages_and_profiles.json,media,media,"[""media""]",[],list,array,your_facebook_activity/posts/posts_on_other_pages_and_profiles.json,No,11/11/2025,your_facebook_activity/posts/posts_on_other_pages_and_profiles.json/media
896,posts:posts_on_other_pages_and_profiles:fbid,Facebook,your_facebook_activity:posts:posts_on_other_pages_and_profiles:fbid,posts_on_other_pages_and_profiles.json,fbid,fbid,[],"[""fbid""]",list,string,your_facebook_activity/posts/posts_on_other_pages_and_profiles.json,No,11/11/2025,your_facebook_activity/posts/posts_on_other_pages_and_profiles.json/fbid
897,posts:shared_memories:media,Facebook,posts:shared_memories:media,shared_memories.json,media,media,"[""media""]",[],list,array,your_facebook_activity/posts/shared_memories.json,No,11/11/2025,your_facebook_activity/posts/shared_memories.json/media
898,posts:shared_memories:fbid,Facebook,posts:shared_memories:fbid,shared_memories.json,fbid,fbid,[],"[""fbid""]",list,string,your_facebook_activity/posts/shared_memories.json,No,11/11/2025,your_facebook_activity/posts/shared_memories.json/fbid
899,posts:content_sharing_links_you_have_created:timestamp,Facebook,your_facebook_activity:posts:content_sharing_links_you_have_created:timestamp,content_sharing_links_you_have_created.json,timestamp,timestamp,[],"[""timestamp""]",list,number,your_facebook_activity/posts/content_sharing_links_you_have_created.json,No,11/11/2025,your_facebook_activity/posts/content_sharing_links_you_have_created.json/timestamp
900,posts:content_sharing_links_you_have_created:media,Facebook,your_facebook_activity:posts:content_sharing_links_you_have_created:media,content_sharing_links_you_have_created.json,media,media,"[""media""]",[],list,array,your_facebook_activity/posts/content_sharing_links_you_have_created.json,No,11/11/2025,your_facebook_activity/posts/content_sharing_links_you_have_created.json/media
901,posts:content_sharing_links_you_have_created:fbid,Facebook,your_facebook_activity:posts:content_sharing_links_you_have_created:fbid,content_sharing_links_you_have_created.json,fbid,fbid,[],"[""fbid""]",list,string,your_facebook_activity/posts/content_sharing_links_you_have_created.json,No,11/11/2025,your_facebook_activity/posts/content_sharing_links_you_have_created.json/fbid
902,posts:your_posts__check_ins__photos_and_videos_1:timestamp,Facebook,your_facebook_activity:posts:your_posts__check_ins__photos_and_videos_1:timestamp,your_posts__check_ins__photos_and_videos_1.json,timestamp,timestamp,[],"[""timestamp""]",list,number,your_facebook_activity/posts/your_posts__check_ins__photos_and_videos_1.json,No,11/11/2025,your_facebook_activity/posts/your_posts__check_ins__photos_and_videos_1.json/timestamp
903,friends:your_post_audiences:media,Facebook,friends:your_post_audiences:media,your_post_audiences.json,media,media,"[""media""]",[],list,array,connections/friends/your_post_audiences.json,No,11/11/2025,connections/friends/your_post_audiences.json/media
904,interactions:groups_you've_visited:media,Facebook,your_interactions_on_facebook:groups_you_ve_visited:media,groups_you've_visited.json,media,media,"[""media""]",[],list,array,logged_information/interactions/groups_you've_visited.json,No,11/11/2025,logged_information/interactions/groups_you've_visited.json/media
905,ads_information:advertisers_using_your_activity_or_information:vec,Facebook,ads_information:advertisers_using_your_activity_or_information:vec,advertisers_using_your_activity_or_information.json,vec,label_values/vec,"[""label_values"", ""vec""]",[],list,array,ads_information/advertisers_using_your_activity_or_information.json,No,11/11/2025,ads_information/advertisers_using_your_activity_or_information.json/label_values/vec
906,ads_information:advertisers_you've_interacted_with:timestamp,Facebook,ads_information:advertisers_you've_interacted_with:timestamp,advertisers_you've_interacted_with.json,timestamp,history_v2/timestamp,"[""history_v2""]","[""timestamp""]",list,number,ads_information/advertisers_you've_interacted_with.json,No,11/11/2025,ads_information/advertisers_you've_interacted_with.json/history_v2/timestamp
907,ads_information:advertisers_you've_interacted_with:timestamp,Facebook,ads_information:advertisers_you_ve_interacted_with:timestamp,advertisers_you've_interacted_with.json,timestamp,history_v2/timestamp,"[""history_v2""]","[""timestamp""]",list,number,ads_information/advertisers_you've_interacted_with.json,No,11/11/2025,ads_information/advertisers_you've_interacted_with.json/history_v2/timestamp
908,groups:your_group_membership_activity:timestamp,Facebook,groups:your_group_membership_activity:timestamp,your_group_membership_activity.json,timestamp,groups_joined_v2/timestamp,"[""groups_joined_v2""]","[""timestamp""]",list,number,your_facebook_activity/groups/your_group_membership_activity.json,No,11/11/2025,your_facebook_activity/groups/your_group_membership_activity.json/groups_joined_v2/timestamp
909,groups:your_group_membership_activity:title,Facebook,groups:your_group_membership_activity:title,your_group_membership_activity.json,title,groups_joined_v2/title,"[""groups_joined_v2""]","[""title""]",list,string,your_facebook_activity/groups/your_group_membership_activity.json,No,11/11/2025,your_facebook_activity/groups/your_group_membership_activity.json/groups_joined_v2/title
910,groups:your_comments_in_groups:group_comments_v2:timestamp,Facebook,groups:your_comments_in_groups:group_comments_v2:timestamp,your_comments_in_groups.json,timestamp,group_comments_v2/timestamp,"[""group_comments_v2""]","[""timestamp""]",list,number,your_facebook_activity/groups/your_comments_in_groups.json,No,11/11/2025,your_facebook_activity/groups/your_comments_in_groups.json/group_comments_v2/timestamp
911,other_activity:time_spent_on_facebook:label_values:label,Facebook,other_activity:time_spent_on_facebook:label_values:label,time_spent_on_facebook.json,label,label_values/label,"[""label_values""]","[""label""]",list,string,your_facebook_activity/other_activity/time_spent_on_facebook.json,No,11/11/2025,your_facebook_activity/other_activity/time_spent_on_facebook.json/label_values/label
912,other_activity:your_video_consumption_summary:label,Facebook,other_activity:your_video_consumption_summary:label,your_video_consumption_summary.json,label,label_values/label,"[""label_values""]","[""label""]",list,string,your_facebook_activity/other_activity/your_video_consumption_summary.json,No,11/11/2025,your_facebook_activity/other_activity/your_video_consumption_summary.json/label_values/label
913,other_activity:your_recently_followed_history:label_values:label,Facebook,your_facebook_activity:other_activity:your_recently_followed_history:label_values:label,your_recently_followed_history.json,label,label_values/label,"[""label_values""]","[""label""]",list,string,your_facebook_activity/other_activity/your_recently_followed_history.json,No,11/11/2025,your_facebook_activity/other_activity/your_recently_followed_history.json/label_values/label
914,comments_and_reactions:your_comment_active_days:label,Facebook,comments_and_reactions:your_comment_active_days:label,your_comment_active_days.json,label,label_values/label,"[""label_values""]","[""label""]",list,string,your_facebook_activity/comments_and_reactions/your_comment_active_days.json,No,11/11/2025,your_facebook_activity/comments_and_reactions/your_comment_active_days.json/label_values/label
915,comments_and_reactions:your_comment_active_days:value,Facebook,comments_and_reactions:your_comment_active_days:value,your_comment_active_days.json,value,label_values/value,"[""label_values""]","[""value""]",list,string,your_facebook_activity/comments_and_reactions/your_comment_active_days.json,No,11/11/2025,your_facebook_activity/comments_and_reactions/your_comment_active_days.json/label_values/value
916,comments_and_reactions:comments:comments_v2:timestamp,Facebook,comments_and_reactions:comments:comments_v2:timestamp,comments.json,timestamp,comments_v2/timestamp,"[""comments_v2""]","[""timestamp""]",list,number,your_facebook_activity/comments_and_reactions/comments.json,No,11/11/2025,your_facebook_activity/comments_and_reactions/comments.json/comments_v2/timestamp
917,reels:your_reels:timestamp,Facebook,reels:your_reels:timestamp,your_reels.json,timestamp,lasso_videos_v2/timestamp,"[""lasso_videos_v2""]","[""timestamp""]",list,number,your_facebook_activity/reels/your_reels.json,No,11/11/2025,your_facebook_activity/reels/your_reels.json/lasso_videos_v2/timestamp
918,reels:your_reels:title,Facebook,reels:your_reels:title,your_reels.json,title,lasso_videos_v2/title,"[""lasso_videos_v2""]","[""title""]",list,string,your_facebook_activity/reels/your_reels.json,No,11/11/2025,your_facebook_activity/reels/your_reels.json/lasso_videos_v2/title
919,pages:pages_and_profiles_you_follow:timestamp,Facebook,pages:pages_and_profiles_you_follow:timestamp,pages_and_profiles_you_follow.json,timestamp,pages_followed_v2/timestamp,"[""pages_followed_v2""]","[""timestamp""]",list,number,your_facebook_activity/pages/pages_and_profiles_you_follow.json,No,11/11/2025,your_facebook_activity/pages/pages_and_profiles_you_follow.json/pages_followed_v2/timestamp
920,pages:pages_and_profiles_you_follow:title,Facebook,pages:pages_and_profiles_you_follow:title,pages_and_profiles_you_follow.json,title,pages_followed_v2/title,"[""pages_followed_v2""]","[""title""]",list,string,your_facebook_activity/pages/pages_and_profiles_you_follow.json,No,11/11/2025,your_facebook_activity/pages/pages_and_profiles_you_follow.json/pages_followed_v2/title
921,pages:pages_you've_liked:name,Facebook,pages:pages_you've_liked:name,pages_you've_liked.json,name,page_likes_v2/name,"[""page_likes_v2""]","[""name""]",list,string,your_facebook_activity/pages/pages_you've_liked.json,No,11/11/2025,your_facebook_activity/pages/pages_you've_liked.json/page_likes_v2/name
922,pages:pages_you've_liked:timestamp,Facebook,pages:pages_you've_liked:timestamp,pages_you've_liked.json,timestamp,page_likes_v2/timestamp,"[""page_likes_v2""]","[""timestamp""]",list,number,your_facebook_activity/pages/pages_you've_liked.json,No,11/11/2025,your_facebook_activity/pages/pages_you've_liked.json/page_likes_v2/timestamp
923,pages:pages_you've_liked:url,Facebook,pages:pages_you've_liked:url,pages_you've_liked.json,url,page_likes_v2/url,"[""page_likes_v2""]","[""url""]",list,string,your_facebook_activity/pages/pages_you've_liked.json,No,11/11/2025,your_facebook_activity/pages/pages_you've_liked.json/page_likes_v2/url
924,polls:your_poll_votes:label_values:label,Facebook,polls:your_poll_votes:label_values:label,your_poll_votes.json,label,label_values/label,"[""label_values""]","[""label""]",list,string,your_facebook_activity/polls/your_poll_votes.json,No,11/11/2025,your_facebook_activity/polls/your_poll_votes.json/label_values/label
925,polls:your_poll_votes:label_values:value,Facebook,polls:your_poll_votes:label_values:value,your_poll_votes.json,value,label_values/value,"[""label_values""]","[""value""]",list,string,your_facebook_activity/polls/your_poll_votes.json,No,11/11/2025,your_facebook_activity/polls/your_poll_votes.json/label_values/value
926,polls:your_poll_votes:label_values:title,Facebook,polls:your_poll_votes:label_values:title,your_poll_votes.json,title,label_values/title,"[""label_values""]","[""title""]",list,string,your_facebook_activity/polls/your_poll_votes.json,No,11/11/2025,your_facebook_activity/polls/your_poll_votes.json/label_values/title
927,posts:your_videos:uri,Facebook,posts:your_videos:uri,your_videos.json,uri,videos_v2/uri,"[""videos_v2""]","[""uri""]",list,string,your_facebook_activity/posts/your_videos.json,No,11/11/2025,your_facebook_activity/posts/your_videos.json/videos_v2/uri
928,posts:your_videos:creation_timestamp,Facebook,posts:your_videos:creation_timestamp,your_videos.json,creation_timestamp,videos_v2/creation_timestamp,"[""videos_v2""]","[""creation_timestamp""]",list,number,your_facebook_activity/posts/your_videos.json,No,11/11/2025,your_facebook_activity/posts/your_videos.json/videos_v2/creation_timestamp
929,posts:your_videos:title,Facebook,posts:your_videos:title,your_videos.json,title,videos_v2/title,"[""videos_v2""]","[""title""]",list,string,your_facebook_activity/posts/your_videos.json,No,11/11/2025,your_facebook_activity/posts/your_videos.json/videos_v2/title
930,posts:your_videos:description,Facebook,posts:your_videos:description,your_videos.json,description,videos_v2/description,"[""videos_v2""]","[""description""]",list,string,your_facebook_activity/posts/your_videos.json,No,11/11/2025,your_facebook_activity/posts/your_videos.json/videos_v2/description
931,posts:your_videos:dubbing_info,Facebook,posts:your_videos:dubbing_info,your_videos.json,dubbing_info,videos_v2/dubbing_info,"[""videos_v2"", ""dubbing_info""]",[],list,array,your_facebook_activity/posts/your_videos.json,No,11/11/2025,your_facebook_activity/posts/your_videos.json/videos_v2/dubbing_info
932,posts:your_videos:media_variants,Facebook,posts:your_videos:media_variants,your_videos.json,media_variants,videos_v2/media_variants,"[""videos_v2"", ""media_variants""]",[],list,array,your_facebook_activity/posts/your_videos.json,No,11/11/2025,your_facebook_activity/posts/your_videos.json/videos_v2/media_variants
933,stories:story_reactions:timestamp,Facebook,stories:story_reactions:timestamp,story_reactions.json,timestamp,stories_feedback_v2/timestamp,"[""stories_feedback_v2""]","[""timestamp""]",list,number,your_facebook_activity/stories/story_reactions.json,No,11/11/2025,your_facebook_activity/stories/story_reactions.json/stories_feedback_v2/timestamp
934,stories:story_reactions:title,Facebook,stories:story_reactions:title,story_reactions.json,title,stories_feedback_v2/title,"[""stories_feedback_v2""]","[""title""]",list,string,your_facebook_activity/stories/story_reactions.json,No,11/11/2025,your_facebook_activity/stories/story_reactions.json/stories_feedback_v2/title
935,feed:snooze:label,Facebook,feed:snooze:label,snooze.json,label,label_values/label,"[""label_values""]","[""label""]",list,string,preferences/feed/snooze.json,No,11/11/2025,preferences/feed/snooze.json/label_values/label
936,feed:snooze:value,Facebook,feed:snooze:value,snooze.json,value,label_values/value,"[""label_values""]","[""value""]",list,string,preferences/feed/snooze.json,No,11/11/2025,preferences/feed/snooze.json/label_values/value
937,feed:snooze:timestamp_value,Facebook,feed:snooze:timestamp_value,snooze.json,timestamp_value,label_values/timestamp_value,"[""label_values""]","[""timestamp_value""]",list,number,preferences/feed/snooze.json,No,11/11/2025,preferences/feed/snooze.json/label_values/timestamp_value
938,feed:controls:controls:name,Facebook,feed:controls:controls:name,controls.json,name,controls/name,"[""controls""]","[""name""]",list,string,preferences/feed/controls.json,No,11/11/2025,preferences/feed/controls.json/controls/name
939,feed:controls:description,Facebook,feed:controls:description,controls.json,description,controls/description,"[""controls""]","[""description""]",list,string,preferences/feed/controls.json,No,11/11/2025,preferences/feed/controls.json/controls/description
940,feed:controls:entries,Facebook,feed:controls:entries,controls.json,entries,controls/entries,"[""controls"", ""entries""]",[],list,array,preferences/feed/controls.json,No,11/11/2025,preferences/feed/controls.json/controls/entries
941,preferences:video:video_title,Facebook,preferences:preferences:video:watch_videos_v2:video_title,video.json,video_title,watch_videos_v2/video_title,"[""watch_videos_v2""]","[""video_title""]",list,string,preferences/preferences/video.json,No,11/11/2025,preferences/preferences/video.json/watch_videos_v2/video_title
942,preferences:video:user_action,Facebook,preferences:preferences:video:watch_videos_v2:user_action,video.json,user_action,watch_videos_v2/user_action,"[""watch_videos_v2""]","[""user_action""]",list,string,preferences/preferences/video.json,No,11/11/2025,preferences/preferences/video.json/watch_videos_v2/user_action
943,preferences:video:action_time,Facebook,preferences:preferences:video:watch_videos_v2:action_time,video.json,action_time,watch_videos_v2/action_time,"[""watch_videos_v2""]","[""action_time""]",list,string,preferences/preferences/video.json,No,11/11/2025,preferences/preferences/video.json/watch_videos_v2/action_time
944,preferences:video:feedback_collection,Facebook,preferences:preferences:video:watch_videos_v2:feedback_collection,video.json,feedback_collection,watch_videos_v2/feedback_collection,"[""watch_videos_v2""]","[""feedback_collection""]",list,string,preferences/preferences/video.json,No,11/11/2025,preferences/preferences/video.json/watch_videos_v2/feedback_collection
945,preferences:reels_preferences:label,Facebook,preferences:preferences:reels_preferences:label_values:label,reels_preferences.json,label,label_values/label,"[""label_values""]","[""label""]",list,string,preferences/preferences/reels_preferences.json,No,11/11/2025,preferences/preferences/reels_preferences.json/label_values/label
946,preferences:reels_preferences:value,Facebook,preferences:preferences:reels_preferences:label_values:value,reels_preferences.json,value,label_values/value,"[""label_values""]","[""value""]",list,string,preferences/preferences/reels_preferences.json,No,11/11/2025,preferences/preferences/reels_preferences.json/label_values/value
947,preferences:your_story_highlights:label,Facebook,preferences:preferences:your_story_highlights:label_values:label,your_story_highlights.json,label,label_values/label,"[""label_values""]","[""label""]",list,string,preferences/preferences/your_story_highlights.json,No,11/11/2025,preferences/preferences/your_story_highlights.json/label_values/label
948,preferences:your_story_highlights:value,Facebook,preferences:preferences:your_story_highlights:label_values:value,your_story_highlights.json,value,label_values/value,"[""label_values""]","[""value""]",list,string,preferences/preferences/your_story_highlights.json,No,11/11/2025,preferences/preferences/your_story_highlights.json/label_values/value
949,preferences:your_story_highlights:label_values:media,Facebook,preferences:your_story_highlights:label_values:media,your_story_highlights.json,media,label_values/media,"[""label_values"", ""media""]",[],list,array,preferences/preferences/your_story_highlights.json,No,11/11/2025,preferences/preferences/your_story_highlights.json/label_values/media
950,preferences:your_story_highlights:timestamp_value,Facebook,preferences:your_story_highlights:timestamp_value,your_story_highlights.json,timestamp_value,label_values/timestamp_value,"[""label_values""]","[""timestamp_value""]",list,number,preferences/preferences/your_story_highlights.json,No,11/11/2025,preferences/preferences/your_story_highlights.json/label_values/timestamp_value
951,preferences:your_watch_settings:label,Facebook,preferences:preferences:your_watch_settings:label_values:label,your_watch_settings.json,label,label_values/label,"[""label_values""]","[""label""]",list,string,preferences/preferences/your_watch_settings.json,No,11/11/2025,preferences/preferences/your_watch_settings.json/label_values/label
952,preferences:your_watch_settings:value,Facebook,preferences:preferences:your_watch_settings:label_values:value,your_watch_settings.json,value,label_values/value,"[""label_values""]","[""value""]",list,string,preferences/preferences/your_watch_settings.json,No,11/11/2025,preferences/preferences/your_watch_settings.json/label_values/value
953,preferences:privacy_settings:label_values:label,Facebook,preferences:preferences:privacy_settings:label_values:label,privacy_settings.json,label,label_values/label,"[""label_values""]","[""label""]",list,string,preferences/preferences/privacy_settings.json,No,11/11/2025,preferences/preferences/privacy_settings.json/label_values/label
954,search:groups_you've_searched_for:timestamp,Facebook,search:groups_you've_searched_for:timestamp,groups_you've_searched_for.json,timestamp,group_search/timestamp,"[""group_search""]","[""timestamp""]",list,number,logged_information/search/groups_you've_searched_for.json,No,11/11/2025,logged_information/search/groups_you've_searched_for.json/group_search/timestamp
955,search:groups_you've_searched_for:title,Facebook,search:groups_you've_searched_for:title,groups_you've_searched_for.json,title,group_search/title,"[""group_search""]","[""title""]",list,string,logged_information/search/groups_you've_searched_for.json,No,11/11/2025,logged_information/search/groups_you've_searched_for.json/group_search/title
956,groups:your_actions_on_violating_content_in_your_groups:label_values:label,Facebook,groups:your_actions_on_violating_content_in_your_groups:label,your_actions_on_violating_content_in_your_groups.json,label,label_values/label,"[""label_values""]","[""label""]",list,string,your_facebook_activity/groups/your_actions_on_violating_content_in_your_groups.json,No,11/11/2025,your_facebook_activity/groups/your_actions_on_violating_content_in_your_groups.json/label_values/label
957,groups:your_actions_on_violating_content_in_your_groups:timestamp_value,Facebook,groups:your_actions_on_violating_content_in_your_groups:timestamp_value,your_actions_on_violating_content_in_your_groups.json,timestamp_value,label_values/timestamp_value,"[""label_values""]","[""timestamp_value""]",list,number,your_facebook_activity/groups/your_actions_on_violating_content_in_your_groups.json,No,11/11/2025,your_facebook_activity/groups/your_actions_on_violating_content_in_your_groups.json/label_values/timestamp_value
958,groups:your_actions_on_violating_content_in_your_groups:label_values:title,Facebook,groups:your_actions_on_violating_content_in_your_groups:label_values:title,your_actions_on_violating_content_in_your_groups.json,title,label_values/title,"[""label_values""]","[""title""]",list,string,your_facebook_activity/groups/your_actions_on_violating_content_in_your_groups.json,No,11/11/2025,your_facebook_activity/groups/your_actions_on_violating_content_in_your_groups.json/label_values/title
959,other_activity:link_history:label,Facebook,other_activity:link_history:label,link_history.json,label,label_values/label,"[""label_values""]","[""label""]",list,string,your_facebook_activity/other_activity/link_history.json,No,11/11/2025,your_facebook_activity/other_activity/link_history.json/label_values/label
960,other_activity:link_history:value,Facebook,other_activity:link_history:value,link_history.json,value,label_values/value,"[""label_values""]","[""value""]",list,string,your_facebook_activity/other_activity/link_history.json,No,11/11/2025,your_facebook_activity/other_activity/link_history.json/label_values/value
961,other_activity:link_history:href,Facebook,other_activity:link_history:href,link_history.json,href,label_values/href,"[""label_values""]","[""href""]",list,string,your_facebook_activity/other_activity/link_history.json,No,11/11/2025,your_facebook_activity/other_activity/link_history.json/label_values/href
962,comments_and_reactions:your_comment_edits:label,Facebook,comments_and_reactions:your_comment_edits:label,your_comment_edits.json,label,label_values/label,"[""label_values""]","[""label""]",list,string,your_facebook_activity/comments_and_reactions/your_comment_edits.json,No,11/11/2025,your_facebook_activity/comments_and_reactions/your_comment_edits.json/label_values/label
963,comments_and_reactions:your_comment_edits:value,Facebook,comments_and_reactions:your_comment_edits:value,your_comment_edits.json,value,label_values/value,"[""label_values""]","[""value""]",list,string,your_facebook_activity/comments_and_reactions/your_comment_edits.json,No,11/11/2025,your_facebook_activity/comments_and_reactions/your_comment_edits.json/label_values/value
964,comments_and_reactions:likes_and_reactions:label_values:label,Facebook,comments_and_reactions:likes_and_reactions:label_values:label,likes_and_reactions.json,label,label_values/label,"[""label_values""]","[""label""]",list,string,your_facebook_activity/comments_and_reactions/likes_and_reactions.json,No,11/11/2025,your_facebook_activity/comments_and_reactions/likes_and_reactions.json/label_values/label
965,comments_and_reactions:likes_and_reactions:label_values:value,Facebook,comments_and_reactions:likes_and_reactions:label_values:value,likes_and_reactions.json,value,label_values/value,"[""label_values""]","[""value""]",list,string,your_facebook_activity/comments_and_reactions/likes_and_reactions.json,No,11/11/2025,your_facebook_activity/comments_and_reactions/likes_and_reactions.json/label_values/value
966,pages:pages_you_are_a_customer_of:label_values:label,Facebook,pages:pages_you_are_a_customer_of:label_values:label,pages_you_are_a_customer_of.json,label,label_values/label,"[""label_values""]","[""label""]",list,string,your_facebook_activity/pages/pages_you_are_a_customer_of.json,No,11/11/2025,your_facebook_activity/pages/pages_you_are_a_customer_of.json/label_values/label
967,pages:pages_you_are_a_customer_of:label_values:value,Facebook,pages:pages_you_are_a_customer_of:label_values:value,pages_you_are_a_customer_of.json,value,label_values/value,"[""label_values""]","[""value""]",list,string,your_facebook_activity/pages/pages_you_are_a_customer_of.json,No,11/11/2025,your_facebook_activity/pages/pages_you_are_a_customer_of.json/label_values/value
968,pages:pages_you_are_a_customer_of:timestamp_value,Facebook,pages:pages_you_are_a_customer_of:timestamp_value,pages_you_are_a_customer_of.json,timestamp_value,label_values/timestamp_value,"[""label_values""]","[""timestamp_value""]",list,number,your_facebook_activity/pages/pages_you_are_a_customer_of.json,No,11/11/2025,your_facebook_activity/pages/pages_you_are_a_customer_of.json/label_values/timestamp_value
969,pages:pages_you_are_a_customer_of:dict,Facebook,pages:pages_you_are_a_customer_of:dict,pages_you_are_a_customer_of.json,dict,label_values/dict,"[""label_values"", ""dict""]",[],list,array,your_facebook_activity/pages/pages_you_are_a_customer_of.json,No,11/11/2025,your_facebook_activity/pages/pages_you_are_a_customer_of.json/label_values/dict
970,pages:pages_you_are_a_customer_of:label_values:title,Facebook,pages:pages_you_are_a_customer_of:label_values:title,pages_you_are_a_customer_of.json,title,label_values/title,"[""label_values""]","[""title""]",list,string,your_facebook_activity/pages/pages_you_are_a_customer_of.json,No,11/11/2025,your_facebook_activity/pages/pages_you_are_a_customer_of.json/label_values/title
971,posts:posts_on_other_pages_and_profiles:label_values:label,Facebook,your_facebook_activity:posts:posts_on_other_pages_and_profiles:label_values:label,posts_on_other_pages_and_profiles.json,label,label_values/label,"[""label_values""]","[""label""]",list,string,your_facebook_activity/posts/posts_on_other_pages_and_profiles.json,No,11/11/2025,your_facebook_activity/posts/posts_on_other_pages_and_profiles.json/label_values/label
972,posts:posts_on_other_pages_and_profiles:label_values:value,Facebook,your_facebook_activity:posts:posts_on_other_pages_and_profiles:label_values:value,posts_on_other_pages_and_profiles.json,value,label_values/value,"[""label_values""]","[""value""]",list,string,your_facebook_activity/posts/posts_on_other_pages_and_profiles.json,No,11/11/2025,your_facebook_activity/posts/posts_on_other_pages_and_profiles.json/label_values/value
973,posts:posts_on_other_pages_and_profiles:label_values:timestamp_value,Facebook,posts:posts_on_other_pages_and_profiles:label_values:timestamp_value,posts_on_other_pages_and_profiles.json,timestamp_value,label_values/timestamp_value,"[""label_values""]","[""timestamp_value""]",list,number,your_facebook_activity/posts/posts_on_other_pages_and_profiles.json,No,11/11/2025,your_facebook_activity/posts/posts_on_other_pages_and_profiles.json/label_values/timestamp_value
974,posts:posts_on_other_pages_and_profiles:label_values:dict,Facebook,posts:posts_on_other_pages_and_profiles:label_values:dict,posts_on_other_pages_and_profiles.json,dict,label_values/dict,"[""label_values"", ""dict""]",[],list,array,your_facebook_activity/posts/posts_on_other_pages_and_profiles.json,No,11/11/2025,your_facebook_activity/posts/posts_on_other_pages_and_profiles.json/label_values/dict
975,posts:posts_on_other_pages_and_profiles:label_values:title,Facebook,posts:posts_on_other_pages_and_profiles:label_values:title,posts_on_other_pages_and_profiles.json,title,label_values/title,"[""label_values""]","[""title""]",list,string,your_facebook_activity/posts/posts_on_other_pages_and_profiles.json,No,11/11/2025,your_facebook_activity/posts/posts_on_other_pages_and_profiles.json/label_values/title
976,posts:posts_on_other_pages_and_profiles:label_values:media,Facebook,posts:posts_on_other_pages_and_profiles:label_values:media,posts_on_other_pages_and_profiles.json,media,label_values/media,"[""label_values"", ""media""]",[],list,array,your_facebook_activity/posts/posts_on_other_pages_and_profiles.json,No,11/11/2025,your_facebook_activity/posts/posts_on_other_pages_and_profiles.json/label_values/media
977,posts:shared_memories:label,Facebook,posts:shared_memories:label,shared_memories.json,label,label_values/label,"[""label_values""]","[""label""]",list,string,your_facebook_activity/posts/shared_memories.json,No,11/11/2025,your_facebook_activity/posts/shared_memories.json/label_values/label
978,posts:shared_memories:label_values:media,Facebook,posts:shared_memories:label_values:media,shared_memories.json,media,label_values/media,"[""label_values"", ""media""]",[],list,array,your_facebook_activity/posts/shared_memories.json,No,11/11/2025,your_facebook_activity/posts/shared_memories.json/label_values/media
979,posts:content_sharing_links_you_have_created:label,Facebook,your_facebook_activity:posts:content_sharing_links_you_have_created:label_values:label,content_sharing_links_you_have_created.json,label,label_values/label,"[""label_values""]","[""label""]",list,string,your_facebook_activity/posts/content_sharing_links_you_have_created.json,No,11/11/2025,your_facebook_activity/posts/content_sharing_links_you_have_created.json/label_values/label
980,posts:content_sharing_links_you_have_created:value,Facebook,your_facebook_activity:posts:content_sharing_links_you_have_created:label_values:value,content_sharing_links_you_have_created.json,value,label_values/value,"[""label_values""]","[""value""]",list,string,your_facebook_activity/posts/content_sharing_links_you_have_created.json,No,11/11/2025,your_facebook_activity/posts/content_sharing_links_you_have_created.json/label_values/value
981,posts:content_sharing_links_you_have_created:href,Facebook,your_facebook_activity:posts:content_sharing_links_you_have_created:label_values:href,content_sharing_links_you_have_created.json,href,label_values/href,"[""label_values""]","[""href""]",list,string,your_facebook_activity/posts/content_sharing_links_you_have_created.json,No,11/11/2025,your_facebook_activity/posts/content_sharing_links_you_have_created.json/label_values/href
982,posts:your_posts__check_ins__photos_and_videos_1:update_timestamp,Facebook,your_facebook_activity:posts:your_posts__check_ins__photos_and_videos_1:data:update_timestamp,your_posts__check_ins__photos_and_videos_1.json,update_timestamp,data/update_timestamp,"[""data""]","[""update_timestamp""]",list,number,your_facebook_activity/posts/your_posts__check_ins__photos_and_videos_1.json,No,11/11/2025,your_facebook_activity/posts/your_posts__check_ins__photos_and_videos_1.json/data/update_timestamp
983,posts:your_posts__check_ins__photos_and_videos_1:post,Facebook,your_facebook_activity:posts:your_posts__check_ins__photos_and_videos_1:data:post,your_posts__check_ins__photos_and_videos_1.json,post,data/post,"[""data""]","[""post""]",list,string,your_facebook_activity/posts/your_posts__check_ins__photos_and_videos_1.json,No,11/11/2025,your_facebook_activity/posts/your_posts__check_ins__photos_and_videos_1.json/data/post
984,posts:your_posts__check_ins__photos_and_videos_1:data,Facebook,posts:your_posts__check_ins__photos_and_videos_1:data,your_posts__check_ins__photos_and_videos_1.json,data,attachments/data,"[""attachments"", ""data""]",[],list,array,your_facebook_activity/posts/your_posts__check_ins__photos_and_videos_1.json,No,11/11/2025,your_facebook_activity/posts/your_posts__check_ins__photos_and_videos_1.json/attachments/data
985,friends:your_post_audiences:label_values:label,Facebook,friends:your_post_audiences:label,your_post_audiences.json,label,label_values/label,"[""label_values""]","[""label""]",list,string,connections/friends/your_post_audiences.json,No,11/11/2025,connections/friends/your_post_audiences.json/label_values/label
986,friends:your_post_audiences:label_values:value,Facebook,friends:your_post_audiences:value,your_post_audiences.json,value,label_values/value,"[""label_values""]","[""value""]",list,string,connections/friends/your_post_audiences.json,No,11/11/2025,connections/friends/your_post_audiences.json/label_values/value
987,friends:your_post_audiences:label_values:title,Facebook,friends:your_post_audiences:title,your_post_audiences.json,title,label_values/title,"[""label_values""]","[""title""]",list,string,connections/friends/your_post_audiences.json,No,11/11/2025,connections/friends/your_post_audiences.json/label_values/title
988,groups:your_group_membership_activity:name,Facebook,groups:your_group_membership_activity:name,your_group_membership_activity.json,name,groups_joined_v2/data/name,"[""groups_joined_v2"", ""data""]","[""name""]",list,string,your_facebook_activity/groups/your_group_membership_activity.json,No,11/11/2025,your_facebook_activity/groups/your_group_membership_activity.json/groups_joined_v2/data/name
989,other_activity:time_spent_on_facebook:label_values:dict:label,Facebook,other_activity:time_spent_on_facebook:label_values:dict:label,time_spent_on_facebook.json,label,label_values/dict/label,"[""label_values"", ""dict""]","[""label""]",list,string,your_facebook_activity/other_activity/time_spent_on_facebook.json,No,11/11/2025,your_facebook_activity/other_activity/time_spent_on_facebook.json/label_values/dict/label
990,other_activity:time_spent_on_facebook:value,Facebook,other_activity:time_spent_on_facebook:value,time_spent_on_facebook.json,value,label_values/dict/value,"[""label_values"", ""dict""]","[""value""]",list,string,your_facebook_activity/other_activity/time_spent_on_facebook.json,No,11/11/2025,your_facebook_activity/other_activity/time_spent_on_facebook.json/label_values/dict/value
991,reels:your_reels:data,Facebook,reels:your_reels:data,your_reels.json,data,lasso_videos_v2/attachments/data,"[""lasso_videos_v2"", ""attachments"", ""data""]",[],list,array,your_facebook_activity/reels/your_reels.json,No,11/11/2025,your_facebook_activity/reels/your_reels.json/lasso_videos_v2/attachments/data
992,reels:your_reels:post,Facebook,reels:your_reels:post,your_reels.json,post,lasso_videos_v2/data/post,"[""lasso_videos_v2"", ""data""]","[""post""]",list,string,your_facebook_activity/reels/your_reels.json,No,11/11/2025,your_facebook_activity/reels/your_reels.json/lasso_videos_v2/data/post
993,pages:pages_and_profiles_you_follow:name,Facebook,pages:pages_and_profiles_you_follow:name,pages_and_profiles_you_follow.json,name,pages_followed_v2/data/name,"[""pages_followed_v2"", ""data""]","[""name""]",list,string,your_facebook_activity/pages/pages_and_profiles_you_follow.json,No,11/11/2025,your_facebook_activity/pages/pages_and_profiles_you_follow.json/pages_followed_v2/data/name
994,polls:your_poll_votes:dict:title,Facebook,polls:your_poll_votes:dict:title,your_poll_votes.json,title,label_values/dict/title,"[""label_values"", ""dict""]","[""title""]",list,string,your_facebook_activity/polls/your_poll_votes.json,No,11/11/2025,your_facebook_activity/polls/your_poll_votes.json/label_values/dict/title
995,stories:story_reactions:text,Facebook,stories:story_reactions:text,story_reactions.json,text,stories_feedback_v2/data/text,"[""stories_feedback_v2"", ""data""]","[""text""]",list,string,your_facebook_activity/stories/story_reactions.json,No,11/11/2025,your_facebook_activity/stories/story_reactions.json/stories_feedback_v2/data/text
996,preferences:privacy_settings:dict:label,Facebook,preferences:preferences:privacy_settings:label_values:dict:label,privacy_settings.json,label,label_values/dict/label,"[""label_values"", ""dict""]","[""label""]",list,string,preferences/preferences/privacy_settings.json,No,11/11/2025,preferences/preferences/privacy_settings.json/label_values/dict/label
997,preferences:privacy_settings:value,Facebook,preferences:preferences:privacy_settings:label_values:dict:value,privacy_settings.json,value,label_values/dict/value,"[""label_values"", ""dict""]","[""value""]",list,string,preferences/preferences/privacy_settings.json,No,11/11/2025,preferences/preferences/privacy_settings.json/label_values/dict/value
998,search:groups_you've_searched_for:group_search:data:text,Facebook,search:groups_you've_searched_for:group_search:data:text,groups_you've_searched_for.json,text,group_search/data/text,"[""group_search"", ""data""]","[""text""]",list,string,logged_information/search/groups_you've_searched_for.json,No,11/11/2025,logged_information/search/groups_you've_searched_for.json/group_search/data/text
999,groups:your_actions_on_violating_content_in_your_groups:label_values:dict:label,Facebook,groups:your_actions_on_violating_content_in_your_groups:label_values:dict:label,your_actions_on_violating_content_in_your_groups.json,label,label_values/dict/label,"[""label_values"", ""dict""]","[""label""]",list,string,your_facebook_activity/groups/your_actions_on_violating_content_in_your_groups.json,No,11/11/2025,your_facebook_activity/groups/your_actions_on_violating_content_in_your_groups.json/label_values/dict/label
1000,groups:your_actions_on_violating_content_in_your_groups:label_values:dict:value,Facebook,groups:your_actions_on_violating_content_in_your_groups:label_values:dict:value,your_actions_on_violating_content_in_your_groups.json,value,label_values/dict/value,"[""label_values"", ""dict""]","[""value""]",list,string,your_facebook_activity/groups/your_actions_on_violating_content_in_your_groups.json,No,11/11/2025,your_facebook_activity/groups/your_actions_on_violating_content_in_your_groups.json/label_values/dict/value
1001,groups:your_actions_on_violating_content_in_your_groups:label_values:dict:title,Facebook,groups:your_actions_on_violating_content_in_your_groups:label_values:dict:title,your_actions_on_violating_content_in_your_groups.json,title,label_values/dict/title,"[""label_values"", ""dict""]","[""title""]",list,string,your_facebook_activity/groups/your_actions_on_violating_content_in_your_groups.json,No,11/11/2025,your_facebook_activity/groups/your_actions_on_violating_content_in_your_groups.json/label_values/dict/title
1002,comments_and_reactions:likes_and_reactions_1:reaction,Facebook,comments_and_reactions:likes_and_reactions_1:reaction,likes_and_reactions_1.json,reaction,data/reaction/reaction,"[""data""]","[""reaction"", ""reaction""]",list,string,your_facebook_activity/comments_and_reactions/likes_and_reactions_1.json,No,11/11/2025,your_facebook_activity/comments_and_reactions/likes_and_reactions_1.json/data/reaction/reaction
1003,posts:shared_memories:uri,Facebook,posts:shared_memories:uri,shared_memories.json,uri,label_values/media/uri,"[""label_values"", ""media""]","[""uri""]",list,string,your_facebook_activity/posts/shared_memories.json,No,11/11/2025,your_facebook_activity/posts/shared_memories.json/label_values/media/uri
1004,posts:shared_memories:creation_timestamp,Facebook,posts:shared_memories:creation_timestamp,shared_memories.json,creation_timestamp,label_values/media/creation_timestamp,"[""label_values"", ""media""]","[""creation_timestamp""]",list,number,your_facebook_activity/posts/shared_memories.json,No,11/11/2025,your_facebook_activity/posts/shared_memories.json/label_values/media/creation_timestamp
1005,posts:shared_memories:title,Facebook,posts:shared_memories:title,shared_memories.json,title,label_values/media/title,"[""label_values"", ""media""]","[""title""]",list,string,your_facebook_activity/posts/shared_memories.json,No,11/11/2025,your_facebook_activity/posts/shared_memories.json/label_values/media/title
1006,friends:your_post_audiences:dict:title,Facebook,friends:your_post_audiences:dict:title,your_post_audiences.json,title,label_values/dict/title,"[""label_values"", ""dict""]","[""title""]",list,string,connections/friends/your_post_audiences.json,No,11/11/2025,connections/friends/your_post_audiences.json/label_values/dict/title
1007,ads_information:ad_preferences:dict:dict:label,Facebook,ads_information:ad_preferences:dict:label,ad_preferences.json,label,label_values/dict/dict/label,"[""label_values"", ""dict"", ""dict""]","[""label""]",list,string,ads_information/ad_preferences.json,No,11/11/2025,ads_information/ad_preferences.json/label_values/dict/dict/label
1008,ads_information:ad_preferences:dict:dict:value,Facebook,ads_information:ad_preferences:dict:value,ad_preferences.json,value,label_values/dict/dict/value,"[""label_values"", ""dict"", ""dict""]","[""value""]",list,string,ads_information/ad_preferences.json,No,11/11/2025,ads_information/ad_preferences.json/label_values/dict/dict/value
1009,ads_information:ad_preferences:timestamp_value,Facebook,ads_information:ad_preferences:timestamp_value,ad_preferences.json,timestamp_value,label_values/dict/dict/timestamp_value,"[""label_values"", ""dict"", ""dict""]","[""timestamp_value""]",list,number,ads_information/ad_preferences.json,No,11/11/2025,ads_information/ad_preferences.json/label_values/dict/dict/timestamp_value
1010,groups:your_comments_in_groups:comment:timestamp,Facebook,groups:your_comments_in_groups:comment:timestamp,your_comments_in_groups.json,timestamp,group_comments_v2/data/comment/timestamp,"[""group_comments_v2"", ""data""]","[""comment"", ""timestamp""]",list,number,your_facebook_activity/groups/your_comments_in_groups.json,No,11/11/2025,your_facebook_activity/groups/your_comments_in_groups.json/group_comments_v2/data/comment/timestamp
1011,groups:your_comments_in_groups:comment,Facebook,groups:your_comments_in_groups:comment,your_comments_in_groups.json,comment,group_comments_v2/data/comment/comment,"[""group_comments_v2"", ""data""]","[""comment"", ""comment""]",list,string,your_facebook_activity/groups/your_comments_in_groups.json,No,11/11/2025,your_facebook_activity/groups/your_comments_in_groups.json/group_comments_v2/data/comment/comment
1012,groups:your_comments_in_groups:group,Facebook,groups:your_comments_in_groups:group,your_comments_in_groups.json,group,group_comments_v2/data/comment/group,"[""group_comments_v2"", ""data""]","[""comment"", ""group""]",list,string,your_facebook_activity/groups/your_comments_in_groups.json,No,11/11/2025,your_facebook_activity/groups/your_comments_in_groups.json/group_comments_v2/data/comment/group
1013,other_activity:time_spent_on_facebook:vec:dict:label,Facebook,other_activity:time_spent_on_facebook:vec:dict:label,time_spent_on_facebook.json,label,label_values/vec/dict/label,"[""label_values"", ""vec"", ""dict""]","[""label""]",list,string,your_facebook_activity/other_activity/time_spent_on_facebook.json,No,11/11/2025,your_facebook_activity/other_activity/time_spent_on_facebook.json/label_values/vec/dict/label
1014,other_activity:time_spent_on_facebook:dict:timestamp_value,Facebook,other_activity:time_spent_on_facebook:dict:timestamp_value,time_spent_on_facebook.json,timestamp_value,label_values/vec/dict/timestamp_value,"[""label_values"", ""vec"", ""dict""]","[""timestamp_value""]",list,number,your_facebook_activity/other_activity/time_spent_on_facebook.json,No,11/11/2025,your_facebook_activity/other_activity/time_spent_on_facebook.json/label_values/vec/dict/timestamp_value
1015,other_activity:your_recently_followed_history:dict:label,Facebook,your_facebook_activity:other_activity:your_recently_followed_history:label_values:vec:dict:label,your_recently_followed_history.json,label,label_values/vec/dict/label,"[""label_values"", ""vec"", ""dict""]","[""label""]",list,string,your_facebook_activity/other_activity/your_recently_followed_history.json,No,11/11/2025,your_facebook_activity/other_activity/your_recently_followed_history.json/label_values/vec/dict/label
1016,other_activity:your_recently_followed_history:value,Facebook,your_facebook_activity:other_activity:your_recently_followed_history:label_values:vec:dict:value,your_recently_followed_history.json,value,label_values/vec/dict/value,"[""label_values"", ""vec"", ""dict""]","[""value""]",list,string,your_facebook_activity/other_activity/your_recently_followed_history.json,No,11/11/2025,your_facebook_activity/other_activity/your_recently_followed_history.json/label_values/vec/dict/value
1017,comments_and_reactions:comments:comment:timestamp,Facebook,comments_and_reactions:comments:comment:timestamp,comments.json,timestamp,comments_v2/data/comment/timestamp,"[""comments_v2"", ""data""]","[""comment"", ""timestamp""]",list,number,your_facebook_activity/comments_and_reactions/comments.json,No,11/11/2025,your_facebook_activity/comments_and_reactions/comments.json/comments_v2/data/comment/timestamp
1018,comments_and_reactions:comments:comment,Facebook,comments_and_reactions:comments:comment,comments.json,comment,comments_v2/data/comment/comment,"[""comments_v2"", ""data""]","[""comment"", ""comment""]",list,string,your_facebook_activity/comments_and_reactions/comments.json,No,11/11/2025,your_facebook_activity/comments_and_reactions/comments.json/comments_v2/data/comment/comment
1019,polls:your_poll_votes:dict:label,Facebook,polls:your_poll_votes:dict:label,your_poll_votes.json,label,label_values/dict/dict/label,"[""label_values"", ""dict"", ""dict""]","[""label""]",list,string,your_facebook_activity/polls/your_poll_votes.json,No,11/11/2025,your_facebook_activity/polls/your_poll_votes.json/label_values/dict/dict/label
1020,polls:your_poll_votes:dict:value,Facebook,polls:your_poll_votes:dict:value,your_poll_votes.json,value,label_values/dict/dict/value,"[""label_values"", ""dict"", ""dict""]","[""value""]",list,string,your_facebook_activity/polls/your_poll_votes.json,No,11/11/2025,your_facebook_activity/polls/your_poll_votes.json/label_values/dict/dict/value
1021,interactions:recently_viewed:share,Facebook,interactions:recently_viewed:share,recently_viewed.json,share,recently_viewed/entries/data/share,"[""recently_viewed"", ""entries""]","[""data"", ""share""]",list,string,logged_information/interactions/recently_viewed.json,No,11/11/2025,logged_information/interactions/recently_viewed.json/recently_viewed/entries/data/share
1022,search:groups_you've_searched_for:attachments:data:text,Facebook,search:groups_you've_searched_for:attachments:data:text,groups_you've_searched_for.json,text,group_search/attachments/data/text,"[""group_search"", ""attachments"", ""data""]","[""text""]",list,string,logged_information/search/groups_you've_searched_for.json,No,11/11/2025,logged_information/search/groups_you've_searched_for.json/group_search/attachments/data/text
1023,groups:your_actions_on_violating_content_in_your_groups:label_values:dict:dict:label,Facebook,groups:your_actions_on_violating_content_in_your_groups:label_values:dict:dict:label,your_actions_on_violating_content_in_your_groups.json,label,label_values/dict/dict/label,"[""label_values"", ""dict"", ""dict""]","[""label""]",list,string,your_facebook_activity/groups/your_actions_on_violating_content_in_your_groups.json,No,11/11/2025,your_facebook_activity/groups/your_actions_on_violating_content_in_your_groups.json/label_values/dict/dict/label
1024,groups:your_actions_on_violating_content_in_your_groups:label_values:dict:dict:value,Facebook,groups:your_actions_on_violating_content_in_your_groups:label_values:dict:dict:value,your_actions_on_violating_content_in_your_groups.json,value,label_values/dict/dict/value,"[""label_values"", ""dict"", ""dict""]","[""value""]",list,string,your_facebook_activity/groups/your_actions_on_violating_content_in_your_groups.json,No,11/11/2025,your_facebook_activity/groups/your_actions_on_violating_content_in_your_groups.json/label_values/dict/dict/value
1025,groups:your_actions_on_violating_content_in_your_groups:href,Facebook,groups:your_actions_on_violating_content_in_your_groups:href,your_actions_on_violating_content_in_your_groups.json,href,label_values/dict/dict/href,"[""label_values"", ""dict"", ""dict""]","[""href""]",list,string,your_facebook_activity/groups/your_actions_on_violating_content_in_your_groups.json,No,11/11/2025,your_facebook_activity/groups/your_actions_on_violating_content_in_your_groups.json/label_values/dict/dict/href
1026,groups:your_actions_on_violating_content_in_your_groups:label_values:dict:dict:title,Facebook,groups:your_actions_on_violating_content_in_your_groups:label_values:dict:dict:title,your_actions_on_violating_content_in_your_groups.json,title,label_values/dict/dict/title,"[""label_values"", ""dict"", ""dict""]","[""title""]",list,string,your_facebook_activity/groups/your_actions_on_violating_content_in_your_groups.json,No,11/11/2025,your_facebook_activity/groups/your_actions_on_violating_content_in_your_groups.json/label_values/dict/dict/title
1027,posts:your_posts__check_ins__photos_and_videos_1:external_context:url,Facebook,your_facebook_activity:posts:your_posts__check_ins__photos_and_videos_1:attachments:data:external_context:url,your_posts__check_ins__photos_and_videos_1.json,url,attachments/data/external_context/url,"[""attachments"", ""data""]","[""external_context"", ""url""]",list,string,your_facebook_activity/posts/your_posts__check_ins__photos_and_videos_1.json,No,11/11/2025,your_facebook_activity/posts/your_posts__check_ins__photos_and_videos_1.json/attachments/data/external_context/url
1028,posts:your_posts__check_ins__photos_and_videos_1:uri,Facebook,posts:your_posts__check_ins__photos_and_videos_1:uri,your_posts__check_ins__photos_and_videos_1.json,uri,attachments/data/media/uri,"[""attachments"", ""data""]","[""media"", ""uri""]",list,string,your_facebook_activity/posts/your_posts__check_ins__photos_and_videos_1.json,No,11/11/2025,your_facebook_activity/posts/your_posts__check_ins__photos_and_videos_1.json/attachments/data/media/uri
1029,posts:your_posts__check_ins__photos_and_videos_1:creation_timestamp,Facebook,posts:your_posts__check_ins__photos_and_videos_1:creation_timestamp,your_posts__check_ins__photos_and_videos_1.json,creation_timestamp,attachments/data/media/creation_timestamp,"[""attachments"", ""data""]","[""media"", ""creation_timestamp""]",list,number,your_facebook_activity/posts/your_posts__check_ins__photos_and_videos_1.json,No,11/11/2025,your_facebook_activity/posts/your_posts__check_ins__photos_and_videos_1.json/attachments/data/media/creation_timestamp
1030,posts:your_posts__check_ins__photos_and_videos_1:media:title,Facebook,posts:your_posts__check_ins__photos_and_videos_1:media:title,your_posts__check_ins__photos_and_videos_1.json,title,attachments/data/media/title,"[""attachments"", ""data""]","[""media"", ""title""]",list,string,your_facebook_activity/posts/your_posts__check_ins__photos_and_videos_1.json,No,11/11/2025,your_facebook_activity/posts/your_posts__check_ins__photos_and_videos_1.json/attachments/data/media/title
1031,posts:your_posts__check_ins__photos_and_videos_1:name,Facebook,posts:your_posts__check_ins__photos_and_videos_1:name,your_posts__check_ins__photos_and_videos_1.json,name,attachments/data/place/name,"[""attachments"", ""data""]","[""place"", ""name""]",list,string,your_facebook_activity/posts/your_posts__check_ins__photos_and_videos_1.json,No,11/11/2025,your_facebook_activity/posts/your_posts__check_ins__photos_and_videos_1.json/attachments/data/place/name
1032,posts:your_posts__check_ins__photos_and_videos_1:description,Facebook,posts:your_posts__check_ins__photos_and_videos_1:description,your_posts__check_ins__photos_and_videos_1.json,description,attachments/data/media/description,"[""attachments"", ""data""]","[""media"", ""description""]",list,string,your_facebook_activity/posts/your_posts__check_ins__photos_and_videos_1.json,No,11/11/2025,your_facebook_activity/posts/your_posts__check_ins__photos_and_videos_1.json/attachments/data/media/description
1033,posts:your_posts__check_ins__photos_and_videos_1:dubbing_info,Facebook,posts:your_posts__check_ins__photos_and_videos_1:dubbing_info,your_posts__check_ins__photos_and_videos_1.json,dubbing_info,attachments/data/media/dubbing_info,"[""attachments"", ""data"", ""media"", ""dubbing_info""]",[],list,array,your_facebook_activity/posts/your_posts__check_ins__photos_and_videos_1.json,No,11/11/2025,your_facebook_activity/posts/your_posts__check_ins__photos_and_videos_1.json/attachments/data/media/dubbing_info
1034,posts:your_posts__check_ins__photos_and_videos_1:media_variants,Facebook,posts:your_posts__check_ins__photos_and_videos_1:media_variants,your_posts__check_ins__photos_and_videos_1.json,media_variants,attachments/data/media/media_variants,"[""attachments"", ""data"", ""media"", ""media_variants""]",[],list,array,your_facebook_activity/posts/your_posts__check_ins__photos_and_videos_1.json,No,11/11/2025,your_facebook_activity/posts/your_posts__check_ins__photos_and_videos_1.json/attachments/data/media/media_variants
1035,friends:your_post_audiences:dict:label,Facebook,friends:your_post_audiences:dict:label,your_post_audiences.json,label,label_values/dict/dict/label,"[""label_values"", ""dict"", ""dict""]","[""label""]",list,string,connections/friends/your_post_audiences.json,No,11/11/2025,connections/friends/your_post_audiences.json/label_values/dict/dict/label
1036,friends:your_post_audiences:dict:value,Facebook,friends:your_post_audiences:dict:value,your_post_audiences.json,value,label_values/dict/dict/value,"[""label_values"", ""dict"", ""dict""]","[""value""]",list,string,connections/friends/your_post_audiences.json,No,11/11/2025,connections/friends/your_post_audiences.json/label_values/dict/dict/value
1037,posts:your_videos:upload_timestamp,Facebook,posts:your_videos:upload_timestamp,your_videos.json,upload_timestamp,videos_v2/media_metadata/video_metadata/exif_data/upload_timestamp,"[""videos_v2"", ""media_metadata"", ""video_metadata"", ""exif_data""]","[""upload_timestamp""]",list,number,your_facebook_activity/posts/your_videos.json,No,11/11/2025,your_facebook_activity/posts/your_videos.json/videos_v2/media_metadata/video_metadata/exif_data/upload_timestamp
1038,stories:archived_stories:dubbing_info,Facebook,stories:archived_stories:dubbing_info,archived_stories.json,dubbing_info,archived_stories_v2/attachments/data/media/dubbing_info,"[""archived_stories_v2"", ""attachments"", ""data"", ""media"", ""dubbing_info""]",[],list,array,your_facebook_activity/stories/archived_stories.json,No,11/11/2025,your_facebook_activity/stories/archived_stories.json/archived_stories_v2/attachments/data/media/dubbing_info
1039,stories:archived_stories:media_variants,Facebook,stories:archived_stories:media_variants,archived_stories.json,media_variants,archived_stories_v2/attachments/data/media/media_variants,"[""archived_stories_v2"", ""attachments"", ""data"", ""media"", ""media_variants""]",[],list,array,your_facebook_activity/stories/archived_stories.json,No,11/11/2025,your_facebook_activity/stories/archived_stories.json/archived_stories_v2/attachments/data/media/media_variants
1040,groups:your_actions_on_violating_content_in_your_groups:dict:dict:dict:title,Facebook,groups:your_actions_on_violating_content_in_your_groups:dict:dict:dict:title,your_actions_on_violating_content_in_your_groups.json,title,label_values/dict/dict/dict/title,"[""label_values"", ""dict"", ""dict"", ""dict""]","[""title""]",list,string,your_facebook_activity/groups/your_actions_on_violating_content_in_your_groups.json,No,11/11/2025,your_facebook_activity/groups/your_actions_on_violating_content_in_your_groups.json/label_values/dict/dict/dict/title
1041,groups:your_actions_on_violating_content_in_your_groups:dict:dict:dict:label,Facebook,groups:your_actions_on_violating_content_in_your_groups:dict:dict:dict:label,your_actions_on_violating_content_in_your_groups.json,label,label_values/dict/dict/dict/dict/label,"[""label_values"", ""dict"", ""dict"", ""dict"", ""dict""]","[""label""]",list,string,your_facebook_activity/groups/your_actions_on_violating_content_in_your_groups.json,No,11/11/2025,your_facebook_activity/groups/your_actions_on_violating_content_in_your_groups.json/label_values/dict/dict/dict/dict/label
1042,groups:your_actions_on_violating_content_in_your_groups:dict:dict:dict:value,Facebook,groups:your_actions_on_violating_content_in_your_groups:dict:dict:dict:value,your_actions_on_violating_content_in_your_groups.json,value,label_values/dict/dict/dict/dict/value,"[""label_values"", ""dict"", ""dict"", ""dict"", ""dict""]","[""value""]",list,string,your_facebook_activity/groups/your_actions_on_violating_content_in_your_groups.json,No,11/11/2025,your_facebook_activity/groups/your_actions_on_violating_content_in_your_groups.json/label_values/dict/dict/dict/dict/value
1043,posts:your_posts__check_ins__photos_and_videos_1:upload_timestamp,Facebook,posts:your_posts__check_ins__photos_and_videos_1:upload_timestamp,your_posts__check_ins__photos_and_videos_1.json,upload_timestamp,attachments/data/media/media_metadata/video_metadata/exif_data/upload_timestamp,"[""attachments"", ""data"", ""media"", ""media_metadata"", ""video_metadata"", ""exif_data""]","[""upload_timestamp""]",list,number,your_facebook_activity/posts/your_posts__check_ins__photos_and_videos_1.json,No,11/11/2025,your_facebook_activity/posts/your_posts__check_ins__photos_and_videos_1.json/attachments/data/media/media_metadata/video_metadata/exif_data/upload_timestamp
1044,messages:ai_conversations:title,Facebook,messages:ai_conversations:title,ai_conversations.json,title,title,,"[""title""]",static,string,your_facebook_activity/messages/ai_conversations.json,No,11/11/2025,your_facebook_activity/messages/ai_conversations.json/title
1045,messages:ai_conversations:timestamp,Facebook,messages:ai_conversations:timestamp,ai_conversations.json,timestamp,timestamp,,"[""timestamp""]",static,number,your_facebook_activity/messages/ai_conversations.json,No,11/11/2025,your_facebook_activity/messages/ai_conversations.json/timestamp
1046,messages:ai_conversations:fbid,Facebook,messages:ai_conversations:fbid,ai_conversations.json,fbid,fbid,,"[""fbid""]",static,string,your_facebook_activity/messages/ai_conversations.json,No,11/11/2025,your_facebook_activity/messages/ai_conversations.json/fbid
1047,messages:support_messages:10237935489150020:timestamp,Facebook,messages:support_messages:10237935489150020:timestamp,support_messages.json,timestamp,support_messages/10237935489150020/timestamp,,"[""support_messages"", ""10237935489150020"", ""timestamp""]",static,number,your_facebook_activity/messages/support_messages.json,No,11/11/2025,your_facebook_activity/messages/support_messages.json/support_messages/10237935489150020/timestamp
1048,messages:support_messages:10237935489150020:subject,Facebook,messages:support_messages:10237935489150020:subject,support_messages.json,subject,support_messages/10237935489150020/subject,,"[""support_messages"", ""10237935489150020"", ""subject""]",static,string,your_facebook_activity/messages/support_messages.json,No,11/11/2025,your_facebook_activity/messages/support_messages.json/support_messages/10237935489150020/subject
1049,messages:support_messages:10237421081890160:timestamp,Facebook,messages:support_messages:10237421081890160:timestamp,support_messages.json,timestamp,support_messages/10237421081890160/timestamp,,"[""support_messages"", ""10237421081890160"", ""timestamp""]",static,number,your_facebook_activity/messages/support_messages.json,No,11/11/2025,your_facebook_activity/messages/support_messages.json/support_messages/10237421081890160/timestamp
1050,messages:support_messages:10237421081890160:subject,Facebook,messages:support_messages:10237421081890160:subject,support_messages.json,subject,support_messages/10237421081890160/subject,,"[""support_messages"", ""10237421081890160"", ""subject""]",static,string,your_facebook_activity/messages/support_messages.json,No,11/11/2025,your_facebook_activity/messages/support_messages.json/support_messages/10237421081890160/subject
1051,messages:support_messages:10237203958142202:timestamp,Facebook,messages:support_messages:10237203958142202:timestamp,support_messages.json,timestamp,support_messages/10237203958142202/timestamp,,"[""support_messages"", ""10237203958142202"", ""timestamp""]",static,number,your_facebook_activity/messages/support_messages.json,No,11/11/2025,your_facebook_activity/messages/support_messages.json/support_messages/10237203958142202/timestamp
1052,messages:support_messages:10237203958142202:subject,Facebook,messages:support_messages:10237203958142202:subject,support_messages.json,subject,support_messages/10237203958142202/subject,,"[""support_messages"", ""10237203958142202"", ""subject""]",static,string,your_facebook_activity/messages/support_messages.json,No,11/11/2025,your_facebook_activity/messages/support_messages.json/support_messages/10237203958142202/subject
1053,messages:support_messages:10236753073510368:timestamp,Facebook,messages:support_messages:10236753073510368:timestamp,support_messages.json,timestamp,support_messages/10236753073510368/timestamp,,"[""support_messages"", ""10236753073510368"", ""timestamp""]",static,number,your_facebook_activity/messages/support_messages.json,No,11/11/2025,your_facebook_activity/messages/support_messages.json/support_messages/10236753073510368/timestamp
1054,messages:support_messages:10236753073510368:subject,Facebook,messages:support_messages:10236753073510368:subject,support_messages.json,subject,support_messages/10236753073510368/subject,,"[""support_messages"", ""10236753073510368"", ""subject""]",static,string,your_facebook_activity/messages/support_messages.json,No,11/11/2025,your_facebook_activity/messages/support_messages.json/support_messages/10236753073510368/subject
1055,messages:ai_conversations:media,Facebook,messages:ai_conversations:media,ai_conversations.json,media,media,"[""media""]",[],list,array,your_facebook_activity/messages/ai_conversations.json,No,11/11/2025,your_facebook_activity/messages/ai_conversations.json/media
1056,your_group_messages:$USERNAME:messages,Facebook,your_group_messages:$USERNAME:messages,$USERNAME.json,messages,messages,"[""messages""]",[],list,array,your_facebook_activity/groups/your_group_messages/$USERNAME.json,No,11/11/2025,your_facebook_activity/groups/your_group_messages/$USERNAME.json/messages
1057,groups:group_invites_you've_received:timestamp,Facebook,groups:group_invites_you've_received:timestamp,group_invites_you've_received.json,timestamp,timestamp,[],"[""timestamp""]",list,number,your_facebook_activity/groups/group_invites_you've_received.json,No,11/11/2025,your_facebook_activity/groups/group_invites_you've_received.json/timestamp
1058,groups:group_invites_you've_received:media,Facebook,groups:group_invites_you've_received:media,group_invites_you've_received.json,media,media,"[""media""]",[],list,array,your_facebook_activity/groups/group_invites_you've_received.json,No,11/11/2025,your_facebook_activity/groups/group_invites_you've_received.json/media
1059,groups:group_invites_you've_received:fbid,Facebook,groups:group_invites_you've_received:fbid,group_invites_you've_received.json,fbid,fbid,[],"[""fbid""]",list,string,your_facebook_activity/groups/group_invites_you've_received.json,No,11/11/2025,your_facebook_activity/groups/group_invites_you've_received.json/fbid
1060,polls:your_poll_votes:fbid,Facebook,polls:your_poll_votes:fbid,your_poll_votes.json,fbid,fbid,[],"[""fbid""]",list,string,your_facebook_activity/polls/your_poll_votes.json,Yes,11/11/2025,your_facebook_activity/polls/your_poll_votes.json/fbid
1061,posts:edits_you_made_to_posts:timestamp,Facebook,posts:edits_you_made_to_posts:timestamp,edits_you_made_to_posts.json,timestamp,timestamp,[],"[""timestamp""]",list,number,your_facebook_activity/posts/edits_you_made_to_posts.json,No,11/11/2025,your_facebook_activity/posts/edits_you_made_to_posts.json/timestamp
1062,posts:edits_you_made_to_posts:media,Facebook,posts:edits_you_made_to_posts:media,edits_you_made_to_posts.json,media,media,"[""media""]",[],list,array,your_facebook_activity/posts/edits_you_made_to_posts.json,No,11/11/2025,your_facebook_activity/posts/edits_you_made_to_posts.json/media
1063,posts:edits_you_made_to_posts:fbid,Facebook,posts:edits_you_made_to_posts:fbid,edits_you_made_to_posts.json,fbid,fbid,[],"[""fbid""]",list,string,your_facebook_activity/posts/edits_you_made_to_posts.json,No,11/11/2025,your_facebook_activity/posts/edits_you_made_to_posts.json/fbid
1064,posts:your_posts__check_ins__photos_and_videos_1:attachments,Facebook,posts:your_posts__check_ins__photos_and_videos_1:attachments,your_posts__check_ins__photos_and_videos_1.json,attachments,attachments,"[""attachments""]",[],list,array,your_facebook_activity/posts/your_posts__check_ins__photos_and_videos_1.json,No,11/11/2025,your_facebook_activity/posts/your_posts__check_ins__photos_and_videos_1.json/attachments
1065,activity_messages:people_and_friends:media,Facebook,activity_messages:people_and_friends:media,people_and_friends.json,media,media,"[""media""]",[],list,array,logged_information/activity_messages/people_and_friends.json,No,11/11/2025,logged_information/activity_messages/people_and_friends.json/media
1066,messages:ai_conversations:label_values:label,Facebook,messages:ai_conversations:label_values:label,ai_conversations.json,label,label_values/label,"[""label_values""]","[""label""]",list,string,your_facebook_activity/messages/ai_conversations.json,No,11/11/2025,your_facebook_activity/messages/ai_conversations.json/label_values/label
1067,messages:ai_conversations:label_values:value,Facebook,messages:ai_conversations:label_values:value,ai_conversations.json,value,label_values/value,"[""label_values""]","[""value""]",list,string,your_facebook_activity/messages/ai_conversations.json,No,11/11/2025,your_facebook_activity/messages/ai_conversations.json/label_values/value
1068,messages:ai_conversations:label_values:vec,Facebook,messages:ai_conversations:label_values:vec,ai_conversations.json,vec,label_values/vec,"[""label_values"", ""vec""]",[],list,array,your_facebook_activity/messages/ai_conversations.json,No,11/11/2025,your_facebook_activity/messages/ai_conversations.json/label_values/vec
1069,messages:ai_conversations:label_values:dict,Facebook,messages:ai_conversations:label_values:dict,ai_conversations.json,dict,label_values/dict,"[""label_values"", ""dict""]",[],list,array,your_facebook_activity/messages/ai_conversations.json,No,11/11/2025,your_facebook_activity/messages/ai_conversations.json/label_values/dict
1070,messages:ai_conversations:label_values:title,Facebook,messages:ai_conversations:label_values:title,ai_conversations.json,title,label_values/title,"[""label_values""]","[""title""]",list,string,your_facebook_activity/messages/ai_conversations.json,No,11/11/2025,your_facebook_activity/messages/ai_conversations.json/label_values/title
1071,groups:group_posts_and_comments:timestamp,Facebook,groups:group_posts_and_comments:timestamp,group_posts_and_comments.json,timestamp,group_posts_v2/timestamp,"[""group_posts_v2""]","[""timestamp""]",list,number,your_facebook_activity/groups/group_posts_and_comments.json,No,11/11/2025,your_facebook_activity/groups/group_posts_and_comments.json/group_posts_v2/timestamp
1072,groups:group_posts_and_comments:group_posts_v2:title,Facebook,groups:group_posts_and_comments:group_posts_v2:title,group_posts_and_comments.json,title,group_posts_v2/title,"[""group_posts_v2""]","[""title""]",list,string,your_facebook_activity/groups/group_posts_and_comments.json,No,11/11/2025,your_facebook_activity/groups/group_posts_and_comments.json/group_posts_v2/title
1073,groups:group_posts_and_comments:data,Facebook,groups:group_posts_and_comments:data,group_posts_and_comments.json,data,group_posts_v2/data,"[""group_posts_v2"", ""data""]",[],list,array,your_facebook_activity/groups/group_posts_and_comments.json,No,11/11/2025,your_facebook_activity/groups/group_posts_and_comments.json/group_posts_v2/data
1074,saved_items_and_collections:collections:timestamp,Facebook,saved_items_and_collections:collections:timestamp,collections.json,timestamp,collections_v2/timestamp,"[""collections_v2""]","[""timestamp""]",list,number,your_facebook_activity/saved_items_and_collections/collections.json,No,11/11/2025,your_facebook_activity/saved_items_and_collections/collections.json/collections_v2/timestamp
1075,saved_items_and_collections:collections:title,Facebook,saved_items_and_collections:collections:title,collections.json,title,collections_v2/title,"[""collections_v2""]","[""title""]",list,string,your_facebook_activity/saved_items_and_collections/collections.json,No,11/11/2025,your_facebook_activity/saved_items_and_collections/collections.json/collections_v2/title
1076,saved_items_and_collections:your_saved_items:timestamp,Facebook,saved_items_and_collections:your_saved_items:timestamp,your_saved_items.json,timestamp,saves_v2/timestamp,"[""saves_v2""]","[""timestamp""]",list,number,your_facebook_activity/saved_items_and_collections/your_saved_items.json,No,11/11/2025,your_facebook_activity/saved_items_and_collections/your_saved_items.json/saves_v2/timestamp
1077,saved_items_and_collections:your_saved_items:title,Facebook,saved_items_and_collections:your_saved_items:title,your_saved_items.json,title,saves_v2/title,"[""saves_v2""]","[""title""]",list,string,your_facebook_activity/saved_items_and_collections/your_saved_items.json,No,11/11/2025,your_facebook_activity/saved_items_and_collections/your_saved_items.json/saves_v2/title
1078,groups:group_invites_you've_received:label_values:label,Facebook,groups:group_invites_you've_received:label,group_invites_you've_received.json,label,label_values/label,"[""label_values""]","[""label""]",list,string,your_facebook_activity/groups/group_invites_you've_received.json,No,11/11/2025,your_facebook_activity/groups/group_invites_you've_received.json/label_values/label
1079,groups:group_invites_you've_received:label_values:value,Facebook,groups:group_invites_you've_received:label_values:value,group_invites_you've_received.json,value,label_values/value,"[""label_values""]","[""value""]",list,string,your_facebook_activity/groups/group_invites_you've_received.json,No,11/11/2025,your_facebook_activity/groups/group_invites_you've_received.json/label_values/value
1080,groups:group_invites_you've_received:label_values:title,Facebook,groups:group_invites_you've_received:label_values:title,group_invites_you've_received.json,title,label_values/title,"[""label_values""]","[""title""]",list,string,your_facebook_activity/groups/group_invites_you've_received.json,No,11/11/2025,your_facebook_activity/groups/group_invites_you've_received.json/label_values/title
1081,comments_and_reactions:likes_and_reactions:dict,Facebook,comments_and_reactions:likes_and_reactions:dict,likes_and_reactions.json,dict,label_values/dict,"[""label_values"", ""dict""]",[],list,array,your_facebook_activity/comments_and_reactions/likes_and_reactions.json,No,11/11/2025,your_facebook_activity/comments_and_reactions/likes_and_reactions.json/label_values/dict
1082,posts:edits_you_made_to_posts:label,Facebook,posts:edits_you_made_to_posts:label,edits_you_made_to_posts.json,label,label_values/label,"[""label_values""]","[""label""]",list,string,your_facebook_activity/posts/edits_you_made_to_posts.json,No,11/11/2025,your_facebook_activity/posts/edits_you_made_to_posts.json/label_values/label
1083,posts:edits_you_made_to_posts:value,Facebook,posts:edits_you_made_to_posts:value,edits_you_made_to_posts.json,value,label_values/value,"[""label_values""]","[""value""]",list,string,your_facebook_activity/posts/edits_you_made_to_posts.json,No,11/11/2025,your_facebook_activity/posts/edits_you_made_to_posts.json/label_values/value
1084,messages:ai_conversations:label_values:dict:label,Facebook,messages:ai_conversations:label_values:dict:label,ai_conversations.json,label,label_values/dict/label,"[""label_values"", ""dict""]","[""label""]",list,string,your_facebook_activity/messages/ai_conversations.json,No,11/11/2025,your_facebook_activity/messages/ai_conversations.json/label_values/dict/label
1085,messages:ai_conversations:label_values:dict:value,Facebook,messages:ai_conversations:label_values:dict:value,ai_conversations.json,value,label_values/dict/value,"[""label_values"", ""dict""]","[""value""]",list,string,your_facebook_activity/messages/ai_conversations.json,No,11/11/2025,your_facebook_activity/messages/ai_conversations.json/label_values/dict/value
1086,messages:ai_conversations:href,Facebook,messages:ai_conversations:href,ai_conversations.json,href,label_values/dict/href,"[""label_values"", ""dict""]","[""href""]",list,string,your_facebook_activity/messages/ai_conversations.json,No,11/11/2025,your_facebook_activity/messages/ai_conversations.json/label_values/dict/href
1087,messages:ai_conversations:label_values:dict:title,Facebook,messages:ai_conversations:label_values:dict:title,ai_conversations.json,title,label_values/dict/title,"[""label_values"", ""dict""]","[""title""]",list,string,your_facebook_activity/messages/ai_conversations.json,No,11/11/2025,your_facebook_activity/messages/ai_conversations.json/label_values/dict/title
1088,groups:group_posts_and_comments:post,Facebook,groups:group_posts_and_comments:post,group_posts_and_comments.json,post,group_posts_v2/data/post,"[""group_posts_v2"", ""data""]","[""post""]",list,string,your_facebook_activity/groups/group_posts_and_comments.json,No,11/11/2025,your_facebook_activity/groups/group_posts_and_comments.json/group_posts_v2/data/post
1089,feed:controls:timestamp,Facebook,feed:controls:timestamp,controls.json,timestamp,controls/entries/timestamp,"[""controls"", ""entries""]","[""timestamp""]",list,number,preferences/feed/controls.json,No,11/11/2025,preferences/feed/controls.json/controls/entries/timestamp
1090,ads_information:ad_preferences:vec:value,Facebook,ads_information:ad_preferences:vec:value,ad_preferences.json,value,label_values/vec/value,"[""label_values"", ""vec""]","[""value""]",list,string,ads_information/ad_preferences.json,No,11/11/2025,ads_information/ad_preferences.json/label_values/vec/value
1091,ads_information:ad_preferences:label_values:dict:label,Facebook,ads_information:ad_preferences:label_values:dict:label,ad_preferences.json,label,label_values/dict/label,"[""label_values"", ""dict""]","[""label""]",list,string,ads_information/ad_preferences.json,No,11/11/2025,ads_information/ad_preferences.json/label_values/dict/label
1092,ads_information:ad_preferences:label_values:dict:value,Facebook,ads_information:ad_preferences:label_values:dict:value,ad_preferences.json,value,label_values/dict/value,"[""label_values"", ""dict""]","[""value""]",list,string,ads_information/ad_preferences.json,No,11/11/2025,ads_information/ad_preferences.json/label_values/dict/value
1093,groups:group_invites_you've_received:dict:title,Facebook,groups:group_invites_you've_received:dict:title,group_invites_you've_received.json,title,label_values/dict/title,"[""label_values"", ""dict""]","[""title""]",list,string,your_facebook_activity/groups/group_invites_you've_received.json,No,11/11/2025,your_facebook_activity/groups/group_invites_you've_received.json/label_values/dict/title
1094,posts:posts_on_other_pages_and_profiles:label_values:media:uri,Facebook,posts:posts_on_other_pages_and_profiles:label_values:media:uri,posts_on_other_pages_and_profiles.json,uri,label_values/media/uri,"[""label_values"", ""media""]","[""uri""]",list,string,your_facebook_activity/posts/posts_on_other_pages_and_profiles.json,No,11/11/2025,your_facebook_activity/posts/posts_on_other_pages_and_profiles.json/label_values/media/uri
1095,posts:posts_on_other_pages_and_profiles:label_values:media:creation_timestamp,Facebook,posts:posts_on_other_pages_and_profiles:label_values:media:creation_timestamp,posts_on_other_pages_and_profiles.json,creation_timestamp,label_values/media/creation_timestamp,"[""label_values"", ""media""]","[""creation_timestamp""]",list,number,your_facebook_activity/posts/posts_on_other_pages_and_profiles.json,No,11/11/2025,your_facebook_activity/posts/posts_on_other_pages_and_profiles.json/label_values/media/creation_timestamp
1096,posts:posts_on_other_pages_and_profiles:label_values:media:description,Facebook,posts:posts_on_other_pages_and_profiles:label_values:media:description,posts_on_other_pages_and_profiles.json,description,label_values/media/description,"[""label_values"", ""media""]","[""description""]",list,string,your_facebook_activity/posts/posts_on_other_pages_and_profiles.json,No,11/11/2025,your_facebook_activity/posts/posts_on_other_pages_and_profiles.json/label_values/media/description
1097,posts:posts_on_other_pages_and_profiles:label_values:dict:title,Facebook,posts:posts_on_other_pages_and_profiles:label_values:dict:title,posts_on_other_pages_and_profiles.json,title,label_values/dict/title,"[""label_values"", ""dict""]","[""title""]",list,string,your_facebook_activity/posts/posts_on_other_pages_and_profiles.json,No,11/11/2025,your_facebook_activity/posts/posts_on_other_pages_and_profiles.json/label_values/dict/title
1098,pages:pages_you_are_a_customer_of:dict:title,Facebook,pages:pages_you_are_a_customer_of:dict:title,pages_you_are_a_customer_of.json,title,label_values/dict/title,"[""label_values"", ""dict""]","[""title""]",list,string,your_facebook_activity/pages/pages_you_are_a_customer_of.json,No,11/11/2025,your_facebook_activity/pages/pages_you_are_a_customer_of.json/label_values/dict/title
1099,messages:ai_conversations:dict:dict:label,Facebook,messages:ai_conversations:dict:dict:label,ai_conversations.json,label,label_values/dict/dict/label,"[""label_values"", ""dict"", ""dict""]","[""label""]",list,string,your_facebook_activity/messages/ai_conversations.json,No,11/11/2025,your_facebook_activity/messages/ai_conversations.json/label_values/dict/dict/label
1100,messages:ai_conversations:dict:dict:value,Facebook,messages:ai_conversations:dict:dict:value,ai_conversations.json,value,label_values/dict/dict/value,"[""label_values"", ""dict"", ""dict""]","[""value""]",list,string,your_facebook_activity/messages/ai_conversations.json,No,11/11/2025,your_facebook_activity/messages/ai_conversations.json/label_values/dict/dict/value
1101,messages:ai_conversations:dict:vec,Facebook,messages:ai_conversations:dict:vec,ai_conversations.json,vec,label_values/dict/dict/vec,"[""label_values"", ""dict"", ""dict"", ""vec""]",[],list,array,your_facebook_activity/messages/ai_conversations.json,No,11/11/2025,your_facebook_activity/messages/ai_conversations.json/label_values/dict/dict/vec
1102,messages:ai_conversations:dict:dict,Facebook,messages:ai_conversations:dict:dict,ai_conversations.json,dict,label_values/dict/dict/dict,"[""label_values"", ""dict"", ""dict"", ""dict""]",[],list,array,your_facebook_activity/messages/ai_conversations.json,No,11/11/2025,your_facebook_activity/messages/ai_conversations.json/label_values/dict/dict/dict
1103,messages:ai_conversations:dict:dict:title,Facebook,messages:ai_conversations:dict:dict:title,ai_conversations.json,title,label_values/dict/dict/title,"[""label_values"", ""dict"", ""dict""]","[""title""]",list,string,your_facebook_activity/messages/ai_conversations.json,No,11/11/2025,your_facebook_activity/messages/ai_conversations.json/label_values/dict/dict/title
1104,messages:ai_conversations:timestamp_value,Facebook,messages:ai_conversations:timestamp_value,ai_conversations.json,timestamp_value,label_values/dict/dict/timestamp_value,"[""label_values"", ""dict"", ""dict""]","[""timestamp_value""]",list,number,your_facebook_activity/messages/ai_conversations.json,No,11/11/2025,your_facebook_activity/messages/ai_conversations.json/label_values/dict/dict/timestamp_value
1105,messages:support_messages:10237935489150020:messages:from,Facebook,messages:support_messages:10237935489150020:messages:from,support_messages.json,from,support_messages/10237935489150020/messages/from,"[""support_messages"", ""10237935489150020"", ""messages""]","[""from""]",list,string,your_facebook_activity/messages/support_messages.json,No,11/11/2025,your_facebook_activity/messages/support_messages.json/support_messages/10237935489150020/messages/from
1106,messages:support_messages:10237935489150020:messages:to,Facebook,messages:support_messages:10237935489150020:messages:to,support_messages.json,to,support_messages/10237935489150020/messages/to,"[""support_messages"", ""10237935489150020"", ""messages""]","[""to""]",list,string,your_facebook_activity/messages/support_messages.json,No,11/11/2025,your_facebook_activity/messages/support_messages.json/support_messages/10237935489150020/messages/to
1107,messages:support_messages:10237935489150020:messages:subject,Facebook,messages:support_messages:10237935489150020:messages:subject,support_messages.json,subject,support_messages/10237935489150020/messages/subject,"[""support_messages"", ""10237935489150020"", ""messages""]","[""subject""]",list,string,your_facebook_activity/messages/support_messages.json,No,11/11/2025,your_facebook_activity/messages/support_messages.json/support_messages/10237935489150020/messages/subject
1108,messages:support_messages:10237935489150020:messages:message,Facebook,messages:support_messages:10237935489150020:messages:message,support_messages.json,message,support_messages/10237935489150020/messages/message,"[""support_messages"", ""10237935489150020"", ""messages""]","[""message""]",list,string,your_facebook_activity/messages/support_messages.json,No,11/11/2025,your_facebook_activity/messages/support_messages.json/support_messages/10237935489150020/messages/message
1109,messages:support_messages:10237935489150020:messages:timestamp,Facebook,messages:support_messages:10237935489150020:messages:timestamp,support_messages.json,timestamp,support_messages/10237935489150020/messages/timestamp,"[""support_messages"", ""10237935489150020"", ""messages""]","[""timestamp""]",list,number,your_facebook_activity/messages/support_messages.json,No,11/11/2025,your_facebook_activity/messages/support_messages.json/support_messages/10237935489150020/messages/timestamp
1110,messages:support_messages:10237421081890160:messages:from,Facebook,messages:support_messages:10237421081890160:messages:from,support_messages.json,from,support_messages/10237421081890160/messages/from,"[""support_messages"", ""10237421081890160"", ""messages""]","[""from""]",list,string,your_facebook_activity/messages/support_messages.json,No,11/11/2025,your_facebook_activity/messages/support_messages.json/support_messages/10237421081890160/messages/from
1111,messages:support_messages:10237421081890160:messages:to,Facebook,messages:support_messages:10237421081890160:messages:to,support_messages.json,to,support_messages/10237421081890160/messages/to,"[""support_messages"", ""10237421081890160"", ""messages""]","[""to""]",list,string,your_facebook_activity/messages/support_messages.json,No,11/11/2025,your_facebook_activity/messages/support_messages.json/support_messages/10237421081890160/messages/to
1112,messages:support_messages:10237421081890160:messages:subject,Facebook,messages:support_messages:10237421081890160:messages:subject,support_messages.json,subject,support_messages/10237421081890160/messages/subject,"[""support_messages"", ""10237421081890160"", ""messages""]","[""subject""]",list,string,your_facebook_activity/messages/support_messages.json,No,11/11/2025,your_facebook_activity/messages/support_messages.json/support_messages/10237421081890160/messages/subject
1113,messages:support_messages:10237421081890160:messages:message,Facebook,messages:support_messages:10237421081890160:messages:message,support_messages.json,message,support_messages/10237421081890160/messages/message,"[""support_messages"", ""10237421081890160"", ""messages""]","[""message""]",list,string,your_facebook_activity/messages/support_messages.json,No,11/11/2025,your_facebook_activity/messages/support_messages.json/support_messages/10237421081890160/messages/message
1114,messages:support_messages:10237421081890160:messages:timestamp,Facebook,messages:support_messages:10237421081890160:messages:timestamp,support_messages.json,timestamp,support_messages/10237421081890160/messages/timestamp,"[""support_messages"", ""10237421081890160"", ""messages""]","[""timestamp""]",list,number,your_facebook_activity/messages/support_messages.json,No,11/11/2025,your_facebook_activity/messages/support_messages.json/support_messages/10237421081890160/messages/timestamp
1115,messages:support_messages:10237203958142202:messages:from,Facebook,messages:support_messages:10237203958142202:messages:from,support_messages.json,from,support_messages/10237203958142202/messages/from,"[""support_messages"", ""10237203958142202"", ""messages""]","[""from""]",list,string,your_facebook_activity/messages/support_messages.json,No,11/11/2025,your_facebook_activity/messages/support_messages.json/support_messages/10237203958142202/messages/from
1116,messages:support_messages:10237203958142202:messages:to,Facebook,messages:support_messages:10237203958142202:messages:to,support_messages.json,to,support_messages/10237203958142202/messages/to,"[""support_messages"", ""10237203958142202"", ""messages""]","[""to""]",list,string,your_facebook_activity/messages/support_messages.json,No,11/11/2025,your_facebook_activity/messages/support_messages.json/support_messages/10237203958142202/messages/to
1117,messages:support_messages:10237203958142202:messages:subject,Facebook,messages:support_messages:10237203958142202:messages:subject,support_messages.json,subject,support_messages/10237203958142202/messages/subject,"[""support_messages"", ""10237203958142202"", ""messages""]","[""subject""]",list,string,your_facebook_activity/messages/support_messages.json,No,11/11/2025,your_facebook_activity/messages/support_messages.json/support_messages/10237203958142202/messages/subject
1118,messages:support_messages:10237203958142202:messages:message,Facebook,messages:support_messages:10237203958142202:messages:message,support_messages.json,message,support_messages/10237203958142202/messages/message,"[""support_messages"", ""10237203958142202"", ""messages""]","[""message""]",list,string,your_facebook_activity/messages/support_messages.json,No,11/11/2025,your_facebook_activity/messages/support_messages.json/support_messages/10237203958142202/messages/message
1119,messages:support_messages:10237203958142202:messages:timestamp,Facebook,messages:support_messages:10237203958142202:messages:timestamp,support_messages.json,timestamp,support_messages/10237203958142202/messages/timestamp,"[""support_messages"", ""10237203958142202"", ""messages""]","[""timestamp""]",list,number,your_facebook_activity/messages/support_messages.json,No,11/11/2025,your_facebook_activity/messages/support_messages.json/support_messages/10237203958142202/messages/timestamp
1120,messages:support_messages:10236753073510368:messages:from,Facebook,messages:support_messages:10236753073510368:messages:from,support_messages.json,from,support_messages/10236753073510368/messages/from,"[""support_messages"", ""10236753073510368"", ""messages""]","[""from""]",list,string,your_facebook_activity/messages/support_messages.json,No,11/11/2025,your_facebook_activity/messages/support_messages.json/support_messages/10236753073510368/messages/from
1121,messages:support_messages:10236753073510368:messages:to,Facebook,messages:support_messages:10236753073510368:messages:to,support_messages.json,to,support_messages/10236753073510368/messages/to,"[""support_messages"", ""10236753073510368"", ""messages""]","[""to""]",list,string,your_facebook_activity/messages/support_messages.json,No,11/11/2025,your_facebook_activity/messages/support_messages.json/support_messages/10236753073510368/messages/to
1122,messages:support_messages:10236753073510368:messages:subject,Facebook,messages:support_messages:10236753073510368:messages:subject,support_messages.json,subject,support_messages/10236753073510368/messages/subject,"[""support_messages"", ""10236753073510368"", ""messages""]","[""subject""]",list,string,your_facebook_activity/messages/support_messages.json,No,11/11/2025,your_facebook_activity/messages/support_messages.json/support_messages/10236753073510368/messages/subject
1123,messages:support_messages:10236753073510368:messages:message,Facebook,messages:support_messages:10236753073510368:messages:message,support_messages.json,message,support_messages/10236753073510368/messages/message,"[""support_messages"", ""10236753073510368"", ""messages""]","[""message""]",list,string,your_facebook_activity/messages/support_messages.json,No,11/11/2025,your_facebook_activity/messages/support_messages.json/support_messages/10236753073510368/messages/message
1124,messages:support_messages:10236753073510368:messages:timestamp,Facebook,messages:support_messages:10236753073510368:messages:timestamp,support_messages.json,timestamp,support_messages/10236753073510368/messages/timestamp,"[""support_messages"", ""10236753073510368"", ""messages""]","[""timestamp""]",list,number,your_facebook_activity/messages/support_messages.json,No,11/11/2025,your_facebook_activity/messages/support_messages.json/support_messages/10236753073510368/messages/timestamp
1125,saved_items_and_collections:collections:name,Facebook,saved_items_and_collections:collections:name,collections.json,name,collections_v2/attachments/data/name,"[""collections_v2"", ""attachments"", ""data""]","[""name""]",list,string,your_facebook_activity/saved_items_and_collections/collections.json,No,11/11/2025,your_facebook_activity/saved_items_and_collections/collections.json/collections_v2/attachments/data/name
1126,feed:controls:data:name,Facebook,feed:controls:data:name,controls.json,name,controls/entries/data/name,"[""controls"", ""entries""]","[""data"", ""name""]",list,string,preferences/feed/controls.json,No,11/11/2025,preferences/feed/controls.json/controls/entries/data/name
1127,feed:controls:uri,Facebook,feed:controls:uri,controls.json,uri,controls/entries/data/uri,"[""controls"", ""entries""]","[""data"", ""uri""]",list,string,preferences/feed/controls.json,No,11/11/2025,preferences/feed/controls.json/controls/entries/data/uri
1128,interactions:recently_visited:value,Facebook,interactions:recently_visited:value,recently_visited.json,value,visited_things_v2/entries/data/value,"[""visited_things_v2"", ""entries""]","[""data"", ""value""]",list,string,logged_information/interactions/recently_visited.json,No,11/11/2025,logged_information/interactions/recently_visited.json/visited_things_v2/entries/data/value
1129,groups:group_invites_you've_received:dict:label,Facebook,groups:group_invites_you've_received:dict:label,group_invites_you've_received.json,label,label_values/dict/dict/label,"[""label_values"", ""dict"", ""dict""]","[""label""]",list,string,your_facebook_activity/groups/group_invites_you've_received.json,No,11/11/2025,your_facebook_activity/groups/group_invites_you've_received.json/label_values/dict/dict/label
1130,groups:group_invites_you've_received:dict:value,Facebook,groups:group_invites_you've_received:dict:value,group_invites_you've_received.json,value,label_values/dict/dict/value,"[""label_values"", ""dict"", ""dict""]","[""value""]",list,string,your_facebook_activity/groups/group_invites_you've_received.json,No,11/11/2025,your_facebook_activity/groups/group_invites_you've_received.json/label_values/dict/dict/value
1131,posts:posts_on_other_pages_and_profiles:dict:label,Facebook,posts:posts_on_other_pages_and_profiles:dict:label,posts_on_other_pages_and_profiles.json,label,label_values/dict/dict/label,"[""label_values"", ""dict"", ""dict""]","[""label""]",list,string,your_facebook_activity/posts/posts_on_other_pages_and_profiles.json,No,11/11/2025,your_facebook_activity/posts/posts_on_other_pages_and_profiles.json/label_values/dict/dict/label
1132,posts:posts_on_other_pages_and_profiles:dict:timestamp_value,Facebook,posts:posts_on_other_pages_and_profiles:dict:timestamp_value,posts_on_other_pages_and_profiles.json,timestamp_value,label_values/dict/dict/timestamp_value,"[""label_values"", ""dict"", ""dict""]","[""timestamp_value""]",list,number,your_facebook_activity/posts/posts_on_other_pages_and_profiles.json,No,11/11/2025,your_facebook_activity/posts/posts_on_other_pages_and_profiles.json/label_values/dict/dict/timestamp_value
1133,posts:posts_on_other_pages_and_profiles:dict:value,Facebook,posts:posts_on_other_pages_and_profiles:dict:value,posts_on_other_pages_and_profiles.json,value,label_values/dict/dict/value,"[""label_values"", ""dict"", ""dict""]","[""value""]",list,string,your_facebook_activity/posts/posts_on_other_pages_and_profiles.json,No,11/11/2025,your_facebook_activity/posts/posts_on_other_pages_and_profiles.json/label_values/dict/dict/value
1134,posts:posts_on_other_pages_and_profiles:dict:dict,Facebook,posts:posts_on_other_pages_and_profiles:dict:dict,posts_on_other_pages_and_profiles.json,dict,label_values/dict/dict/dict,"[""label_values"", ""dict"", ""dict"", ""dict""]",[],list,array,your_facebook_activity/posts/posts_on_other_pages_and_profiles.json,No,11/11/2025,your_facebook_activity/posts/posts_on_other_pages_and_profiles.json/label_values/dict/dict/dict
1135,posts:posts_on_other_pages_and_profiles:dict:dict:title,Facebook,posts:posts_on_other_pages_and_profiles:dict:dict:title,posts_on_other_pages_and_profiles.json,title,label_values/dict/dict/title,"[""label_values"", ""dict"", ""dict""]","[""title""]",list,string,your_facebook_activity/posts/posts_on_other_pages_and_profiles.json,No,11/11/2025,your_facebook_activity/posts/posts_on_other_pages_and_profiles.json/label_values/dict/dict/title
1136,pages:pages_you_are_a_customer_of:dict:label,Facebook,pages:pages_you_are_a_customer_of:dict:label,pages_you_are_a_customer_of.json,label,label_values/dict/dict/label,"[""label_values"", ""dict"", ""dict""]","[""label""]",list,string,your_facebook_activity/pages/pages_you_are_a_customer_of.json,No,11/11/2025,your_facebook_activity/pages/pages_you_are_a_customer_of.json/label_values/dict/dict/label
1137,pages:pages_you_are_a_customer_of:dict:value,Facebook,pages:pages_you_are_a_customer_of:dict:value,pages_you_are_a_customer_of.json,value,label_values/dict/dict/value,"[""label_values"", ""dict"", ""dict""]","[""value""]",list,string,your_facebook_activity/pages/pages_you_are_a_customer_of.json,No,11/11/2025,your_facebook_activity/pages/pages_you_are_a_customer_of.json/label_values/dict/dict/value
1138,pages:pages_you_are_a_customer_of:href,Facebook,pages:pages_you_are_a_customer_of:href,pages_you_are_a_customer_of.json,href,label_values/dict/dict/href,"[""label_values"", ""dict"", ""dict""]","[""href""]",list,string,your_facebook_activity/pages/pages_you_are_a_customer_of.json,No,11/11/2025,your_facebook_activity/pages/pages_you_are_a_customer_of.json/label_values/dict/dict/href
1139,groups:group_posts_and_comments:uri,Facebook,groups:group_posts_and_comments:uri,group_posts_and_comments.json,uri,group_posts_v2/attachments/data/media/uri,"[""group_posts_v2"", ""attachments"", ""data""]","[""media"", ""uri""]",list,string,your_facebook_activity/groups/group_posts_and_comments.json,No,11/11/2025,your_facebook_activity/groups/group_posts_and_comments.json/group_posts_v2/attachments/data/media/uri
1140,groups:group_posts_and_comments:creation_timestamp,Facebook,groups:group_posts_and_comments:creation_timestamp,group_posts_and_comments.json,creation_timestamp,group_posts_v2/attachments/data/media/creation_timestamp,"[""group_posts_v2"", ""attachments"", ""data""]","[""media"", ""creation_timestamp""]",list,number,your_facebook_activity/groups/group_posts_and_comments.json,No,11/11/2025,your_facebook_activity/groups/group_posts_and_comments.json/group_posts_v2/attachments/data/media/creation_timestamp
1141,groups:group_posts_and_comments:description,Facebook,groups:group_posts_and_comments:description,group_posts_and_comments.json,description,group_posts_v2/attachments/data/media/description,"[""group_posts_v2"", ""attachments"", ""data""]","[""media"", ""description""]",list,string,your_facebook_activity/groups/group_posts_and_comments.json,No,11/11/2025,your_facebook_activity/groups/group_posts_and_comments.json/group_posts_v2/attachments/data/media/description
1142,groups:group_posts_and_comments:media:title,Facebook,groups:group_posts_and_comments:media:title,group_posts_and_comments.json,title,group_posts_v2/attachments/data/media/title,"[""group_posts_v2"", ""attachments"", ""data""]","[""media"", ""title""]",list,string,your_facebook_activity/groups/group_posts_and_comments.json,No,11/11/2025,your_facebook_activity/groups/group_posts_and_comments.json/group_posts_v2/attachments/data/media/title
1143,groups:group_posts_and_comments:dubbing_info,Facebook,groups:group_posts_and_comments:dubbing_info,group_posts_and_comments.json,dubbing_info,group_posts_v2/attachments/data/media/dubbing_info,"[""group_posts_v2"", ""attachments"", ""data"", ""media"", ""dubbing_info""]",[],list,array,your_facebook_activity/groups/group_posts_and_comments.json,No,11/11/2025,your_facebook_activity/groups/group_posts_and_comments.json/group_posts_v2/attachments/data/media/dubbing_info
1144,groups:group_posts_and_comments:media_variants,Facebook,groups:group_posts_and_comments:media_variants,group_posts_and_comments.json,media_variants,group_posts_v2/attachments/data/media/media_variants,"[""group_posts_v2"", ""attachments"", ""data"", ""media"", ""media_variants""]",[],list,array,your_facebook_activity/groups/group_posts_and_comments.json,No,11/11/2025,your_facebook_activity/groups/group_posts_and_comments.json/group_posts_v2/attachments/data/media/media_variants
1145,groups:your_comments_in_groups:uri,Facebook,groups:your_comments_in_groups:uri,your_comments_in_groups.json,uri,group_comments_v2/attachments/data/media/uri,"[""group_comments_v2"", ""attachments"", ""data""]","[""media"", ""uri""]",list,string,your_facebook_activity/groups/your_comments_in_groups.json,No,11/11/2025,your_facebook_activity/groups/your_comments_in_groups.json/group_comments_v2/attachments/data/media/uri
1146,groups:your_comments_in_groups:creation_timestamp,Facebook,groups:your_comments_in_groups:creation_timestamp,your_comments_in_groups.json,creation_timestamp,group_comments_v2/attachments/data/media/creation_timestamp,"[""group_comments_v2"", ""attachments"", ""data""]","[""media"", ""creation_timestamp""]",list,number,your_facebook_activity/groups/your_comments_in_groups.json,No,11/11/2025,your_facebook_activity/groups/your_comments_in_groups.json/group_comments_v2/attachments/data/media/creation_timestamp
1147,groups:your_comments_in_groups:url,Facebook,groups:your_comments_in_groups:url,your_comments_in_groups.json,url,group_comments_v2/attachments/data/external_context/url,"[""group_comments_v2"", ""attachments"", ""data""]","[""external_context"", ""url""]",list,string,your_facebook_activity/groups/your_comments_in_groups.json,No,11/11/2025,your_facebook_activity/groups/your_comments_in_groups.json/group_comments_v2/attachments/data/external_context/url
1148,comments_and_reactions:comments:uri,Facebook,comments_and_reactions:comments:uri,comments.json,uri,comments_v2/attachments/data/media/uri,"[""comments_v2"", ""attachments"", ""data""]","[""media"", ""uri""]",list,string,your_facebook_activity/comments_and_reactions/comments.json,No,11/11/2025,your_facebook_activity/comments_and_reactions/comments.json/comments_v2/attachments/data/media/uri
1149,comments_and_reactions:comments:creation_timestamp,Facebook,comments_and_reactions:comments:creation_timestamp,comments.json,creation_timestamp,comments_v2/attachments/data/media/creation_timestamp,"[""comments_v2"", ""attachments"", ""data""]","[""media"", ""creation_timestamp""]",list,number,your_facebook_activity/comments_and_reactions/comments.json,No,11/11/2025,your_facebook_activity/comments_and_reactions/comments.json/comments_v2/attachments/data/media/creation_timestamp
1150,comments_and_reactions:comments:url,Facebook,comments_and_reactions:comments:url,comments.json,url,comments_v2/attachments/data/external_context/url,"[""comments_v2"", ""attachments"", ""data""]","[""external_context"", ""url""]",list,string,your_facebook_activity/comments_and_reactions/comments.json,No,11/11/2025,your_facebook_activity/comments_and_reactions/comments.json/comments_v2/attachments/data/external_context/url
1151,posts:posts_on_other_pages_and_profiles:dict:media:uri,Facebook,posts:posts_on_other_pages_and_profiles:dict:media:uri,posts_on_other_pages_and_profiles.json,uri,label_values/dict/dict/media/uri,"[""label_values"", ""dict"", ""dict"", ""media""]","[""uri""]",list,string,your_facebook_activity/posts/posts_on_other_pages_and_profiles.json,No,11/11/2025,your_facebook_activity/posts/posts_on_other_pages_and_profiles.json/label_values/dict/dict/media/uri
1152,posts:posts_on_other_pages_and_profiles:dict:media:creation_timestamp,Facebook,posts:posts_on_other_pages_and_profiles:dict:media:creation_timestamp,posts_on_other_pages_and_profiles.json,creation_timestamp,label_values/dict/dict/media/creation_timestamp,"[""label_values"", ""dict"", ""dict"", ""media""]","[""creation_timestamp""]",list,number,your_facebook_activity/posts/posts_on_other_pages_and_profiles.json,No,11/11/2025,your_facebook_activity/posts/posts_on_other_pages_and_profiles.json/label_values/dict/dict/media/creation_timestamp
1153,posts:posts_on_other_pages_and_profiles:dict:media:description,Facebook,posts:posts_on_other_pages_and_profiles:dict:media:description,posts_on_other_pages_and_profiles.json,description,label_values/dict/dict/media/description,"[""label_values"", ""dict"", ""dict"", ""media""]","[""description""]",list,string,your_facebook_activity/posts/posts_on_other_pages_and_profiles.json,No,11/11/2025,your_facebook_activity/posts/posts_on_other_pages_and_profiles.json/label_values/dict/dict/media/description
1154,settings:consents:timestamp,Instagram,settings:consents:timestamp,consents.json,timestamp,timestamp,,"[""timestamp""]",static,number,preferences/settings/consents.json,No,pre-trial,preferences/settings/consents.json/timestamp
1155,settings:consents:media,Instagram,settings:consents:media,consents.json,media,media,,"[""media""]",static,array,preferences/settings/consents.json,No,pre-trial,preferences/settings/consents.json/media
1156,settings:consents:fbid,Instagram,settings:consents:fbid,consents.json,fbid,fbid,,"[""fbid""]",static,string,preferences/settings/consents.json,No,pre-trial,preferences/settings/consents.json/fbid
1157,settings:consents:ent_name,Instagram,settings:consents:ent_name,consents.json,ent_name,ent_name,,"[""ent_name""]",static,string,preferences/settings/consents.json,No,pre-trial,preferences/settings/consents.json/ent_name
1158,instagram_ads_and_businesses:ads_about_meta:media,Instagram,instagram_ads_and_businesses:ads_about_meta:media,ads_about_meta.json,media,media,,"[""media""]",static,array,ads_information/instagram_ads_and_businesses/ads_about_meta.json,No,pre-trial,ads_information/instagram_ads_and_businesses/ads_about_meta.json/media
1159,instagram_ads_and_businesses:ads_about_meta:fbid,Instagram,instagram_ads_and_businesses:ads_about_meta:fbid,ads_about_meta.json,fbid,fbid,,"[""fbid""]",static,string,ads_information/instagram_ads_and_businesses/ads_about_meta.json,No,pre-trial,ads_information/instagram_ads_and_businesses/ads_about_meta.json/fbid
1160,instagram_ads_and_businesses:ads_about_meta:ent_name,Instagram,instagram_ads_and_businesses:ads_about_meta:ent_name,ads_about_meta.json,ent_name,ent_name,,"[""ent_name""]",static,string,ads_information/instagram_ads_and_businesses/ads_about_meta.json,No,pre-trial,ads_information/instagram_ads_and_businesses/ads_about_meta.json/ent_name
1161,instagram_ads_and_businesses:other_categories_used_to_reach_you:media,Instagram,instagram_ads_and_businesses:other_categories_used_to_reach_you:media,other_categories_used_to_reach_you.json,media,media,,"[""media""]",static,array,ads_information/instagram_ads_and_businesses/other_categories_used_to_reach_you.json,No,pre-trial,ads_information/instagram_ads_and_businesses/other_categories_used_to_reach_you.json/media
1162,instagram_ads_and_businesses:other_categories_used_to_reach_you:fbid,Instagram,instagram_ads_and_businesses:other_categories_used_to_reach_you:fbid,other_categories_used_to_reach_you.json,fbid,fbid,,"[""fbid""]",static,string,ads_information/instagram_ads_and_businesses/other_categories_used_to_reach_you.json,No,pre-trial,ads_information/instagram_ads_and_businesses/other_categories_used_to_reach_you.json/fbid
1163,instagram_ads_and_businesses:other_categories_used_to_reach_you:ent_name,Instagram,instagram_ads_and_businesses:other_categories_used_to_reach_you:ent_name,other_categories_used_to_reach_you.json,ent_name,ent_name,,"[""ent_name""]",static,string,ads_information/instagram_ads_and_businesses/other_categories_used_to_reach_you.json,No,pre-trial,ads_information/instagram_ads_and_businesses/other_categories_used_to_reach_you.json/ent_name
1164,comments:post_comments_1:Comment:value,Instagram,comments:post_comments_1:Comment:value,post_comments_1.json,value,string_map_data/Comment/value,,"[""string_map_data"", ""Comment"", ""value""]",static,string,your_instagram_activity/comments/post_comments_1.json,Yes,pre-trial,your_instagram_activity/comments/post_comments_1.json/string_map_data/Comment/value
1165,comments:post_comments_1:Media Owner:value,Instagram,comments:post_comments_1:Media Owner:value,post_comments_1.json,value,string_map_data/Media Owner/value,,"[""string_map_data"", ""Media Owner"", ""value""]",static,string,your_instagram_activity/comments/post_comments_1.json,Yes,pre-trial,your_instagram_activity/comments/post_comments_1.json/string_map_data/Media Owner/value
1166,comments:post_comments_1:timestamp,Instagram,comments:post_comments_1:timestamp,post_comments_1.json,timestamp,string_map_data/Time/timestamp,,"[""string_map_data"", ""Time"", ""timestamp""]",static,number,your_instagram_activity/comments/post_comments_1.json,Yes,pre-trial,your_instagram_activity/comments/post_comments_1.json/string_map_data/Time/timestamp
1167,other_activity:your_information_download_requests:timestamp,Instagram,other_activity:your_information_download_requests:timestamp,your_information_download_requests.json,timestamp,timestamp,[],"[""timestamp""]",list,number,your_instagram_activity/other_activity/your_information_download_requests.json,Yes,pre-trial,your_instagram_activity/other_activity/your_information_download_requests.json/timestamp
1168,comments:post_comments_1:uri,Instagram,comments:post_comments_1:uri,post_comments_1.json,uri,media_list_data/uri,"[""media_list_data""]","[""uri""]",list,string,your_instagram_activity/comments/post_comments_1.json,No,pre-trial,your_instagram_activity/comments/post_comments_1.json/media_list_data/uri
1169,content:stories:uri,Instagram,content:stories:uri,stories.json,uri,ig_stories/uri,"[""ig_stories""]","[""uri""]",list,string,your_instagram_activity/content/stories.json,No,pre-trial,your_instagram_activity/content/stories.json/ig_stories/uri
1170,content:stories:creation_timestamp,Instagram,content:stories:creation_timestamp,stories.json,creation_timestamp,ig_stories/creation_timestamp,"[""ig_stories""]","[""creation_timestamp""]",list,number,your_instagram_activity/content/stories.json,No,pre-trial,your_instagram_activity/content/stories.json/ig_stories/creation_timestamp
1171,content:stories:title,Instagram,content:stories:title,stories.json,title,ig_stories/title,"[""ig_stories""]","[""title""]",list,string,your_instagram_activity/content/stories.json,No,pre-trial,your_instagram_activity/content/stories.json/ig_stories/title
1172,content:stories:dubbing_info,Instagram,content:stories:dubbing_info,stories.json,dubbing_info,ig_stories/dubbing_info,"[""ig_stories""]","[""dubbing_info""]",list,array,your_instagram_activity/content/stories.json,No,pre-trial,your_instagram_activity/content/stories.json/ig_stories/dubbing_info
1173,content:stories:media_variants,Instagram,content:stories:media_variants,stories.json,media_variants,ig_stories/media_variants,"[""ig_stories""]","[""media_variants""]",list,array,your_instagram_activity/content/stories.json,No,pre-trial,your_instagram_activity/content/stories.json/ig_stories/media_variants
1174,content:stories:backup_uri,Instagram,content:stories:backup_uri,stories.json,backup_uri,ig_stories/backup_uri,"[""ig_stories""]","[""backup_uri""]",list,string,your_instagram_activity/content/stories.json,No,pre-trial,your_instagram_activity/content/stories.json/ig_stories/backup_uri
1175,likes:liked_posts:title,Instagram,likes:liked_posts:title,liked_posts.json,title,likes_media_likes/title,"[""likes_media_likes""]","[""title""]",list,string,your_instagram_activity/likes/liked_posts.json,No,pre-trial,your_instagram_activity/likes/liked_posts.json/likes_media_likes/title
1176,saved:saved_posts:title,Instagram,saved:saved_posts:title,saved_posts.json,title,saved_saved_media/title,"[""saved_saved_media""]","[""title""]",list,string,your_instagram_activity/saved/saved_posts.json,No,pre-trial,your_instagram_activity/saved/saved_posts.json/saved_saved_media/title
1177,story_sticker_interactions:story_likes:title,Instagram,story_interactions:story_likes:title,story_likes.json,title,story_activities_story_likes/title,"[""story_activities_story_likes""]","[""title""]",list,string,your_instagram_activity/story_sticker_interactions/story_likes.json,No,pre-trial,your_instagram_activity/story_sticker_interactions/story_likes.json/story_activities_story_likes/title
1178,subscriptions:your_muted_story_teaser_creators:title,Instagram,subscriptions:your_muted_story_teaser_creators:title,your_muted_story_teaser_creators.json,title,subscriptions_muted_story_teaser_creators/title,"[""subscriptions_muted_story_teaser_creators""]","[""title""]",list,string,your_instagram_activity/subscriptions/your_muted_story_teaser_creators.json,No,pre-trial,your_instagram_activity/subscriptions/your_muted_story_teaser_creators.json/subscriptions_muted_story_teaser_creators/title
1179,login_and_profile_creation:profile_privacy_changes:title,Instagram,login_and_profile_creation:profile_privacy_changes:title,profile_privacy_changes.json,title,account_history_account_privacy_history/title,"[""account_history_account_privacy_history""]","[""title""]",list,string,security_and_login_information/login_and_profile_creation/profile_privacy_changes.json,No,pre-trial,security_and_login_information/login_and_profile_creation/profile_privacy_changes.json/account_history_account_privacy_history/title
1180,settings:comments_allowed_from:title,Instagram,settings:comments_allowed_from:title,comments_allowed_from.json,title,settings_allow_comments_from/title,"[""settings_allow_comments_from""]","[""title""]",list,string,preferences/settings/comments_allowed_from.json,No,pre-trial,preferences/settings/comments_allowed_from.json/settings_allow_comments_from/title
1181,settings:consents:ent_field_name,Instagram,settings:consents:ent_field_name,consents.json,ent_field_name,label_values/ent_field_name,"[""label_values""]","[""ent_field_name""]",list,string,preferences/settings/consents.json,No,pre-trial,preferences/settings/consents.json/label_values/ent_field_name
1182,settings:consents:label,Instagram,settings:consents:label,consents.json,label,label_values/label,"[""label_values""]","[""label""]",list,string,preferences/settings/consents.json,No,pre-trial,preferences/settings/consents.json/label_values/label
1183,settings:consents:timestamp_value,Instagram,settings:consents:timestamp_value,consents.json,timestamp_value,label_values/timestamp_value,"[""label_values""]","[""timestamp_value""]",list,number,preferences/settings/consents.json,No,pre-trial,preferences/settings/consents.json/label_values/timestamp_value
1184,personal_information:professional_information:title,Instagram,personal_information:professional_information:title,professional_information.json,title,profile_business/title,"[""profile_business""]","[""title""]",list,string,personal_information/personal_information/professional_information.json,No,pre-trial,personal_information/personal_information/professional_information.json/profile_business/title
1185,followers_and_following:blocked_profiles:title,Instagram,followers_and_following:blocked_profiles:title,blocked_profiles.json,title,relationships_blocked_users/title,"[""relationships_blocked_users""]","[""title""]",list,string,connections/followers_and_following/blocked_profiles.json,No,pre-trial,connections/followers_and_following/blocked_profiles.json/relationships_blocked_users/title
1186,followers_and_following:following:title,Instagram,followers_and_following:following:title,following.json,title,relationships_following/title,"[""relationships_following""]","[""title""]",list,string,connections/followers_and_following/following.json,No,pre-trial,connections/followers_and_following/following.json/relationships_following/title
1187,followers_and_following:following:media_list_data,Instagram,followers_and_following:following:media_list_data,following.json,media_list_data,relationships_following/media_list_data,"[""relationships_following""]","[""media_list_data""]",list,array,connections/followers_and_following/following.json,No,pre-trial,connections/followers_and_following/following.json/relationships_following/media_list_data
1188,apps_and_websites:your_activity_off_meta_technologies:name,Instagram,apps_and_websites:your_activity_off_meta_technologies:name,your_activity_off_meta_technologies.json,name,apps_and_websites_off_meta_activity/name,"[""apps_and_websites_off_meta_activity""]","[""name""]",list,string,apps_and_websites_off_of_instagram/apps_and_websites/your_activity_off_meta_technologies.json,No,pre-trial,apps_and_websites_off_of_instagram/apps_and_websites/your_activity_off_meta_technologies.json/apps_and_websites_off_meta_activity/name
1189,instagram_ads_and_businesses:ads_about_meta:ent_field_name,Instagram,instagram_ads_and_businesses:ads_about_meta:ent_field_name,ads_about_meta.json,ent_field_name,label_values/ent_field_name,"[""label_values""]","[""ent_field_name""]",list,string,ads_information/instagram_ads_and_businesses/ads_about_meta.json,No,pre-trial,ads_information/instagram_ads_and_businesses/ads_about_meta.json/label_values/ent_field_name
1190,instagram_ads_and_businesses:ads_about_meta:label,Instagram,instagram_ads_and_businesses:ads_about_meta:label,ads_about_meta.json,label,label_values/label,"[""label_values""]","[""label""]",list,string,ads_information/instagram_ads_and_businesses/ads_about_meta.json,No,pre-trial,ads_information/instagram_ads_and_businesses/ads_about_meta.json/label_values/label
1191,instagram_ads_and_businesses:ads_about_meta:value,Instagram,instagram_ads_and_businesses:ads_about_meta:value,ads_about_meta.json,value,label_values/value,"[""label_values""]","[""value""]",list,string,ads_information/instagram_ads_and_businesses/ads_about_meta.json,No,pre-trial,ads_information/instagram_ads_and_businesses/ads_about_meta.json/label_values/value
1192,instagram_ads_and_businesses:ads_about_meta:timestamp_value,Instagram,instagram_ads_and_businesses:ads_about_meta:timestamp_value,ads_about_meta.json,timestamp_value,label_values/timestamp_value,"[""label_values""]","[""timestamp_value""]",list,number,ads_information/instagram_ads_and_businesses/ads_about_meta.json,No,pre-trial,ads_information/instagram_ads_and_businesses/ads_about_meta.json/label_values/timestamp_value
1193,instagram_ads_and_businesses:advertisers_using_your_activity_or_information:advertiser_name,Instagram,instagram_ads_and_businesses:advertisers_using_your_activity_or_information:advertiser_name,advertisers_using_your_activity_or_information.json,advertiser_name,ig_custom_audiences_all_types/advertiser_name,"[""ig_custom_audiences_all_types""]","[""advertiser_name""]",list,string,ads_information/instagram_ads_and_businesses/advertisers_using_your_activity_or_information.json,No,pre-trial,ads_information/instagram_ads_and_businesses/advertisers_using_your_activity_or_information.json/ig_custom_audiences_all_types/advertiser_name
1194,instagram_ads_and_businesses:advertisers_using_your_activity_or_information:has_data_file_custom_audience,Instagram,instagram_ads_and_businesses:advertisers_using_your_activity_or_information:has_data_file_custom_audience,advertisers_using_your_activity_or_information.json,has_data_file_custom_audience,ig_custom_audiences_all_types/has_data_file_custom_audience,"[""ig_custom_audiences_all_types""]","[""has_data_file_custom_audience""]",list,boolean,ads_information/instagram_ads_and_businesses/advertisers_using_your_activity_or_information.json,No,pre-trial,ads_information/instagram_ads_and_businesses/advertisers_using_your_activity_or_information.json/ig_custom_audiences_all_types/has_data_file_custom_audience
1195,instagram_ads_and_businesses:advertisers_using_your_activity_or_information:has_remarketing_custom_audience,Instagram,instagram_ads_and_businesses:advertisers_using_your_activity_or_information:has_remarketing_custom_audience,advertisers_using_your_activity_or_information.json,has_remarketing_custom_audience,ig_custom_audiences_all_types/has_remarketing_custom_audience,"[""ig_custom_audiences_all_types""]","[""has_remarketing_custom_audience""]",list,boolean,ads_information/instagram_ads_and_businesses/advertisers_using_your_activity_or_information.json,No,pre-trial,ads_information/instagram_ads_and_businesses/advertisers_using_your_activity_or_information.json/ig_custom_audiences_all_types/has_remarketing_custom_audience
1196,instagram_ads_and_businesses:advertisers_using_your_activity_or_information:has_in_person_store_visit,Instagram,instagram_ads_and_businesses:advertisers_using_your_activity_or_information:has_in_person_store_visit,advertisers_using_your_activity_or_information.json,has_in_person_store_visit,ig_custom_audiences_all_types/has_in_person_store_visit,"[""ig_custom_audiences_all_types""]","[""has_in_person_store_visit""]",list,boolean,ads_information/instagram_ads_and_businesses/advertisers_using_your_activity_or_information.json,No,pre-trial,ads_information/instagram_ads_and_businesses/advertisers_using_your_activity_or_information.json/ig_custom_audiences_all_types/has_in_person_store_visit
1197,instagram_ads_and_businesses:other_categories_used_to_reach_you:ent_field_name,Instagram,instagram_ads_and_businesses:other_categories_used_to_reach_you:ent_field_name,other_categories_used_to_reach_you.json,ent_field_name,label_values/ent_field_name,"[""label_values""]","[""ent_field_name""]",list,string,ads_information/instagram_ads_and_businesses/other_categories_used_to_reach_you.json,No,pre-trial,ads_information/instagram_ads_and_businesses/other_categories_used_to_reach_you.json/label_values/ent_field_name
1198,instagram_ads_and_businesses:other_categories_used_to_reach_you:label,Instagram,instagram_ads_and_businesses:other_categories_used_to_reach_you:label,other_categories_used_to_reach_you.json,label,label_values/label,"[""label_values""]","[""label""]",list,string,ads_information/instagram_ads_and_businesses/other_categories_used_to_reach_you.json,No,pre-trial,ads_information/instagram_ads_and_businesses/other_categories_used_to_reach_you.json/label_values/label
1199,other_activity:your_information_download_requests:timestamp_value,Instagram,other_activity:your_information_download_requests:timestamp_value,your_information_download_requests.json,timestamp_value,label_values/timestamp_value,"[""label_values""]","[""timestamp_value""]",list,number,your_instagram_activity/other_activity/your_information_download_requests.json,No,pre-trial,your_instagram_activity/other_activity/your_information_download_requests.json/label_values/timestamp_value
1200,content:stories:source_app,Instagram,content:stories:source_app,stories.json,source_app,ig_stories/cross_post_source/source_app,"[""ig_stories""]","[""cross_post_source"", ""source_app""]",list,string,your_instagram_activity/content/stories.json,No,pre-trial,your_instagram_activity/content/stories.json/ig_stories/cross_post_source/source_app
1201,likes:liked_posts:href,Instagram,likes:liked_posts:href,liked_posts.json,href,likes_media_likes/string_list_data/href,"[""likes_media_likes"", ""string_list_data""]","[""href""]",list,string,your_instagram_activity/likes/liked_posts.json,No,pre-trial,your_instagram_activity/likes/liked_posts.json/likes_media_likes/string_list_data/href
1202,likes:liked_posts:value,Instagram,likes:liked_posts:value,liked_posts.json,value,likes_media_likes/string_list_data/value,"[""likes_media_likes"", ""string_list_data""]","[""value""]",list,string,your_instagram_activity/likes/liked_posts.json,No,pre-trial,your_instagram_activity/likes/liked_posts.json/likes_media_likes/string_list_data/value
1203,likes:liked_posts:timestamp,Instagram,likes:liked_posts:timestamp,liked_posts.json,timestamp,likes_media_likes/string_list_data/timestamp,"[""likes_media_likes"", ""string_list_data""]","[""timestamp""]",list,number,your_instagram_activity/likes/liked_posts.json,No,pre-trial,your_instagram_activity/likes/liked_posts.json/likes_media_likes/string_list_data/timestamp
1204,story_sticker_interactions:story_likes:timestamp,Instagram,story_interactions:story_likes:timestamp,story_likes.json,timestamp,story_activities_story_likes/string_list_data/timestamp,"[""story_activities_story_likes"", ""string_list_data""]","[""timestamp""]",list,number,your_instagram_activity/story_sticker_interactions/story_likes.json,No,pre-trial,your_instagram_activity/story_sticker_interactions/story_likes.json/story_activities_story_likes/string_list_data/timestamp
1205,followers_and_following:blocked_profiles:href,Instagram,followers_and_following:blocked_profiles:href,blocked_profiles.json,href,relationships_blocked_users/string_list_data/href,"[""relationships_blocked_users"", ""string_list_data""]","[""href""]",list,string,connections/followers_and_following/blocked_profiles.json,No,pre-trial,connections/followers_and_following/blocked_profiles.json/relationships_blocked_users/string_list_data/href
1206,followers_and_following:blocked_profiles:timestamp,Instagram,followers_and_following:blocked_profiles:timestamp,blocked_profiles.json,timestamp,relationships_blocked_users/string_list_data/timestamp,"[""relationships_blocked_users"", ""string_list_data""]","[""timestamp""]",list,number,connections/followers_and_following/blocked_profiles.json,No,pre-trial,connections/followers_and_following/blocked_profiles.json/relationships_blocked_users/string_list_data/timestamp
1207,followers_and_following:following:href,Instagram,followers_and_following:following:href,following.json,href,relationships_following/string_list_data/href,"[""relationships_following"", ""string_list_data""]","[""href""]",list,string,connections/followers_and_following/following.json,No,pre-trial,connections/followers_and_following/following.json/relationships_following/string_list_data/href
1208,followers_and_following:following:value,Instagram,followers_and_following:following:value,following.json,value,relationships_following/string_list_data/value,"[""relationships_following"", ""string_list_data""]","[""value""]",list,string,connections/followers_and_following/following.json,No,pre-trial,connections/followers_and_following/following.json/relationships_following/string_list_data/value
1209,followers_and_following:following:timestamp,Instagram,followers_and_following:following:timestamp,following.json,timestamp,relationships_following/string_list_data/timestamp,"[""relationships_following"", ""string_list_data""]","[""timestamp""]",list,number,connections/followers_and_following/following.json,No,pre-trial,connections/followers_and_following/following.json/relationships_following/string_list_data/timestamp
1210,apps_and_websites:your_activity_off_meta_technologies:id,Instagram,apps_and_websites:your_activity_off_meta_technologies:id,your_activity_off_meta_technologies.json,id,apps_and_websites_off_meta_activity/events/id,"[""apps_and_websites_off_meta_activity"", ""events""]","[""id""]",list,number,apps_and_websites_off_of_instagram/apps_and_websites/your_activity_off_meta_technologies.json,No,pre-trial,apps_and_websites_off_of_instagram/apps_and_websites/your_activity_off_meta_technologies.json/apps_and_websites_off_meta_activity/events/id
1211,apps_and_websites:your_activity_off_meta_technologies:type,Instagram,apps_and_websites:your_activity_off_meta_technologies:type,your_activity_off_meta_technologies.json,type,apps_and_websites_off_meta_activity/events/type,"[""apps_and_websites_off_meta_activity"", ""events""]","[""type""]",list,string,apps_and_websites_off_of_instagram/apps_and_websites/your_activity_off_meta_technologies.json,No,pre-trial,apps_and_websites_off_of_instagram/apps_and_websites/your_activity_off_meta_technologies.json/apps_and_websites_off_meta_activity/events/type
1212,apps_and_websites:your_activity_off_meta_technologies:timestamp,Instagram,apps_and_websites:your_activity_off_meta_technologies:timestamp,your_activity_off_meta_technologies.json,timestamp,apps_and_websites_off_meta_activity/events/timestamp,"[""apps_and_websites_off_meta_activity"", ""events""]","[""timestamp""]",list,number,apps_and_websites_off_of_instagram/apps_and_websites/your_activity_off_meta_technologies.json,No,pre-trial,apps_and_websites_off_of_instagram/apps_and_websites/your_activity_off_meta_technologies.json/apps_and_websites_off_meta_activity/events/timestamp
1213,instagram_ads_and_businesses:other_categories_used_to_reach_you:value,Instagram,instagram_ads_and_businesses:other_categories_used_to_reach_you:value,other_categories_used_to_reach_you.json,value,label_values/vec/value,"[""label_values"", ""vec""]","[""value""]",list,string,ads_information/instagram_ads_and_businesses/other_categories_used_to_reach_you.json,No,pre-trial,ads_information/instagram_ads_and_businesses/other_categories_used_to_reach_you.json/label_values/vec/value
1214,saved:saved_posts:href,Instagram,saved:saved_posts:href,saved_posts.json,href,saved_saved_media/string_map_data/Saved on/href,"[""saved_saved_media""]","[""string_map_data"", ""Saved on"", ""href""]",list,string,your_instagram_activity/saved/saved_posts.json,No,pre-trial,your_instagram_activity/saved/saved_posts.json/saved_saved_media/string_map_data/Saved on/href
1215,saved:saved_posts:timestamp,Instagram,saved:saved_posts:timestamp,saved_posts.json,timestamp,saved_saved_media/string_map_data/Saved on/timestamp,"[""saved_saved_media""]","[""string_map_data"", ""Saved on"", ""timestamp""]",list,number,your_instagram_activity/saved/saved_posts.json,No,pre-trial,your_instagram_activity/saved/saved_posts.json/saved_saved_media/string_map_data/Saved on/timestamp
1216,subscriptions:your_muted_story_teaser_creators:href,Instagram,subscriptions:your_muted_story_teaser_creators:href,your_muted_story_teaser_creators.json,href,subscriptions_muted_story_teaser_creators/string_map_data/Muted Creators/href,"[""subscriptions_muted_story_teaser_creators""]","[""string_map_data"", ""Muted Creators"", ""href""]",list,string,your_instagram_activity/subscriptions/your_muted_story_teaser_creators.json,No,pre-trial,your_instagram_activity/subscriptions/your_muted_story_teaser_creators.json/subscriptions_muted_story_teaser_creators/string_map_data/Muted Creators/href
1217,subscriptions:your_muted_story_teaser_creators:value,Instagram,subscriptions:your_muted_story_teaser_creators:value,your_muted_story_teaser_creators.json,value,subscriptions_muted_story_teaser_creators/string_map_data/Muted Creators/value,"[""subscriptions_muted_story_teaser_creators""]","[""string_map_data"", ""Muted Creators"", ""value""]",list,string,your_instagram_activity/subscriptions/your_muted_story_teaser_creators.json,No,pre-trial,your_instagram_activity/subscriptions/your_muted_story_teaser_creators.json/subscriptions_muted_story_teaser_creators/string_map_data/Muted Creators/value
1218,subscriptions:your_muted_story_teaser_creators:timestamp,Instagram,subscriptions:your_muted_story_teaser_creators:timestamp,your_muted_story_teaser_creators.json,timestamp,subscriptions_muted_story_teaser_creators/string_map_data/Muted Creators/timestamp,"[""subscriptions_muted_story_teaser_creators""]","[""string_map_data"", ""Muted Creators"", ""timestamp""]",list,number,your_instagram_activity/subscriptions/your_muted_story_teaser_creators.json,No,pre-trial,your_instagram_activity/subscriptions/your_muted_story_teaser_creators.json/subscriptions_muted_story_teaser_creators/string_map_data/Muted Creators/timestamp
1219,login_and_profile_creation:instagram_signup_details:Time:timestamp,Instagram,login_and_profile_creation:signup_details:Time:timestamp,instagram_signup_details.json,timestamp,account_history_registration_info/string_map_data/Time/timestamp,"[""account_history_registration_info""]","[""string_map_data"", ""Time"", ""timestamp""]",list,number,security_and_login_information/login_and_profile_creation/instagram_signup_details.json,No,pre-trial,security_and_login_information/login_and_profile_creation/instagram_signup_details.json/account_history_registration_info/string_map_data/Time/timestamp
1220,login_and_profile_creation:profile_privacy_changes:href,Instagram,login_and_profile_creation:profile_privacy_changes:href,profile_privacy_changes.json,href,account_history_account_privacy_history/string_map_data/Time/href,"[""account_history_account_privacy_history""]","[""string_map_data"", ""Time"", ""href""]",list,string,security_and_login_information/login_and_profile_creation/profile_privacy_changes.json,No,pre-trial,security_and_login_information/login_and_profile_creation/profile_privacy_changes.json/account_history_account_privacy_history/string_map_data/Time/href
1221,login_and_profile_creation:profile_privacy_changes:value,Instagram,login_and_profile_creation:profile_privacy_changes:value,profile_privacy_changes.json,value,account_history_account_privacy_history/string_map_data/Time/value,"[""account_history_account_privacy_history""]","[""string_map_data"", ""Time"", ""value""]",list,string,security_and_login_information/login_and_profile_creation/profile_privacy_changes.json,No,pre-trial,security_and_login_information/login_and_profile_creation/profile_privacy_changes.json/account_history_account_privacy_history/string_map_data/Time/value
1222,login_and_profile_creation:profile_privacy_changes:timestamp,Instagram,login_and_profile_creation:profile_privacy_changes:timestamp,profile_privacy_changes.json,timestamp,account_history_account_privacy_history/string_map_data/Time/timestamp,"[""account_history_account_privacy_history""]","[""string_map_data"", ""Time"", ""timestamp""]",list,number,security_and_login_information/login_and_profile_creation/profile_privacy_changes.json,No,pre-trial,security_and_login_information/login_and_profile_creation/profile_privacy_changes.json/account_history_account_privacy_history/string_map_data/Time/timestamp
1223,settings:comments_allowed_from:href,Instagram,settings:comments_allowed_from:href,comments_allowed_from.json,href,settings_allow_comments_from/string_map_data/Comments Allowed From/href,"[""settings_allow_comments_from""]","[""string_map_data"", ""Comments Allowed From"", ""href""]",list,string,preferences/settings/comments_allowed_from.json,No,pre-trial,preferences/settings/comments_allowed_from.json/settings_allow_comments_from/string_map_data/Comments Allowed From/href
1224,settings:comments_allowed_from:value,Instagram,settings:comments_allowed_from:value,comments_allowed_from.json,value,settings_allow_comments_from/string_map_data/Comments Allowed From/value,"[""settings_allow_comments_from""]","[""string_map_data"", ""Comments Allowed From"", ""value""]",list,string,preferences/settings/comments_allowed_from.json,No,pre-trial,preferences/settings/comments_allowed_from.json/settings_allow_comments_from/string_map_data/Comments Allowed From/value
1225,settings:comments_allowed_from:timestamp,Instagram,settings:comments_allowed_from:timestamp,comments_allowed_from.json,timestamp,settings_allow_comments_from/string_map_data/Comments Allowed From/timestamp,"[""settings_allow_comments_from""]","[""string_map_data"", ""Comments Allowed From"", ""timestamp""]",list,number,preferences/settings/comments_allowed_from.json,No,pre-trial,preferences/settings/comments_allowed_from.json/settings_allow_comments_from/string_map_data/Comments Allowed From/timestamp
1226,personal_information:personal_information:Private Account:href,Instagram,personal_information:personal_information:Private Account:href,personal_information.json,href,profile_user/string_map_data/Private Account/href,"[""profile_user""]","[""string_map_data"", ""Private Account"", ""href""]",list,string,personal_information/personal_information/personal_information.json,No,pre-trial,personal_information/personal_information/personal_information.json/profile_user/string_map_data/Private Account/href
1227,personal_information:personal_information:Private Account:value,Instagram,personal_information:personal_information:Private Account:value,personal_information.json,value,profile_user/string_map_data/Private Account/value,"[""profile_user""]","[""string_map_data"", ""Private Account"", ""value""]",list,string,personal_information/personal_information/personal_information.json,No,pre-trial,personal_information/personal_information/personal_information.json/profile_user/string_map_data/Private Account/value
1228,personal_information:personal_information:Private Account:timestamp,Instagram,personal_information:personal_information:Private Account:timestamp,personal_information.json,timestamp,profile_user/string_map_data/Private Account/timestamp,"[""profile_user""]","[""string_map_data"", ""Private Account"", ""timestamp""]",list,number,personal_information/personal_information/personal_information.json,No,pre-trial,personal_information/personal_information/personal_information.json/profile_user/string_map_data/Private Account/timestamp
1229,content:stories:video_metadata:exif_data:date_time_digitized,Instagram,content:stories:video_metadata:exif_data:date_time_digitized,stories.json,date_time_digitized,ig_stories/media_metadata/video_metadata/exif_data/date_time_digitized,"[""ig_stories"", ""media_metadata"", ""video_metadata"", ""exif_data""]","[""date_time_digitized""]",list,string,your_instagram_activity/content/stories.json,No,pre-trial,your_instagram_activity/content/stories.json/ig_stories/media_metadata/video_metadata/exif_data/date_time_digitized
1230,content:stories:video_metadata:exif_data:date_time_original,Instagram,content:stories:video_metadata:exif_data:date_time_original,stories.json,date_time_original,ig_stories/media_metadata/video_metadata/exif_data/date_time_original,"[""ig_stories"", ""media_metadata"", ""video_metadata"", ""exif_data""]","[""date_time_original""]",list,string,your_instagram_activity/content/stories.json,No,pre-trial,your_instagram_activity/content/stories.json/ig_stories/media_metadata/video_metadata/exif_data/date_time_original
1231,content:stories:video_metadata:exif_data:source_type,Instagram,content:stories:video_metadata:exif_data:source_type,stories.json,source_type,ig_stories/media_metadata/video_metadata/exif_data/source_type,"[""ig_stories"", ""media_metadata"", ""video_metadata"", ""exif_data""]","[""source_type""]",list,string,your_instagram_activity/content/stories.json,No,pre-trial,your_instagram_activity/content/stories.json/ig_stories/media_metadata/video_metadata/exif_data/source_type
1232,media_settings:consents:timestamp,Instagram,settings:consents:timestamp,consents.json,timestamp,timestamp,,"[""timestamp""]",static,number,preferences/media_settings/consents.json,No,pre-trial,preferences/media_settings/consents.json/timestamp
1233,media_settings:consents:media,Instagram,settings:consents:media,consents.json,media,media,,"[""media""]",static,array,preferences/media_settings/consents.json,No,pre-trial,preferences/media_settings/consents.json/media
1234,media_settings:consents:fbid,Instagram,settings:consents:fbid,consents.json,fbid,fbid,,"[""fbid""]",static,string,preferences/media_settings/consents.json,No,pre-trial,preferences/media_settings/consents.json/fbid
1235,media_settings:consents:ent_name,Instagram,settings:consents:ent_name,consents.json,ent_name,ent_name,,"[""ent_name""]",static,string,preferences/media_settings/consents.json,No,pre-trial,preferences/media_settings/consents.json/ent_name
1236,followers_and_following:followers_1:title,Instagram,followers_and_following:followers_1:title,followers_1.json,title,title,,"[""title""]",static,string,connections/followers_and_following/followers_1.json,Yes,pre-trial,connections/followers_and_following/followers_1.json/title
1237,followers_and_following:followers_1:media_list_data,Instagram,followers_and_following:followers_1:media_list_data,followers_1.json,media_list_data,media_list_data,,"[""media_list_data""]",static,array,connections/followers_and_following/followers_1.json,Yes,pre-trial,connections/followers_and_following/followers_1.json/media_list_data
1238,media_settings:consents:ent_field_name,Instagram,settings:consents:ent_field_name,consents.json,ent_field_name,label_values/ent_field_name,"[""label_values""]","[""ent_field_name""]",list,string,preferences/media_settings/consents.json,No,pre-trial,preferences/media_settings/consents.json/label_values/ent_field_name
1239,media_settings:consents:label,Instagram,settings:consents:label,consents.json,label,label_values/label,"[""label_values""]","[""label""]",list,string,preferences/media_settings/consents.json,No,pre-trial,preferences/media_settings/consents.json/label_values/label
1240,media_settings:consents:timestamp_value,Instagram,settings:consents:timestamp_value,consents.json,timestamp_value,label_values/timestamp_value,"[""label_values""]","[""timestamp_value""]",list,number,preferences/media_settings/consents.json,No,pre-trial,preferences/media_settings/consents.json/label_values/timestamp_value
1241,media_settings:comments_allowed_from:title,Instagram,settings:comments_allowed_from:title,comments_allowed_from.json,title,settings_allow_comments_from/title,"[""settings_allow_comments_from""]","[""title""]",list,string,preferences/media_settings/comments_allowed_from.json,No,pre-trial,preferences/media_settings/comments_allowed_from.json/settings_allow_comments_from/title
1242,recent_searches:profile_searches:title,Instagram,recent_searches:profile_searches:title,profile_searches.json,title,searches_user/title,"[""searches_user""]","[""title""]",list,string,logged_information/recent_searches/profile_searches.json,No,pre-trial,logged_information/recent_searches/profile_searches.json/searches_user/title
1243,followers_and_following:followers_1:href,Instagram,followers_and_following:followers_1:href,followers_1.json,href,string_list_data/href,"[""string_list_data""]","[""href""]",list,string,connections/followers_and_following/followers_1.json,No,pre-trial,connections/followers_and_following/followers_1.json/string_list_data/href
1244,followers_and_following:followers_1:value,Instagram,followers_and_following:followers_1:value,followers_1.json,value,string_list_data/value,"[""string_list_data""]","[""value""]",list,string,connections/followers_and_following/followers_1.json,No,pre-trial,connections/followers_and_following/followers_1.json/string_list_data/value
1245,followers_and_following:followers_1:timestamp,Instagram,followers_and_following:followers_1:timestamp,followers_1.json,timestamp,string_list_data/timestamp,"[""string_list_data""]","[""timestamp""]",list,number,connections/followers_and_following/followers_1.json,No,pre-trial,connections/followers_and_following/followers_1.json/string_list_data/timestamp
1246,ads_and_topics:posts_viewed:value,Instagram,ads_and_topics:posts_viewed:value,posts_viewed.json,value,impressions_history_posts_seen/string_map_data/Author/value,"[""impressions_history_posts_seen""]","[""string_map_data"", ""Author"", ""value""]",list,string,ads_information/ads_and_topics/posts_viewed.json,No,pre-trial,ads_information/ads_and_topics/posts_viewed.json/impressions_history_posts_seen/string_map_data/Author/value
1247,ads_and_topics:posts_viewed:timestamp,Instagram,ads_and_topics:posts_viewed:timestamp,posts_viewed.json,timestamp,impressions_history_posts_seen/string_map_data/Time/timestamp,"[""impressions_history_posts_seen""]","[""string_map_data"", ""Time"", ""timestamp""]",list,number,ads_information/ads_and_topics/posts_viewed.json,No,pre-trial,ads_information/ads_and_topics/posts_viewed.json/impressions_history_posts_seen/string_map_data/Time/timestamp
1248,media_settings:comments_allowed_from:href,Instagram,settings:comments_allowed_from:href,comments_allowed_from.json,href,settings_allow_comments_from/string_map_data/Comments Allowed From/href,"[""settings_allow_comments_from""]","[""string_map_data"", ""Comments Allowed From"", ""href""]",list,string,preferences/media_settings/comments_allowed_from.json,No,pre-trial,preferences/media_settings/comments_allowed_from.json/settings_allow_comments_from/string_map_data/Comments Allowed From/href
1249,media_settings:comments_allowed_from:value,Instagram,settings:comments_allowed_from:value,comments_allowed_from.json,value,settings_allow_comments_from/string_map_data/Comments Allowed From/value,"[""settings_allow_comments_from""]","[""string_map_data"", ""Comments Allowed From"", ""value""]",list,string,preferences/media_settings/comments_allowed_from.json,No,pre-trial,preferences/media_settings/comments_allowed_from.json/settings_allow_comments_from/string_map_data/Comments Allowed From/value
1250,media_settings:comments_allowed_from:timestamp,Instagram,settings:comments_allowed_from:timestamp,comments_allowed_from.json,timestamp,settings_allow_comments_from/string_map_data/Comments Allowed From/timestamp,"[""settings_allow_comments_from""]","[""string_map_data"", ""Comments Allowed From"", ""timestamp""]",list,number,preferences/media_settings/comments_allowed_from.json,No,pre-trial,preferences/media_settings/comments_allowed_from.json/settings_allow_comments_from/string_map_data/Comments Allowed From/timestamp
1251,recent_searches:profile_searches:Search:href,Instagram,recent_searches:profile_searches:Search:href,profile_searches.json,href,searches_user/string_map_data/Search/href,"[""searches_user""]","[""string_map_data"", ""Search"", ""href""]",list,string,logged_information/recent_searches/profile_searches.json,No,pre-trial,logged_information/recent_searches/profile_searches.json/searches_user/string_map_data/Search/href
1252,recent_searches:profile_searches:Search:value,Instagram,recent_searches:profile_searches:Search:value,profile_searches.json,value,searches_user/string_map_data/Search/value,"[""searches_user""]","[""string_map_data"", ""Search"", ""value""]",list,string,logged_information/recent_searches/profile_searches.json,No,pre-trial,logged_information/recent_searches/profile_searches.json/searches_user/string_map_data/Search/value
1253,recent_searches:profile_searches:Search:timestamp,Instagram,recent_searches:profile_searches:Search:timestamp,profile_searches.json,timestamp,searches_user/string_map_data/Search/timestamp,"[""searches_user""]","[""string_map_data"", ""Search"", ""timestamp""]",list,number,logged_information/recent_searches/profile_searches.json,No,pre-trial,logged_information/recent_searches/profile_searches.json/searches_user/string_map_data/Search/timestamp
1254,recent_searches:profile_searches:Time:href,Instagram,recent_searches:profile_searches:Time:href,profile_searches.json,href,searches_user/string_map_data/Time/href,"[""searches_user""]","[""string_map_data"", ""Time"", ""href""]",list,string,logged_information/recent_searches/profile_searches.json,No,pre-trial,logged_information/recent_searches/profile_searches.json/searches_user/string_map_data/Time/href
1255,recent_searches:profile_searches:Time:value,Instagram,recent_searches:profile_searches:Time:value,profile_searches.json,value,searches_user/string_map_data/Time/value,"[""searches_user""]","[""string_map_data"", ""Time"", ""value""]",list,string,logged_information/recent_searches/profile_searches.json,No,pre-trial,logged_information/recent_searches/profile_searches.json/searches_user/string_map_data/Time/value
1256,recent_searches:profile_searches:Time:timestamp,Instagram,recent_searches:profile_searches:Time:timestamp,profile_searches.json,timestamp,searches_user/string_map_data/Time/timestamp,"[""searches_user""]","[""string_map_data"", ""Time"", ""timestamp""]",list,number,logged_information/recent_searches/profile_searches.json,No,pre-trial,logged_information/recent_searches/profile_searches.json/searches_user/string_map_data/Time/timestamp
1257,ads_and_topics:videos_watched:value,Instagram,ads_and_topics:videos_watched:value,videos_watched.json,value,impressions_history_videos_watched/string_map_data/Author/value,"[""impressions_history_videos_watched""]","[""string_map_data"", ""Author"", ""value""]",list,string,ads_information/ads_and_topics/videos_watched.json,No,pre-trial,ads_information/ads_and_topics/videos_watched.json/impressions_history_videos_watched/string_map_data/Author/value
1258,ads_and_topics:videos_watched:timestamp,Instagram,ads_and_topics:videos_watched:timestamp,videos_watched.json,timestamp,impressions_history_videos_watched/string_map_data/Time/timestamp,"[""impressions_history_videos_watched""]","[""string_map_data"", ""Time"", ""timestamp""]",list,number,ads_information/ads_and_topics/videos_watched.json,No,pre-trial,ads_information/ads_and_topics/videos_watched.json/impressions_history_videos_watched/string_map_data/Time/timestamp
1259,instagram_ads_and_businesses:subscription_for_no_ads:media,Instagram,instagram_ads_and_businesses:subscription_for_no_ads:media,subscription_for_no_ads.json,media,media,,"[""media""]",static,array,ads_information/instagram_ads_and_businesses/subscription_for_no_ads.json,No,pre-trial,ads_information/instagram_ads_and_businesses/subscription_for_no_ads.json/media
1260,instagram_ads_and_businesses:subscription_for_no_ads:fbid,Instagram,instagram_ads_and_businesses:subscription_for_no_ads:fbid,subscription_for_no_ads.json,fbid,fbid,,"[""fbid""]",static,string,ads_information/instagram_ads_and_businesses/subscription_for_no_ads.json,No,pre-trial,ads_information/instagram_ads_and_businesses/subscription_for_no_ads.json/fbid
1261,media:posts_1:title,Instagram,content:posts_1:title,posts_1.json,title,title,[],"[""title""]",list,string,your_instagram_activity/media/posts_1.json,No,pre-trial,your_instagram_activity/media/posts_1.json/title
1262,media:posts_1:creation_timestamp,Instagram,media:posts_1:creation_timestamp,posts_1.json,creation_timestamp,creation_timestamp,[],"[""creation_timestamp""]",list,number,your_instagram_activity/media/posts_1.json,No,pre-trial,your_instagram_activity/media/posts_1.json/creation_timestamp
1263,followers_and_following:followers_1:title,Instagram,followers_and_following:followers_1:title,followers_1.json,title,title,[],"[""title""]",list,string,connections/followers_and_following/followers_1.json,Yes,pre-trial,connections/followers_and_following/followers_1.json/title
1264,followers_and_following:followers_1:media_list_data,Instagram,followers_and_following:followers_1:media_list_data,followers_1.json,media_list_data,media_list_data,[],"[""media_list_data""]",list,array,connections/followers_and_following/followers_1.json,Yes,pre-trial,connections/followers_and_following/followers_1.json/media_list_data
1265,your_topics:recommended_topics:title,Instagram,your_topics:recommended_topics:title,recommended_topics.json,title,topics_your_topics/title,"[""topics_your_topics""]","[""title""]",list,string,preferences/your_topics/recommended_topics.json,No,pre-trial,preferences/your_topics/recommended_topics.json/topics_your_topics/title
1266,saved:saved_collections:title,Instagram,saved:saved_collections:title,saved_collections.json,title,saved_saved_collections/title,"[""saved_saved_collections""]","[""title""]",list,string,your_instagram_activity/saved/saved_collections.json,No,pre-trial,your_instagram_activity/saved/saved_collections.json/saved_saved_collections/title
1267,likes:liked_comments:title,Instagram,likes:liked_comments:title,liked_comments.json,title,likes_comment_likes/title,"[""likes_comment_likes""]","[""title""]",list,string,your_instagram_activity/likes/liked_comments.json,No,pre-trial,your_instagram_activity/likes/liked_comments.json/likes_comment_likes/title
1268,story_interactions:story_likes:title,Instagram,story_interactions:story_likes:title,story_likes.json,title,story_activities_story_likes/title,"[""story_activities_story_likes""]","[""title""]",list,string,your_instagram_activity/story_interactions/story_likes.json,No,pre-trial,your_instagram_activity/story_interactions/story_likes.json/story_activities_story_likes/title
1269,story_interactions:polls:title,Instagram,story_interactions:polls:title,polls.json,title,story_activities_polls/title,"[""story_activities_polls""]","[""title""]",list,string,your_instagram_activity/story_interactions/polls.json,No,pre-trial,your_instagram_activity/story_interactions/polls.json/story_activities_polls/title
1270,story_interactions:questions:title,Instagram,story_interactions:questions:title,questions.json,title,story_activities_questions/title,"[""story_activities_questions""]","[""title""]",list,string,your_instagram_activity/story_interactions/questions.json,No,pre-trial,your_instagram_activity/story_interactions/questions.json/story_activities_questions/title
1271,story_interactions:questions:media_list_data,Instagram,story_interactions:questions:media_list_data,questions.json,media_list_data,story_activities_questions/media_list_data,"[""story_activities_questions""]","[""media_list_data""]",list,array,your_instagram_activity/story_interactions/questions.json,No,pre-trial,your_instagram_activity/story_interactions/questions.json/story_activities_questions/media_list_data
1272,media:stories:uri,Instagram,content:stories:uri,stories.json,uri,ig_stories/uri,"[""ig_stories""]","[""uri""]",list,string,your_instagram_activity/media/stories.json,No,pre-trial,your_instagram_activity/media/stories.json/ig_stories/uri
1273,media:stories:creation_timestamp,Instagram,content:stories:creation_timestamp,stories.json,creation_timestamp,ig_stories/creation_timestamp,"[""ig_stories""]","[""creation_timestamp""]",list,number,your_instagram_activity/media/stories.json,No,pre-trial,your_instagram_activity/media/stories.json/ig_stories/creation_timestamp
1274,media:stories:title,Instagram,content:stories:title,stories.json,title,ig_stories/title,"[""ig_stories""]","[""title""]",list,string,your_instagram_activity/media/stories.json,No,pre-trial,your_instagram_activity/media/stories.json/ig_stories/title
1275,media:stories:dubbing_info,Instagram,content:stories:dubbing_info,stories.json,dubbing_info,ig_stories/dubbing_info,"[""ig_stories""]","[""dubbing_info""]",list,array,your_instagram_activity/media/stories.json,No,pre-trial,your_instagram_activity/media/stories.json/ig_stories/dubbing_info
1276,media:stories:media_variants,Instagram,content:stories:media_variants,stories.json,media_variants,ig_stories/media_variants,"[""ig_stories""]","[""media_variants""]",list,array,your_instagram_activity/media/stories.json,No,pre-trial,your_instagram_activity/media/stories.json/ig_stories/media_variants
1277,followers_and_following:following_hashtags:title,Instagram,followers_and_following:following_hashtags:title,following_hashtags.json,title,relationships_following_hashtags/title,"[""relationships_following_hashtags""]","[""title""]",list,string,connections/followers_and_following/following_hashtags.json,No,pre-trial,connections/followers_and_following/following_hashtags.json/relationships_following_hashtags/title
1278,followers_and_following:following_hashtags:media_list_data,Instagram,followers_and_following:following_hashtags:media_list_data,following_hashtags.json,media_list_data,relationships_following_hashtags/media_list_data,"[""relationships_following_hashtags""]","[""media_list_data""]",list,array,connections/followers_and_following/following_hashtags.json,No,pre-trial,connections/followers_and_following/following_hashtags.json/relationships_following_hashtags/media_list_data
1279,followers_and_following:close_friends:title,Instagram,followers_and_following:close_friends:title,close_friends.json,title,relationships_close_friends/title,"[""relationships_close_friends""]","[""title""]",list,string,connections/followers_and_following/close_friends.json,No,pre-trial,connections/followers_and_following/close_friends.json/relationships_close_friends/title
1280,followers_and_following:close_friends:media_list_data,Instagram,followers_and_following:close_friends:media_list_data,close_friends.json,media_list_data,relationships_close_friends/media_list_data,"[""relationships_close_friends""]","[""media_list_data""]",list,array,connections/followers_and_following/close_friends.json,No,pre-trial,connections/followers_and_following/close_friends.json/relationships_close_friends/media_list_data
1281,ads_and_topics:profiles_you're_not_interested_in:title,Instagram,ads_and_topics:profiles_you're_not_interested_in:title,profiles_you're_not_interested_in.json,title,impressions_history_recs_hidden_authors/title,"[""impressions_history_recs_hidden_authors""]","[""title""]",list,string,ads_information/ads_and_topics/profiles_you're_not_interested_in.json,No,pre-trial,ads_information/ads_and_topics/profiles_you're_not_interested_in.json/impressions_history_recs_hidden_authors/title
1282,ads_and_topics:ads_clicked:title,Instagram,ads_and_topics:ads_clicked:title,ads_clicked.json,title,impressions_history_ads_clicked/title,"[""impressions_history_ads_clicked""]","[""title""]",list,string,ads_information/ads_and_topics/ads_clicked.json,No,pre-trial,ads_information/ads_and_topics/ads_clicked.json/impressions_history_ads_clicked/title
1283,instagram_ads_and_businesses:subscription_for_no_ads:label,Instagram,instagram_ads_and_businesses:subscription_for_no_ads:label,subscription_for_no_ads.json,label,label_values/label,"[""label_values""]","[""label""]",list,string,ads_information/instagram_ads_and_businesses/subscription_for_no_ads.json,No,pre-trial,ads_information/instagram_ads_and_businesses/subscription_for_no_ads.json/label_values/label
1284,instagram_ads_and_businesses:subscription_for_no_ads:value,Instagram,instagram_ads_and_businesses:subscription_for_no_ads:value,subscription_for_no_ads.json,value,label_values/value,"[""label_values""]","[""value""]",list,string,ads_information/instagram_ads_and_businesses/subscription_for_no_ads.json,No,pre-trial,ads_information/instagram_ads_and_businesses/subscription_for_no_ads.json/label_values/value
1285,recent_searches:word_or_phrase_searches:title,Instagram,recent_searches:word_or_phrase_searches:title,word_or_phrase_searches.json,title,searches_keyword/title,"[""searches_keyword""]","[""title""]",list,string,logged_information/recent_searches/word_or_phrase_searches.json,No,pre-trial,logged_information/recent_searches/word_or_phrase_searches.json/searches_keyword/title
1286,media:posts_1:uri,Instagram,content:posts_1:uri,posts_1.json,uri,media/uri,"[""media""]","[""uri""]",list,string,your_instagram_activity/media/posts_1.json,No,pre-trial,your_instagram_activity/media/posts_1.json/media/uri
1287,media:posts_1:media:creation_timestamp,Instagram,media:posts_1:media:creation_timestamp,posts_1.json,creation_timestamp,media/creation_timestamp,"[""media""]","[""creation_timestamp""]",list,number,your_instagram_activity/media/posts_1.json,No,pre-trial,your_instagram_activity/media/posts_1.json/media/creation_timestamp
1288,media:posts_1:media:title,Instagram,content:posts_1:media:title,posts_1.json,title,media/title,"[""media""]","[""title""]",list,string,your_instagram_activity/media/posts_1.json,No,pre-trial,your_instagram_activity/media/posts_1.json/media/title
1289,likes:liked_comments:href,Instagram,likes:liked_comments:href,liked_comments.json,href,likes_comment_likes/string_list_data/href,"[""likes_comment_likes"", ""string_list_data""]","[""href""]",list,string,your_instagram_activity/likes/liked_comments.json,No,pre-trial,your_instagram_activity/likes/liked_comments.json/likes_comment_likes/string_list_data/href
1290,likes:liked_comments:value,Instagram,likes:liked_comments:value,liked_comments.json,value,likes_comment_likes/string_list_data/value,"[""likes_comment_likes"", ""string_list_data""]","[""value""]",list,string,your_instagram_activity/likes/liked_comments.json,No,pre-trial,your_instagram_activity/likes/liked_comments.json/likes_comment_likes/string_list_data/value
1291,likes:liked_comments:timestamp,Instagram,likes:liked_comments:timestamp,liked_comments.json,timestamp,likes_comment_likes/string_list_data/timestamp,"[""likes_comment_likes"", ""string_list_data""]","[""timestamp""]",list,number,your_instagram_activity/likes/liked_comments.json,No,pre-trial,your_instagram_activity/likes/liked_comments.json/likes_comment_likes/string_list_data/timestamp
1292,story_interactions:story_likes:timestamp,Instagram,story_interactions:story_likes:timestamp,story_likes.json,timestamp,story_activities_story_likes/string_list_data/timestamp,"[""story_activities_story_likes"", ""string_list_data""]","[""timestamp""]",list,number,your_instagram_activity/story_interactions/story_likes.json,No,pre-trial,your_instagram_activity/story_interactions/story_likes.json/story_activities_story_likes/string_list_data/timestamp
1293,story_interactions:polls:value,Instagram,story_interactions:polls:value,polls.json,value,story_activities_polls/string_list_data/value,"[""story_activities_polls"", ""string_list_data""]","[""value""]",list,string,your_instagram_activity/story_interactions/polls.json,No,pre-trial,your_instagram_activity/story_interactions/polls.json/story_activities_polls/string_list_data/value
1294,story_interactions:polls:timestamp,Instagram,story_interactions:polls:timestamp,polls.json,timestamp,story_activities_polls/string_list_data/timestamp,"[""story_activities_polls"", ""string_list_data""]","[""timestamp""]",list,number,your_instagram_activity/story_interactions/polls.json,No,pre-trial,your_instagram_activity/story_interactions/polls.json/story_activities_polls/string_list_data/timestamp
1295,story_interactions:questions:href,Instagram,story_interactions:questions:href,questions.json,href,story_activities_questions/string_list_data/href,"[""story_activities_questions"", ""string_list_data""]","[""href""]",list,string,your_instagram_activity/story_interactions/questions.json,No,pre-trial,your_instagram_activity/story_interactions/questions.json/story_activities_questions/string_list_data/href
1296,story_interactions:questions:value,Instagram,story_interactions:questions:value,questions.json,value,story_activities_questions/string_list_data/value,"[""story_activities_questions"", ""string_list_data""]","[""value""]",list,string,your_instagram_activity/story_interactions/questions.json,No,pre-trial,your_instagram_activity/story_interactions/questions.json/story_activities_questions/string_list_data/value
1297,story_interactions:questions:timestamp,Instagram,story_interactions:questions:timestamp,questions.json,timestamp,story_activities_questions/string_list_data/timestamp,"[""story_activities_questions"", ""string_list_data""]","[""timestamp""]",list,number,your_instagram_activity/story_interactions/questions.json,No,pre-trial,your_instagram_activity/story_interactions/questions.json/story_activities_questions/string_list_data/timestamp
1298,media:reels:uri,Instagram,media:reels:uri,reels.json,uri,ig_reels_media/media/uri,"[""ig_reels_media"", ""media""]","[""uri""]",list,string,your_instagram_activity/media/reels.json,No,pre-trial,your_instagram_activity/media/reels.json/ig_reels_media/media/uri
1299,media:reels:creation_timestamp,Instagram,media:reels:creation_timestamp,reels.json,creation_timestamp,ig_reels_media/media/creation_timestamp,"[""ig_reels_media"", ""media""]","[""creation_timestamp""]",list,number,your_instagram_activity/media/reels.json,No,pre-trial,your_instagram_activity/media/reels.json/ig_reels_media/media/creation_timestamp
1300,media:reels:title,Instagram,media:reels:title,reels.json,title,ig_reels_media/media/title,"[""ig_reels_media"", ""media""]","[""title""]",list,string,your_instagram_activity/media/reels.json,No,pre-trial,your_instagram_activity/media/reels.json/ig_reels_media/media/title
1301,media:reels:dubbing_info,Instagram,media:reels:dubbing_info,reels.json,dubbing_info,ig_reels_media/media/dubbing_info,"[""ig_reels_media"", ""media""]","[""dubbing_info""]",list,array,your_instagram_activity/media/reels.json,No,pre-trial,your_instagram_activity/media/reels.json/ig_reels_media/media/dubbing_info
1302,media:reels:media_variants,Instagram,media:reels:media_variants,reels.json,media_variants,ig_reels_media/media/media_variants,"[""ig_reels_media"", ""media""]","[""media_variants""]",list,array,your_instagram_activity/media/reels.json,No,pre-trial,your_instagram_activity/media/reels.json/ig_reels_media/media/media_variants
1303,media:stories:source_app,Instagram,content:stories:source_app,stories.json,source_app,ig_stories/cross_post_source/source_app,"[""ig_stories""]","[""cross_post_source"", ""source_app""]",list,string,your_instagram_activity/media/stories.json,No,pre-trial,your_instagram_activity/media/stories.json/ig_stories/cross_post_source/source_app
1304,followers_and_following:following_hashtags:href,Instagram,followers_and_following:following_hashtags:href,following_hashtags.json,href,relationships_following_hashtags/string_list_data/href,"[""relationships_following_hashtags"", ""string_list_data""]","[""href""]",list,string,connections/followers_and_following/following_hashtags.json,No,pre-trial,connections/followers_and_following/following_hashtags.json/relationships_following_hashtags/string_list_data/href
1305,followers_and_following:following_hashtags:value,Instagram,followers_and_following:following_hashtags:value,following_hashtags.json,value,relationships_following_hashtags/string_list_data/value,"[""relationships_following_hashtags"", ""string_list_data""]","[""value""]",list,string,connections/followers_and_following/following_hashtags.json,No,pre-trial,connections/followers_and_following/following_hashtags.json/relationships_following_hashtags/string_list_data/value
1306,followers_and_following:following_hashtags:timestamp,Instagram,followers_and_following:following_hashtags:timestamp,following_hashtags.json,timestamp,relationships_following_hashtags/string_list_data/timestamp,"[""relationships_following_hashtags"", ""string_list_data""]","[""timestamp""]",list,number,connections/followers_and_following/following_hashtags.json,No,pre-trial,connections/followers_and_following/following_hashtags.json/relationships_following_hashtags/string_list_data/timestamp
1307,followers_and_following:close_friends:href,Instagram,followers_and_following:close_friends:href,close_friends.json,href,relationships_close_friends/string_list_data/href,"[""relationships_close_friends"", ""string_list_data""]","[""href""]",list,string,connections/followers_and_following/close_friends.json,No,pre-trial,connections/followers_and_following/close_friends.json/relationships_close_friends/string_list_data/href
1308,followers_and_following:close_friends:value,Instagram,followers_and_following:close_friends:value,close_friends.json,value,relationships_close_friends/string_list_data/value,"[""relationships_close_friends"", ""string_list_data""]","[""value""]",list,string,connections/followers_and_following/close_friends.json,No,pre-trial,connections/followers_and_following/close_friends.json/relationships_close_friends/string_list_data/value
1309,followers_and_following:close_friends:timestamp,Instagram,followers_and_following:close_friends:timestamp,close_friends.json,timestamp,relationships_close_friends/string_list_data/timestamp,"[""relationships_close_friends"", ""string_list_data""]","[""timestamp""]",list,number,connections/followers_and_following/close_friends.json,No,pre-trial,connections/followers_and_following/close_friends.json/relationships_close_friends/string_list_data/timestamp
1310,ads_and_topics:ads_clicked:timestamp,Instagram,ads_and_topics:ads_clicked:timestamp,ads_clicked.json,timestamp,impressions_history_ads_clicked/string_list_data/timestamp,"[""impressions_history_ads_clicked"", ""string_list_data""]","[""timestamp""]",list,number,ads_information/ads_and_topics/ads_clicked.json,No,pre-trial,ads_information/ads_and_topics/ads_clicked.json/impressions_history_ads_clicked/string_list_data/timestamp
1311,comments:post_comments_1:Comment:value,Instagram,comments:post_comments_1:Comment:value,post_comments_1.json,value,string_map_data/Comment/value,[],"[""string_map_data"", ""Comment"", ""value""]",list,string,your_instagram_activity/comments/post_comments_1.json,Yes,pre-trial,your_instagram_activity/comments/post_comments_1.json/string_map_data/Comment/value
1312,comments:post_comments_1:Media Owner:value,Instagram,comments:post_comments_1:Media Owner:value,post_comments_1.json,value,string_map_data/Media Owner/value,[],"[""string_map_data"", ""Media Owner"", ""value""]",list,string,your_instagram_activity/comments/post_comments_1.json,Yes,pre-trial,your_instagram_activity/comments/post_comments_1.json/string_map_data/Media Owner/value
1313,comments:post_comments_1:timestamp,Instagram,comments:post_comments_1:timestamp,post_comments_1.json,timestamp,string_map_data/Time/timestamp,[],"[""string_map_data"", ""Time"", ""timestamp""]",list,number,your_instagram_activity/comments/post_comments_1.json,Yes,pre-trial,your_instagram_activity/comments/post_comments_1.json/string_map_data/Time/timestamp
1314,media:posts_1:source_app,Instagram,content:posts_1:source_app,posts_1.json,source_app,media/cross_post_source/source_app,"[""media""]","[""cross_post_source"", ""source_app""]",list,string,your_instagram_activity/media/posts_1.json,No,pre-trial,your_instagram_activity/media/posts_1.json/media/cross_post_source/source_app
1315,your_topics:recommended_topics:href,Instagram,your_topics:recommended_topics:href,recommended_topics.json,href,topics_your_topics/string_map_data/Name/href,"[""topics_your_topics""]","[""string_map_data"", ""Name"", ""href""]",list,string,preferences/your_topics/recommended_topics.json,No,pre-trial,preferences/your_topics/recommended_topics.json/topics_your_topics/string_map_data/Name/href
1316,your_topics:recommended_topics:value,Instagram,your_topics:recommended_topics:value,recommended_topics.json,value,topics_your_topics/string_map_data/Name/value,"[""topics_your_topics""]","[""string_map_data"", ""Name"", ""value""]",list,string,preferences/your_topics/recommended_topics.json,No,pre-trial,preferences/your_topics/recommended_topics.json/topics_your_topics/string_map_data/Name/value
1317,your_topics:recommended_topics:timestamp,Instagram,your_topics:recommended_topics:timestamp,recommended_topics.json,timestamp,topics_your_topics/string_map_data/Name/timestamp,"[""topics_your_topics""]","[""string_map_data"", ""Name"", ""timestamp""]",list,number,preferences/your_topics/recommended_topics.json,No,pre-trial,preferences/your_topics/recommended_topics.json/topics_your_topics/string_map_data/Name/timestamp
1318,saved:saved_collections:value,Instagram,saved:saved_collections:value,saved_collections.json,value,saved_saved_collections/string_map_data/Name/value,"[""saved_saved_collections""]","[""string_map_data"", ""Name"", ""value""]",list,string,your_instagram_activity/saved/saved_collections.json,No,pre-trial,your_instagram_activity/saved/saved_collections.json/saved_saved_collections/string_map_data/Name/value
1319,saved:saved_collections:Creation Time:timestamp,Instagram,saved:saved_collections:Creation Time:timestamp,saved_collections.json,timestamp,saved_saved_collections/string_map_data/Creation Time/timestamp,"[""saved_saved_collections""]","[""string_map_data"", ""Creation Time"", ""timestamp""]",list,number,your_instagram_activity/saved/saved_collections.json,No,pre-trial,your_instagram_activity/saved/saved_collections.json/saved_saved_collections/string_map_data/Creation Time/timestamp
1320,saved:saved_collections:Update Time:timestamp,Instagram,saved:saved_collections:Update Time:timestamp,saved_collections.json,timestamp,saved_saved_collections/string_map_data/Update Time/timestamp,"[""saved_saved_collections""]","[""string_map_data"", ""Update Time"", ""timestamp""]",list,number,your_instagram_activity/saved/saved_collections.json,No,pre-trial,your_instagram_activity/saved/saved_collections.json/saved_saved_collections/string_map_data/Update Time/timestamp
1321,comments:reels_comments:Comment:value,Instagram,comments:reels_comments:Comment:value,reels_comments.json,value,comments_reels_comments/string_map_data/Comment/value,"[""comments_reels_comments""]","[""string_map_data"", ""Comment"", ""value""]",list,string,your_instagram_activity/comments/reels_comments.json,No,pre-trial,your_instagram_activity/comments/reels_comments.json/comments_reels_comments/string_map_data/Comment/value
1322,comments:reels_comments:Media Owner:value,Instagram,comments:reels_comments:Media Owner:value,reels_comments.json,value,comments_reels_comments/string_map_data/Media Owner/value,"[""comments_reels_comments""]","[""string_map_data"", ""Media Owner"", ""value""]",list,string,your_instagram_activity/comments/reels_comments.json,No,pre-trial,your_instagram_activity/comments/reels_comments.json/comments_reels_comments/string_map_data/Media Owner/value
1323,comments:reels_comments:timestamp,Instagram,comments:reels_comments:timestamp,reels_comments.json,timestamp,comments_reels_comments/string_map_data/Time/timestamp,"[""comments_reels_comments""]","[""string_map_data"", ""Time"", ""timestamp""]",list,number,your_instagram_activity/comments/reels_comments.json,No,pre-trial,your_instagram_activity/comments/reels_comments.json/comments_reels_comments/string_map_data/Time/timestamp
1324,media:reels:source_app,Instagram,media:reels:source_app,reels.json,source_app,ig_reels_media/media/cross_post_source/source_app,"[""ig_reels_media"", ""media""]","[""cross_post_source"", ""source_app""]",list,string,your_instagram_activity/media/reels.json,No,pre-trial,your_instagram_activity/media/reels.json/ig_reels_media/media/cross_post_source/source_app
1325,login_and_profile_creation:signup_details:Time:timestamp,Instagram,login_and_profile_creation:signup_details:Time:timestamp,signup_details.json,timestamp,account_history_registration_info/string_map_data/Time/timestamp,"[""account_history_registration_info""]","[""string_map_data"", ""Time"", ""timestamp""]",list,number,security_and_login_information/login_and_profile_creation/signup_details.json,No,pre-trial,security_and_login_information/login_and_profile_creation/signup_details.json/account_history_registration_info/string_map_data/Time/timestamp
1326,ads_and_topics:ads_viewed:value,Instagram,ads_and_topics:ads_viewed:value,ads_viewed.json,value,impressions_history_ads_seen/string_map_data/Author/value,"[""impressions_history_ads_seen""]","[""string_map_data"", ""Author"", ""value""]",list,string,ads_information/ads_and_topics/ads_viewed.json,No,pre-trial,ads_information/ads_and_topics/ads_viewed.json/impressions_history_ads_seen/string_map_data/Author/value
1327,ads_and_topics:ads_viewed:timestamp,Instagram,ads_and_topics:ads_viewed:timestamp,ads_viewed.json,timestamp,impressions_history_ads_seen/string_map_data/Time/timestamp,"[""impressions_history_ads_seen""]","[""string_map_data"", ""Time"", ""timestamp""]",list,number,ads_information/ads_and_topics/ads_viewed.json,No,pre-trial,ads_information/ads_and_topics/ads_viewed.json/impressions_history_ads_seen/string_map_data/Time/timestamp
1328,ads_and_topics:profiles_you're_not_interested_in:Username:href,Instagram,ads_and_topics:profiles_you're_not_interested_in:Username:href,profiles_you're_not_interested_in.json,href,impressions_history_recs_hidden_authors/string_map_data/Username/href,"[""impressions_history_recs_hidden_authors""]","[""string_map_data"", ""Username"", ""href""]",list,string,ads_information/ads_and_topics/profiles_you're_not_interested_in.json,No,pre-trial,ads_information/ads_and_topics/profiles_you're_not_interested_in.json/impressions_history_recs_hidden_authors/string_map_data/Username/href
1329,ads_and_topics:profiles_you're_not_interested_in:Username:value,Instagram,ads_and_topics:profiles_you're_not_interested_in:Username:value,profiles_you're_not_interested_in.json,value,impressions_history_recs_hidden_authors/string_map_data/Username/value,"[""impressions_history_recs_hidden_authors""]","[""string_map_data"", ""Username"", ""value""]",list,string,ads_information/ads_and_topics/profiles_you're_not_interested_in.json,No,pre-trial,ads_information/ads_and_topics/profiles_you're_not_interested_in.json/impressions_history_recs_hidden_authors/string_map_data/Username/value
1330,ads_and_topics:profiles_you're_not_interested_in:Username:timestamp,Instagram,ads_and_topics:profiles_you're_not_interested_in:Username:timestamp,profiles_you're_not_interested_in.json,timestamp,impressions_history_recs_hidden_authors/string_map_data/Username/timestamp,"[""impressions_history_recs_hidden_authors""]","[""string_map_data"", ""Username"", ""timestamp""]",list,number,ads_information/ads_and_topics/profiles_you're_not_interested_in.json,No,pre-trial,ads_information/ads_and_topics/profiles_you're_not_interested_in.json/impressions_history_recs_hidden_authors/string_map_data/Username/timestamp
1331,ads_and_topics:profiles_you're_not_interested_in:Time:href,Instagram,ads_and_topics:profiles_you're_not_interested_in:Time:href,profiles_you're_not_interested_in.json,href,impressions_history_recs_hidden_authors/string_map_data/Time/href,"[""impressions_history_recs_hidden_authors""]","[""string_map_data"", ""Time"", ""href""]",list,string,ads_information/ads_and_topics/profiles_you're_not_interested_in.json,No,pre-trial,ads_information/ads_and_topics/profiles_you're_not_interested_in.json/impressions_history_recs_hidden_authors/string_map_data/Time/href
1332,ads_and_topics:profiles_you're_not_interested_in:Time:value,Instagram,ads_and_topics:profiles_you're_not_interested_in:Time:value,profiles_you're_not_interested_in.json,value,impressions_history_recs_hidden_authors/string_map_data/Time/value,"[""impressions_history_recs_hidden_authors""]","[""string_map_data"", ""Time"", ""value""]",list,string,ads_information/ads_and_topics/profiles_you're_not_interested_in.json,No,pre-trial,ads_information/ads_and_topics/profiles_you're_not_interested_in.json/impressions_history_recs_hidden_authors/string_map_data/Time/value
1333,ads_and_topics:profiles_you're_not_interested_in:Time:timestamp,Instagram,ads_and_topics:profiles_you're_not_interested_in:Time:timestamp,profiles_you're_not_interested_in.json,timestamp,impressions_history_recs_hidden_authors/string_map_data/Time/timestamp,"[""impressions_history_recs_hidden_authors""]","[""string_map_data"", ""Time"", ""timestamp""]",list,number,ads_information/ads_and_topics/profiles_you're_not_interested_in.json,No,pre-trial,ads_information/ads_and_topics/profiles_you're_not_interested_in.json/impressions_history_recs_hidden_authors/string_map_data/Time/timestamp
1334,ads_and_topics:suggested_profiles_viewed:value,Instagram,ads_and_topics:suggested_profiles_viewed:value,suggested_profiles_viewed.json,value,impressions_history_chaining_seen/string_map_data/Username/value,"[""impressions_history_chaining_seen""]","[""string_map_data"", ""Username"", ""value""]",list,string,ads_information/ads_and_topics/suggested_profiles_viewed.json,No,pre-trial,ads_information/ads_and_topics/suggested_profiles_viewed.json/impressions_history_chaining_seen/string_map_data/Username/value
1335,ads_and_topics:suggested_profiles_viewed:timestamp,Instagram,ads_and_topics:suggested_profiles_viewed:timestamp,suggested_profiles_viewed.json,timestamp,impressions_history_chaining_seen/string_map_data/Time/timestamp,"[""impressions_history_chaining_seen""]","[""string_map_data"", ""Time"", ""timestamp""]",list,number,ads_information/ads_and_topics/suggested_profiles_viewed.json,No,pre-trial,ads_information/ads_and_topics/suggested_profiles_viewed.json/impressions_history_chaining_seen/string_map_data/Time/timestamp
1336,recent_searches:word_or_phrase_searches:Search:href,Instagram,recent_searches:word_or_phrase_searches:Search:href,word_or_phrase_searches.json,href,searches_keyword/string_map_data/Search/href,"[""searches_keyword""]","[""string_map_data"", ""Search"", ""href""]",list,string,logged_information/recent_searches/word_or_phrase_searches.json,No,pre-trial,logged_information/recent_searches/word_or_phrase_searches.json/searches_keyword/string_map_data/Search/href
1337,recent_searches:word_or_phrase_searches:Search:value,Instagram,recent_searches:word_or_phrase_searches:Search:value,word_or_phrase_searches.json,value,searches_keyword/string_map_data/Search/value,"[""searches_keyword""]","[""string_map_data"", ""Search"", ""value""]",list,string,logged_information/recent_searches/word_or_phrase_searches.json,No,pre-trial,logged_information/recent_searches/word_or_phrase_searches.json/searches_keyword/string_map_data/Search/value
1338,recent_searches:word_or_phrase_searches:Search:timestamp,Instagram,recent_searches:word_or_phrase_searches:Search:timestamp,word_or_phrase_searches.json,timestamp,searches_keyword/string_map_data/Search/timestamp,"[""searches_keyword""]","[""string_map_data"", ""Search"", ""timestamp""]",list,number,logged_information/recent_searches/word_or_phrase_searches.json,No,pre-trial,logged_information/recent_searches/word_or_phrase_searches.json/searches_keyword/string_map_data/Search/timestamp
1339,recent_searches:word_or_phrase_searches:Time:href,Instagram,recent_searches:word_or_phrase_searches:Time:href,word_or_phrase_searches.json,href,searches_keyword/string_map_data/Time/href,"[""searches_keyword""]","[""string_map_data"", ""Time"", ""href""]",list,string,logged_information/recent_searches/word_or_phrase_searches.json,No,pre-trial,logged_information/recent_searches/word_or_phrase_searches.json/searches_keyword/string_map_data/Time/href
1340,recent_searches:word_or_phrase_searches:Time:value,Instagram,recent_searches:word_or_phrase_searches:Time:value,word_or_phrase_searches.json,value,searches_keyword/string_map_data/Time/value,"[""searches_keyword""]","[""string_map_data"", ""Time"", ""value""]",list,string,logged_information/recent_searches/word_or_phrase_searches.json,No,pre-trial,logged_information/recent_searches/word_or_phrase_searches.json/searches_keyword/string_map_data/Time/value
1341,recent_searches:word_or_phrase_searches:Time:timestamp,Instagram,recent_searches:word_or_phrase_searches:Time:timestamp,word_or_phrase_searches.json,timestamp,searches_keyword/string_map_data/Time/timestamp,"[""searches_keyword""]","[""string_map_data"", ""Time"", ""timestamp""]",list,number,logged_information/recent_searches/word_or_phrase_searches.json,No,pre-trial,logged_information/recent_searches/word_or_phrase_searches.json/searches_keyword/string_map_data/Time/timestamp
1342,media:reels:music_genre,Instagram,media:reels:music_genre,reels.json,music_genre,ig_reels_media/media/media_metadata/video_metadata/music_genre,"[""ig_reels_media"", ""media""]","[""media_metadata"", ""video_metadata"", ""music_genre""]",list,string,your_instagram_activity/media/reels.json,No,pre-trial,your_instagram_activity/media/reels.json/ig_reels_media/media/media_metadata/video_metadata/music_genre
1343,media:stories:date_time_digitized,Instagram,content:stories:video_metadata:exif_data:date_time_digitized,stories.json,date_time_digitized,ig_stories/media_metadata/video_metadata/exif_data/date_time_digitized,"[""ig_stories"", ""media_metadata"", ""video_metadata"", ""exif_data""]","[""date_time_digitized""]",list,string,your_instagram_activity/media/stories.json,No,pre-trial,your_instagram_activity/media/stories.json/ig_stories/media_metadata/video_metadata/exif_data/date_time_digitized
1344,media:stories:date_time_original,Instagram,content:stories:video_metadata:exif_data:date_time_original,stories.json,date_time_original,ig_stories/media_metadata/video_metadata/exif_data/date_time_original,"[""ig_stories"", ""media_metadata"", ""video_metadata"", ""exif_data""]","[""date_time_original""]",list,string,your_instagram_activity/media/stories.json,No,pre-trial,your_instagram_activity/media/stories.json/ig_stories/media_metadata/video_metadata/exif_data/date_time_original
1345,media:stories:source_type,Instagram,content:stories:video_metadata:exif_data:source_type,stories.json,source_type,ig_stories/media_metadata/video_metadata/exif_data/source_type,"[""ig_stories"", ""media_metadata"", ""video_metadata"", ""exif_data""]","[""source_type""]",list,string,your_instagram_activity/media/stories.json,No,pre-trial,your_instagram_activity/media/stories.json/ig_stories/media_metadata/video_metadata/exif_data/source_type
1346,media:reels:source_type,Instagram,media:reels:source_type,reels.json,source_type,ig_reels_media/media/media_metadata/video_metadata/exif_data/source_type,"[""ig_reels_media"", ""media"", ""media_metadata"", ""video_metadata"", ""exif_data""]","[""source_type""]",list,string,your_instagram_activity/media/reels.json,No,pre-trial,your_instagram_activity/media/reels.json/ig_reels_media/media/media_metadata/video_metadata/exif_data/source_type
1347,content:posts_1:title,Instagram,content:posts_1:title,posts_1.json,title,title,,"[""title""]",static,string,your_instagram_activity/content/posts_1.json,No,pre-trial,your_instagram_activity/content/posts_1.json/title
1348,content:posts_1:creation_timestamp,Instagram,media:posts_1:creation_timestamp,posts_1.json,creation_timestamp,creation_timestamp,,"[""creation_timestamp""]",static,number,your_instagram_activity/content/posts_1.json,No,pre-trial,your_instagram_activity/content/posts_1.json/creation_timestamp
1349,followers_and_following:follow_requests_you've_received:title,Instagram,followers_and_following:follow_requests_you've_received:title,follow_requests_you've_received.json,title,relationships_follow_requests_received/title,"[""relationships_follow_requests_received""]","[""title""]",list,string,connections/followers_and_following/follow_requests_you've_received.json,No,pre-trial,connections/followers_and_following/follow_requests_you've_received.json/relationships_follow_requests_received/title
1350,followers_and_following:follow_requests_you've_received:media_list_data,Instagram,followers_and_following:follow_requests_you've_received:media_list_data,follow_requests_you've_received.json,media_list_data,relationships_follow_requests_received/media_list_data,"[""relationships_follow_requests_received""]","[""media_list_data""]",list,array,connections/followers_and_following/follow_requests_you've_received.json,No,pre-trial,connections/followers_and_following/follow_requests_you've_received.json/relationships_follow_requests_received/media_list_data
1351,content:posts_1:uri,Instagram,content:posts_1:uri,posts_1.json,uri,media/uri,"[""media""]","[""uri""]",list,string,your_instagram_activity/content/posts_1.json,No,pre-trial,your_instagram_activity/content/posts_1.json/media/uri
1352,content:posts_1:media:creation_timestamp,Instagram,media:posts_1:media:creation_timestamp,posts_1.json,creation_timestamp,media/creation_timestamp,"[""media""]","[""creation_timestamp""]",list,number,your_instagram_activity/content/posts_1.json,No,pre-trial,your_instagram_activity/content/posts_1.json/media/creation_timestamp
1353,content:posts_1:media:title,Instagram,content:posts_1:media:title,posts_1.json,title,media/title,"[""media""]","[""title""]",list,string,your_instagram_activity/content/posts_1.json,No,pre-trial,your_instagram_activity/content/posts_1.json/media/title
1354,story_sticker_interactions:polls:title,Instagram,story_interactions:polls:title,polls.json,title,story_activities_polls/title,"[""story_activities_polls""]","[""title""]",list,string,your_instagram_activity/story_sticker_interactions/polls.json,No,pre-trial,your_instagram_activity/story_sticker_interactions/polls.json/story_activities_polls/title
1355,story_sticker_interactions:quizzes:title,Instagram,story_sticker_interactions:quizzes:title,quizzes.json,title,story_activities_quizzes/title,"[""story_activities_quizzes""]","[""title""]",list,string,your_instagram_activity/story_sticker_interactions/quizzes.json,No,pre-trial,your_instagram_activity/story_sticker_interactions/quizzes.json/story_activities_quizzes/title
1356,followers_and_following:follow_requests_you've_received:href,Instagram,followers_and_following:follow_requests_you've_received:href,follow_requests_you've_received.json,href,relationships_follow_requests_received/string_list_data/href,"[""relationships_follow_requests_received"", ""string_list_data""]","[""href""]",list,string,connections/followers_and_following/follow_requests_you've_received.json,No,pre-trial,connections/followers_and_following/follow_requests_you've_received.json/relationships_follow_requests_received/string_list_data/href
1357,followers_and_following:follow_requests_you've_received:value,Instagram,followers_and_following:follow_requests_you've_received:value,follow_requests_you've_received.json,value,relationships_follow_requests_received/string_list_data/value,"[""relationships_follow_requests_received"", ""string_list_data""]","[""value""]",list,string,connections/followers_and_following/follow_requests_you've_received.json,No,pre-trial,connections/followers_and_following/follow_requests_you've_received.json/relationships_follow_requests_received/string_list_data/value
1358,followers_and_following:follow_requests_you've_received:timestamp,Instagram,followers_and_following:follow_requests_you've_received:timestamp,follow_requests_you've_received.json,timestamp,relationships_follow_requests_received/string_list_data/timestamp,"[""relationships_follow_requests_received"", ""string_list_data""]","[""timestamp""]",list,number,connections/followers_and_following/follow_requests_you've_received.json,No,pre-trial,connections/followers_and_following/follow_requests_you've_received.json/relationships_follow_requests_received/string_list_data/timestamp
1359,content:posts_1:source_app,Instagram,content:posts_1:source_app,posts_1.json,source_app,media/cross_post_source/source_app,"[""media""]","[""cross_post_source"", ""source_app""]",list,string,your_instagram_activity/content/posts_1.json,No,pre-trial,your_instagram_activity/content/posts_1.json/media/cross_post_source/source_app
1360,story_sticker_interactions:polls:value,Instagram,story_interactions:polls:value,polls.json,value,story_activities_polls/string_list_data/value,"[""story_activities_polls"", ""string_list_data""]","[""value""]",list,string,your_instagram_activity/story_sticker_interactions/polls.json,No,pre-trial,your_instagram_activity/story_sticker_interactions/polls.json/story_activities_polls/string_list_data/value
1361,story_sticker_interactions:polls:timestamp,Instagram,story_interactions:polls:timestamp,polls.json,timestamp,story_activities_polls/string_list_data/timestamp,"[""story_activities_polls"", ""string_list_data""]","[""timestamp""]",list,number,your_instagram_activity/story_sticker_interactions/polls.json,No,pre-trial,your_instagram_activity/story_sticker_interactions/polls.json/story_activities_polls/string_list_data/timestamp
1362,story_sticker_interactions:quizzes:value,Instagram,story_sticker_interactions:quizzes:value,quizzes.json,value,story_activities_quizzes/string_list_data/value,"[""story_activities_quizzes"", ""string_list_data""]","[""value""]",list,string,your_instagram_activity/story_sticker_interactions/quizzes.json,No,pre-trial,your_instagram_activity/story_sticker_interactions/quizzes.json/story_activities_quizzes/string_list_data/value
1363,story_sticker_interactions:quizzes:timestamp,Instagram,story_sticker_interactions:quizzes:timestamp,quizzes.json,timestamp,story_activities_quizzes/string_list_data/timestamp,"[""story_activities_quizzes"", ""string_list_data""]","[""timestamp""]",list,number,your_instagram_activity/story_sticker_interactions/quizzes.json,No,pre-trial,your_instagram_activity/story_sticker_interactions/quizzes.json/story_activities_quizzes/string_list_data/timestamp
1364,other_activity:time_spent_on_instagram:timestamp,Instagram,other_activity:time_spent_on_instagram:timestamp,time_spent_on_instagram.json,timestamp,timestamp,[],"[""timestamp""]",list,number,your_instagram_activity/other_activity/time_spent_on_instagram.json,No,pre-trial,your_instagram_activity/other_activity/time_spent_on_instagram.json/timestamp
1365,other_activity:time_spent_on_instagram:media,Instagram,other_activity:time_spent_on_instagram:media,time_spent_on_instagram.json,media,media,[],"[""media""]",list,array,your_instagram_activity/other_activity/time_spent_on_instagram.json,No,pre-trial,your_instagram_activity/other_activity/time_spent_on_instagram.json/media
1366,other_activity:time_spent_on_instagram:fbid,Instagram,other_activity:time_spent_on_instagram:fbid,time_spent_on_instagram.json,fbid,fbid,[],"[""fbid""]",list,string,your_instagram_activity/other_activity/time_spent_on_instagram.json,No,pre-trial,your_instagram_activity/other_activity/time_spent_on_instagram.json/fbid
1367,other_activity:time_spent_on_instagram:label_values:label,Instagram,other_activity:time_spent_on_instagram:label_values:label,time_spent_on_instagram.json,label,label_values/label,"[""label_values""]","[""label""]",list,string,your_instagram_activity/other_activity/time_spent_on_instagram.json,No,pre-trial,your_instagram_activity/other_activity/time_spent_on_instagram.json/label_values/label
1368,ads_and_topics:posts_you're_not_interested_in:href,Instagram,ads_and_topics:posts_you're_not_interested_in:href,posts_you're_not_interested_in.json,href,impressions_history_posts_not_interested/string_list_data/href,"[""impressions_history_posts_not_interested"", ""string_list_data""]","[""href""]",list,string,ads_information/ads_and_topics/posts_you're_not_interested_in.json,No,pre-trial,ads_information/ads_and_topics/posts_you're_not_interested_in.json/impressions_history_posts_not_interested/string_list_data/href
1369,ads_and_topics:posts_you're_not_interested_in:value,Instagram,ads_and_topics:posts_you're_not_interested_in:value,posts_you're_not_interested_in.json,value,impressions_history_posts_not_interested/string_list_data/value,"[""impressions_history_posts_not_interested"", ""string_list_data""]","[""value""]",list,string,ads_information/ads_and_topics/posts_you're_not_interested_in.json,No,pre-trial,ads_information/ads_and_topics/posts_you're_not_interested_in.json/impressions_history_posts_not_interested/string_list_data/value
1370,other_activity:time_spent_on_instagram:dict:label,Instagram,other_activity:time_spent_on_instagram:dict:label,time_spent_on_instagram.json,label,label_values/vec/dict/label,"[""label_values"", ""vec"", ""dict""]","[""label""]",list,string,your_instagram_activity/other_activity/time_spent_on_instagram.json,No,pre-trial,your_instagram_activity/other_activity/time_spent_on_instagram.json/label_values/vec/dict/label
1371,other_activity:time_spent_on_instagram:timestamp_value,Instagram,other_activity:time_spent_on_instagram:timestamp_value,time_spent_on_instagram.json,timestamp_value,label_values/vec/dict/timestamp_value,"[""label_values"", ""vec"", ""dict""]","[""timestamp_value""]",list,number,your_instagram_activity/other_activity/time_spent_on_instagram.json,No,pre-trial,your_instagram_activity/other_activity/time_spent_on_instagram.json/label_values/vec/dict/timestamp_value
1372,content:stories:music_genre,Instagram,content:stories:music_genre,stories.json,music_genre,ig_stories/media_metadata/video_metadata/music_genre,"[""ig_stories""]","[""media_metadata"", ""video_metadata"", ""music_genre""]",list,string,your_instagram_activity/content/stories.json,No,pre-trial,your_instagram_activity/content/stories.json/ig_stories/media_metadata/video_metadata/music_genre
1373,saved:saved_collections:href,Instagram,saved:saved_collections:href,saved_collections.json,href,saved_saved_collections/string_map_data/Name/href,"[""saved_saved_collections""]","[""string_map_data"", ""Name"", ""href""]",list,string,your_instagram_activity/saved/saved_collections.json,No,pre-trial,your_instagram_activity/saved/saved_collections.json/saved_saved_collections/string_map_data/Name/href
1374,saved:saved_collections:Added Time:timestamp,Instagram,saved:saved_collections:Added Time:timestamp,saved_collections.json,timestamp,saved_saved_collections/string_map_data/Added Time/timestamp,"[""saved_saved_collections""]","[""string_map_data"", ""Added Time"", ""timestamp""]",list,number,your_instagram_activity/saved/saved_collections.json,No,pre-trial,your_instagram_activity/saved/saved_collections.json/saved_saved_collections/string_map_data/Added Time/timestamp
1375,content:stories:photo_metadata:exif_data:source_type,Instagram,content:stories:photo_metadata:exif_data:source_type,stories.json,source_type,ig_stories/media_metadata/photo_metadata/exif_data/source_type,"[""ig_stories"", ""media_metadata"", ""photo_metadata"", ""exif_data""]","[""source_type""]",list,string,your_instagram_activity/content/stories.json,No,pre-trial,your_instagram_activity/content/stories.json/ig_stories/media_metadata/photo_metadata/exif_data/source_type
1376,content:stories:photo_metadata:exif_data:date_time_digitized,Instagram,content:stories:photo_metadata:exif_data:date_time_digitized,stories.json,date_time_digitized,ig_stories/media_metadata/photo_metadata/exif_data/date_time_digitized,"[""ig_stories"", ""media_metadata"", ""photo_metadata"", ""exif_data""]","[""date_time_digitized""]",list,string,your_instagram_activity/content/stories.json,No,pre-trial,your_instagram_activity/content/stories.json/ig_stories/media_metadata/photo_metadata/exif_data/date_time_digitized
1377,content:stories:photo_metadata:exif_data:date_time_original,Instagram,content:stories:photo_metadata:exif_data:date_time_original,stories.json,date_time_original,ig_stories/media_metadata/photo_metadata/exif_data/date_time_original,"[""ig_stories"", ""media_metadata"", ""photo_metadata"", ""exif_data""]","[""date_time_original""]",list,string,your_instagram_activity/content/stories.json,No,pre-trial,your_instagram_activity/content/stories.json/ig_stories/media_metadata/photo_metadata/exif_data/date_time_original
1378,story_sticker_interactions:emoji_sliders:title,Instagram,story_sticker_interactions:emoji_sliders:title,emoji_sliders.json,title,story_activities_emoji_sliders/title,"[""story_activities_emoji_sliders""]","[""title""]",list,string,your_instagram_activity/story_sticker_interactions/emoji_sliders.json,No,pre-trial,your_instagram_activity/story_sticker_interactions/emoji_sliders.json/story_activities_emoji_sliders/title
1379,your_topics:your_topics:title,Instagram,your_topics:your_topics:title,your_topics.json,title,topics_your_topics/title,"[""topics_your_topics""]","[""title""]",list,string,preferences/your_topics/your_topics.json,No,pre-trial,preferences/your_topics/your_topics.json/topics_your_topics/title
1380,followers_and_following:removed_suggestions:title,Instagram,followers_and_following:removed_suggestions:title,removed_suggestions.json,title,relationships_dismissed_suggested_users/title,"[""relationships_dismissed_suggested_users""]","[""title""]",list,string,connections/followers_and_following/removed_suggestions.json,No,pre-trial,connections/followers_and_following/removed_suggestions.json/relationships_dismissed_suggested_users/title
1381,followers_and_following:removed_suggestions:media_list_data,Instagram,followers_and_following:removed_suggestions:media_list_data,removed_suggestions.json,media_list_data,relationships_dismissed_suggested_users/media_list_data,"[""relationships_dismissed_suggested_users""]","[""media_list_data""]",list,array,connections/followers_and_following/removed_suggestions.json,No,pre-trial,connections/followers_and_following/removed_suggestions.json/relationships_dismissed_suggested_users/media_list_data
1382,story_sticker_interactions:emoji_sliders:value,Instagram,story_sticker_interactions:emoji_sliders:value,emoji_sliders.json,value,story_activities_emoji_sliders/string_list_data/value,"[""story_activities_emoji_sliders"", ""string_list_data""]","[""value""]",list,string,your_instagram_activity/story_sticker_interactions/emoji_sliders.json,No,pre-trial,your_instagram_activity/story_sticker_interactions/emoji_sliders.json/story_activities_emoji_sliders/string_list_data/value
1383,story_sticker_interactions:emoji_sliders:timestamp,Instagram,story_sticker_interactions:emoji_sliders:timestamp,emoji_sliders.json,timestamp,story_activities_emoji_sliders/string_list_data/timestamp,"[""story_activities_emoji_sliders"", ""string_list_data""]","[""timestamp""]",list,number,your_instagram_activity/story_sticker_interactions/emoji_sliders.json,No,pre-trial,your_instagram_activity/story_sticker_interactions/emoji_sliders.json/story_activities_emoji_sliders/string_list_data/timestamp
1384,followers_and_following:removed_suggestions:href,Instagram,followers_and_following:removed_suggestions:href,removed_suggestions.json,href,relationships_dismissed_suggested_users/string_list_data/href,"[""relationships_dismissed_suggested_users"", ""string_list_data""]","[""href""]",list,string,connections/followers_and_following/removed_suggestions.json,No,pre-trial,connections/followers_and_following/removed_suggestions.json/relationships_dismissed_suggested_users/string_list_data/href
1385,followers_and_following:removed_suggestions:value,Instagram,followers_and_following:removed_suggestions:value,removed_suggestions.json,value,relationships_dismissed_suggested_users/string_list_data/value,"[""relationships_dismissed_suggested_users"", ""string_list_data""]","[""value""]",list,string,connections/followers_and_following/removed_suggestions.json,No,pre-trial,connections/followers_and_following/removed_suggestions.json/relationships_dismissed_suggested_users/string_list_data/value
1386,followers_and_following:removed_suggestions:timestamp,Instagram,followers_and_following:removed_suggestions:timestamp,removed_suggestions.json,timestamp,relationships_dismissed_suggested_users/string_list_data/timestamp,"[""relationships_dismissed_suggested_users"", ""string_list_data""]","[""timestamp""]",list,number,connections/followers_and_following/removed_suggestions.json,No,pre-trial,connections/followers_and_following/removed_suggestions.json/relationships_dismissed_suggested_users/string_list_data/timestamp
1387,your_topics:your_topics:href,Instagram,your_topics:your_topics:href,your_topics.json,href,topics_your_topics/string_map_data/Name/href,"[""topics_your_topics""]","[""string_map_data"", ""Name"", ""href""]",list,string,preferences/your_topics/your_topics.json,No,pre-trial,preferences/your_topics/your_topics.json/topics_your_topics/string_map_data/Name/href
1388,your_topics:your_topics:value,Instagram,your_topics:your_topics:value,your_topics.json,value,topics_your_topics/string_map_data/Name/value,"[""topics_your_topics""]","[""string_map_data"", ""Name"", ""value""]",list,string,preferences/your_topics/your_topics.json,No,pre-trial,preferences/your_topics/your_topics.json/topics_your_topics/string_map_data/Name/value
1389,your_topics:your_topics:timestamp,Instagram,your_topics:your_topics:timestamp,your_topics.json,timestamp,topics_your_topics/string_map_data/Name/timestamp,"[""topics_your_topics""]","[""string_map_data"", ""Name"", ""timestamp""]",list,number,preferences/your_topics/your_topics.json,No,pre-trial,preferences/your_topics/your_topics.json/topics_your_topics/string_map_data/Name/timestamp
1390,other_activity:your_information_download_requests:timestamp,Instagram,other_activity:your_information_download_requests:timestamp,your_information_download_requests.json,timestamp,timestamp,,"[""timestamp""]",static,number,your_instagram_activity/other_activity/your_information_download_requests.json,Yes,pre-trial,your_instagram_activity/other_activity/your_information_download_requests.json/timestamp
1391,link_history:your_link_history_settings:timestamp,Instagram,new,your_link_history_settings.json,timestamp,timestamp,,"[""timestamp""]",static,number,logged_information/link_history/your_link_history_settings.json,No,11/11/2025,logged_information/link_history/your_link_history_settings.json/timestamp
1392,link_history:your_link_history_settings:media,Instagram,new,your_link_history_settings.json,media,media,,"[""media""]",static,array,logged_information/link_history/your_link_history_settings.json,No,11/11/2025,logged_information/link_history/your_link_history_settings.json/media
1393,link_history:your_link_history_settings:fbid,Instagram,new,your_link_history_settings.json,fbid,fbid,,"[""fbid""]",static,string,logged_information/link_history/your_link_history_settings.json,No,11/11/2025,logged_information/link_history/your_link_history_settings.json/fbid
1394,followers_and_following:followers_1:title,Instagram,followers_and_following:followers_1:title,followers_1.json,title,title,[],"[""title""]",list,string,connections/followers_and_following/followers_1.json,No,11/11/2025,connections/followers_and_following/followers_1.json/title
1395,followers_and_following:followers_1:media_list_data,Instagram,followers_and_following:followers_1:media_list_data,followers_1.json,media_list_data,media_list_data,[],"[""media_list_data""]",list,array,connections/followers_and_following/followers_1.json,No,11/11/2025,connections/followers_and_following/followers_1.json/media_list_data
1396,link_history:link_history:timestamp,Instagram,link_history:link_history:timestamp,link_history.json,timestamp,timestamp,[],"[""timestamp""]",list,number,logged_information/link_history/link_history.json,No,11/11/2025,logged_information/link_history/link_history.json/timestamp
1397,link_history:link_history:media,Instagram,link_history:link_history:media,link_history.json,media,media,[],"[""media""]",list,array,logged_information/link_history/link_history.json,No,11/11/2025,logged_information/link_history/link_history.json/media
1398,link_history:link_history:fbid,Instagram,link_history:link_history:fbid,link_history.json,fbid,fbid,[],"[""fbid""]",list,string,logged_information/link_history/link_history.json,No,11/11/2025,logged_information/link_history/link_history.json/fbid
1399,story_interactions:countdowns:title,Instagram,story_interactions:countdowns:title,countdowns.json,title,story_activities_countdowns/title,"[""story_activities_countdowns""]","[""title""]",list,string,your_instagram_activity/story_interactions/countdowns.json,No,11/11/2025,your_instagram_activity/story_interactions/countdowns.json/story_activities_countdowns/title
1400,story_interactions:countdowns:media_list_data,Instagram,story_interactions:countdowns:media_list_data,countdowns.json,media_list_data,story_activities_countdowns/media_list_data,"[""story_activities_countdowns""]","[""media_list_data""]",list,array,your_instagram_activity/story_interactions/countdowns.json,No,11/11/2025,your_instagram_activity/story_interactions/countdowns.json/story_activities_countdowns/media_list_data
1401,story_interactions:emoji_sliders:title,Instagram,story_sticker_interactions:emoji_sliders:title,emoji_sliders.json,title,story_activities_emoji_sliders/title,"[""story_activities_emoji_sliders""]","[""title""]",list,string,your_instagram_activity/story_interactions/emoji_sliders.json,No,11/11/2025,your_instagram_activity/story_interactions/emoji_sliders.json/story_activities_emoji_sliders/title
1402,story_interactions:quizzes:title,Instagram,story_sticker_interactions:quizzes:title,quizzes.json,title,story_activities_quizzes/title,"[""story_activities_quizzes""]","[""title""]",list,string,your_instagram_activity/story_interactions/quizzes.json,No,11/11/2025,your_instagram_activity/story_interactions/quizzes.json/story_activities_quizzes/title
1403,story_interactions:story_reaction_sticker_reactions:title,Instagram,story_interactions:story_reaction_sticker_reactions:title,story_reaction_sticker_reactions.json,title,story_activities_reaction_sticker_reactions/title,"[""story_activities_reaction_sticker_reactions""]","[""title""]",list,string,your_instagram_activity/story_interactions/story_reaction_sticker_reactions.json,No,11/11/2025,your_instagram_activity/story_interactions/story_reaction_sticker_reactions.json/story_activities_reaction_sticker_reactions/title
1404,story_interactions:story_reaction_sticker_reactions:media_list_data,Instagram,story_interactions:story_reaction_sticker_reactions:media_list_data,story_reaction_sticker_reactions.json,media_list_data,story_activities_reaction_sticker_reactions/media_list_data,"[""story_activities_reaction_sticker_reactions""]","[""media_list_data""]",list,array,your_instagram_activity/story_interactions/story_reaction_sticker_reactions.json,No,11/11/2025,your_instagram_activity/story_interactions/story_reaction_sticker_reactions.json/story_activities_reaction_sticker_reactions/media_list_data
1405,followers_and_following:hide_story_from:title,Instagram,followers_and_following:hide_story_from:title,hide_story_from.json,title,relationships_hide_stories_from/title,"[""relationships_hide_stories_from""]","[""title""]",list,string,connections/followers_and_following/hide_story_from.json,No,11/11/2025,connections/followers_and_following/hide_story_from.json/relationships_hide_stories_from/title
1406,followers_and_following:hide_story_from:media_list_data,Instagram,followers_and_following:hide_story_from:media_list_data,hide_story_from.json,media_list_data,relationships_hide_stories_from/media_list_data,"[""relationships_hide_stories_from""]","[""media_list_data""]",list,array,connections/followers_and_following/hide_story_from.json,No,11/11/2025,connections/followers_and_following/hide_story_from.json/relationships_hide_stories_from/media_list_data
1407,followers_and_following:profiles_you've_favorited:title,Instagram,followers_and_following:profiles_you've_favorited:title,profiles_you've_favorited.json,title,relationships_feed_favorites/title,"[""relationships_feed_favorites""]","[""title""]",list,string,connections/followers_and_following/profiles_you've_favorited.json,No,11/11/2025,connections/followers_and_following/profiles_you've_favorited.json/relationships_feed_favorites/title
1408,followers_and_following:profiles_you've_favorited:media_list_data,Instagram,followers_and_following:profiles_you've_favorited:media_list_data,profiles_you've_favorited.json,media_list_data,relationships_feed_favorites/media_list_data,"[""relationships_feed_favorites""]","[""media_list_data""]",list,array,connections/followers_and_following/profiles_you've_favorited.json,No,11/11/2025,connections/followers_and_following/profiles_you've_favorited.json/relationships_feed_favorites/media_list_data
1409,link_history:your_link_history_settings:label,Instagram,new,your_link_history_settings.json,label,label_values/label,"[""label_values""]","[""label""]",list,string,logged_information/link_history/your_link_history_settings.json,No,11/11/2025,logged_information/link_history/your_link_history_settings.json/label_values/label
1410,link_history:your_link_history_settings:timestamp_value,Instagram,new,your_link_history_settings.json,timestamp_value,label_values/timestamp_value,"[""label_values""]","[""timestamp_value""]",list,number,logged_information/link_history/your_link_history_settings.json,No,11/11/2025,logged_information/link_history/your_link_history_settings.json/label_values/timestamp_value
1411,past_instagram_insights:content_interactions:title,Instagram,past_instagram_insights:content_interactions:title,content_interactions.json,title,organic_insights_interactions/title,"[""organic_insights_interactions""]","[""title""]",list,string,logged_information/past_instagram_insights/content_interactions.json,No,11/11/2025,logged_information/past_instagram_insights/content_interactions.json/organic_insights_interactions/title
1412,past_instagram_insights:live_videos:title,Instagram,past_instagram_insights:live_videos:title,live_videos.json,title,organic_insights_live/title,"[""organic_insights_live""]","[""title""]",list,string,logged_information/past_instagram_insights/live_videos.json,No,11/11/2025,logged_information/past_instagram_insights/live_videos.json/organic_insights_live/title
1413,media:posts_1:media:uri,Instagram,content:posts_1:uri,posts_1.json,uri,media/uri,"[""media""]","[""uri""]",list,string,your_instagram_activity/media/posts_1.json,No,11/11/2025,your_instagram_activity/media/posts_1.json/media/uri
1414,link_history:link_history:label,Instagram,link_history:link_history:label,link_history.json,label,label_values/label,"[""label_values""]","[""label""]",list,string,logged_information/link_history/link_history.json,No,11/11/2025,logged_information/link_history/link_history.json/label_values/label
1415,link_history:link_history:value,Instagram,link_history:link_history:value,link_history.json,value,label_values/value,"[""label_values""]","[""value""]",list,string,logged_information/link_history/link_history.json,No,11/11/2025,logged_information/link_history/link_history.json/label_values/value
1416,story_interactions:countdowns:href,Instagram,story_interactions:countdowns:href,countdowns.json,href,story_activities_countdowns/string_list_data/href,"[""story_activities_countdowns"", ""string_list_data""]","[""href""]",list,string,your_instagram_activity/story_interactions/countdowns.json,No,11/11/2025,your_instagram_activity/story_interactions/countdowns.json/story_activities_countdowns/string_list_data/href
1417,story_interactions:countdowns:value,Instagram,story_interactions:countdowns:value,countdowns.json,value,story_activities_countdowns/string_list_data/value,"[""story_activities_countdowns"", ""string_list_data""]","[""value""]",list,string,your_instagram_activity/story_interactions/countdowns.json,No,11/11/2025,your_instagram_activity/story_interactions/countdowns.json/story_activities_countdowns/string_list_data/value
1418,story_interactions:countdowns:timestamp,Instagram,story_interactions:countdowns:timestamp,countdowns.json,timestamp,story_activities_countdowns/string_list_data/timestamp,"[""story_activities_countdowns"", ""string_list_data""]","[""timestamp""]",list,number,your_instagram_activity/story_interactions/countdowns.json,No,11/11/2025,your_instagram_activity/story_interactions/countdowns.json/story_activities_countdowns/string_list_data/timestamp
1419,story_interactions:emoji_sliders:value,Instagram,story_sticker_interactions:emoji_sliders:value,emoji_sliders.json,value,story_activities_emoji_sliders/string_list_data/value,"[""story_activities_emoji_sliders"", ""string_list_data""]","[""value""]",list,string,your_instagram_activity/story_interactions/emoji_sliders.json,No,11/11/2025,your_instagram_activity/story_interactions/emoji_sliders.json/story_activities_emoji_sliders/string_list_data/value
1420,story_interactions:emoji_sliders:timestamp,Instagram,story_sticker_interactions:emoji_sliders:timestamp,emoji_sliders.json,timestamp,story_activities_emoji_sliders/string_list_data/timestamp,"[""story_activities_emoji_sliders"", ""string_list_data""]","[""timestamp""]",list,number,your_instagram_activity/story_interactions/emoji_sliders.json,No,11/11/2025,your_instagram_activity/story_interactions/emoji_sliders.json/story_activities_emoji_sliders/string_list_data/timestamp
1421,story_interactions:quizzes:value,Instagram,story_sticker_interactions:quizzes:value,quizzes.json,value,story_activities_quizzes/string_list_data/value,"[""story_activities_quizzes"", ""string_list_data""]","[""value""]",list,string,your_instagram_activity/story_interactions/quizzes.json,No,11/11/2025,your_instagram_activity/story_interactions/quizzes.json/story_activities_quizzes/string_list_data/value
1422,story_interactions:quizzes:timestamp,Instagram,story_sticker_interactions:quizzes:timestamp,quizzes.json,timestamp,story_activities_quizzes/string_list_data/timestamp,"[""story_activities_quizzes"", ""string_list_data""]","[""timestamp""]",list,number,your_instagram_activity/story_interactions/quizzes.json,No,11/11/2025,your_instagram_activity/story_interactions/quizzes.json/story_activities_quizzes/string_list_data/timestamp
1423,story_interactions:story_reaction_sticker_reactions:href,Instagram,story_interactions:story_reaction_sticker_reactions:href,story_reaction_sticker_reactions.json,href,story_activities_reaction_sticker_reactions/string_list_data/href,"[""story_activities_reaction_sticker_reactions"", ""string_list_data""]","[""href""]",list,string,your_instagram_activity/story_interactions/story_reaction_sticker_reactions.json,No,11/11/2025,your_instagram_activity/story_interactions/story_reaction_sticker_reactions.json/story_activities_reaction_sticker_reactions/string_list_data/href
1424,story_interactions:story_reaction_sticker_reactions:value,Instagram,story_interactions:story_reaction_sticker_reactions:value,story_reaction_sticker_reactions.json,value,story_activities_reaction_sticker_reactions/string_list_data/value,"[""story_activities_reaction_sticker_reactions"", ""string_list_data""]","[""value""]",list,string,your_instagram_activity/story_interactions/story_reaction_sticker_reactions.json,No,11/11/2025,your_instagram_activity/story_interactions/story_reaction_sticker_reactions.json/story_activities_reaction_sticker_reactions/string_list_data/value
1425,story_interactions:story_reaction_sticker_reactions:timestamp,Instagram,story_interactions:story_reaction_sticker_reactions:timestamp,story_reaction_sticker_reactions.json,timestamp,story_activities_reaction_sticker_reactions/string_list_data/timestamp,"[""story_activities_reaction_sticker_reactions"", ""string_list_data""]","[""timestamp""]",list,number,your_instagram_activity/story_interactions/story_reaction_sticker_reactions.json,No,11/11/2025,your_instagram_activity/story_interactions/story_reaction_sticker_reactions.json/story_activities_reaction_sticker_reactions/string_list_data/timestamp
1426,media:other_content:uri,Instagram,media:other_content:uri,other_content.json,uri,ig_other_media/media/uri,"[""ig_other_media"", ""media""]","[""uri""]",list,string,your_instagram_activity/media/other_content.json,No,11/11/2025,your_instagram_activity/media/other_content.json/ig_other_media/media/uri
1427,media:other_content:creation_timestamp,Instagram,media:other_content:creation_timestamp,other_content.json,creation_timestamp,ig_other_media/media/creation_timestamp,"[""ig_other_media"", ""media""]","[""creation_timestamp""]",list,number,your_instagram_activity/media/other_content.json,No,11/11/2025,your_instagram_activity/media/other_content.json/ig_other_media/media/creation_timestamp
1428,media:other_content:title,Instagram,media:other_content:title,other_content.json,title,ig_other_media/media/title,"[""ig_other_media"", ""media""]","[""title""]",list,string,your_instagram_activity/media/other_content.json,No,11/11/2025,your_instagram_activity/media/other_content.json/ig_other_media/media/title
1429,ads_and_topics:posts_you're_not_interested_in:timestamp,Instagram,ads_and_topics:posts_you're_not_interested_in:timestamp,posts_you're_not_interested_in.json,timestamp,impressions_history_posts_not_interested/string_list_data/timestamp,"[""impressions_history_posts_not_interested"", ""string_list_data""]","[""timestamp""]",list,number,ads_information/ads_and_topics/posts_you're_not_interested_in.json,No,11/11/2025,ads_information/ads_and_topics/posts_you're_not_interested_in.json/impressions_history_posts_not_interested/string_list_data/timestamp
1430,followers_and_following:hide_story_from:href,Instagram,followers_and_following:hide_story_from:href,hide_story_from.json,href,relationships_hide_stories_from/string_list_data/href,"[""relationships_hide_stories_from"", ""string_list_data""]","[""href""]",list,string,connections/followers_and_following/hide_story_from.json,No,11/11/2025,connections/followers_and_following/hide_story_from.json/relationships_hide_stories_from/string_list_data/href
1431,followers_and_following:hide_story_from:value,Instagram,followers_and_following:hide_story_from:value,hide_story_from.json,value,relationships_hide_stories_from/string_list_data/value,"[""relationships_hide_stories_from"", ""string_list_data""]","[""value""]",list,string,connections/followers_and_following/hide_story_from.json,No,11/11/2025,connections/followers_and_following/hide_story_from.json/relationships_hide_stories_from/string_list_data/value
1432,followers_and_following:hide_story_from:timestamp,Instagram,followers_and_following:hide_story_from:timestamp,hide_story_from.json,timestamp,relationships_hide_stories_from/string_list_data/timestamp,"[""relationships_hide_stories_from"", ""string_list_data""]","[""timestamp""]",list,number,connections/followers_and_following/hide_story_from.json,No,11/11/2025,connections/followers_and_following/hide_story_from.json/relationships_hide_stories_from/string_list_data/timestamp
1433,followers_and_following:profiles_you've_favorited:href,Instagram,followers_and_following:profiles_you've_favorited:href,profiles_you've_favorited.json,href,relationships_feed_favorites/string_list_data/href,"[""relationships_feed_favorites"", ""string_list_data""]","[""href""]",list,string,connections/followers_and_following/profiles_you've_favorited.json,No,11/11/2025,connections/followers_and_following/profiles_you've_favorited.json/relationships_feed_favorites/string_list_data/href
1434,followers_and_following:profiles_you've_favorited:value,Instagram,followers_and_following:profiles_you've_favorited:value,profiles_you've_favorited.json,value,relationships_feed_favorites/string_list_data/value,"[""relationships_feed_favorites"", ""string_list_data""]","[""value""]",list,string,connections/followers_and_following/profiles_you've_favorited.json,No,11/11/2025,connections/followers_and_following/profiles_you've_favorited.json/relationships_feed_favorites/string_list_data/value
1435,followers_and_following:profiles_you've_favorited:timestamp,Instagram,followers_and_following:profiles_you've_favorited:timestamp,profiles_you've_favorited.json,timestamp,relationships_feed_favorites/string_list_data/timestamp,"[""relationships_feed_favorites"", ""string_list_data""]","[""timestamp""]",list,number,connections/followers_and_following/profiles_you've_favorited.json,No,11/11/2025,connections/followers_and_following/profiles_you've_favorited.json/relationships_feed_favorites/string_list_data/timestamp
1436,recent_searches:profile_searches:href,Instagram,recent_searches:profile_searches:href,profile_searches.json,href,searches_user/string_list_data/href,"[""searches_user"", ""string_list_data""]","[""href""]",list,string,logged_information/recent_searches/profile_searches.json,No,11/11/2025,logged_information/recent_searches/profile_searches.json/searches_user/string_list_data/href
1437,recent_searches:profile_searches:timestamp,Instagram,recent_searches:profile_searches:timestamp,profile_searches.json,timestamp,searches_user/string_list_data/timestamp,"[""searches_user"", ""string_list_data""]","[""timestamp""]",list,number,logged_information/recent_searches/profile_searches.json,No,11/11/2025,logged_information/recent_searches/profile_searches.json/searches_user/string_list_data/timestamp
1438,media:other_content:source_app,Instagram,media:other_content:source_app,other_content.json,source_app,ig_other_media/media/cross_post_source/source_app,"[""ig_other_media"", ""media""]","[""cross_post_source"", ""source_app""]",list,string,your_instagram_activity/media/other_content.json,No,11/11/2025,your_instagram_activity/media/other_content.json/ig_other_media/media/cross_post_source/source_app
1439,media:stories:video_metadata:music_genre,Instagram,content:stories:music_genre,stories.json,music_genre,ig_stories/media_metadata/video_metadata/music_genre,"[""ig_stories""]","[""media_metadata"", ""video_metadata"", ""music_genre""]",list,string,your_instagram_activity/media/stories.json,No,11/11/2025,your_instagram_activity/media/stories.json/ig_stories/media_metadata/video_metadata/music_genre
1440,personal_information:instagram_friend_map:Sharing audience:href,Instagram,personal_information:instagram_friend_map:Sharing audience:href,instagram_friend_map.json,href,profile_friend_map/string_map_data/Sharing audience/href,"[""profile_friend_map""]","[""string_map_data"", ""Sharing audience"", ""href""]",list,string,personal_information/personal_information/instagram_friend_map.json,No,11/11/2025,personal_information/personal_information/instagram_friend_map.json/profile_friend_map/string_map_data/Sharing audience/href
1441,personal_information:instagram_friend_map:Sharing audience:value,Instagram,personal_information:instagram_friend_map:Sharing audience:value,instagram_friend_map.json,value,profile_friend_map/string_map_data/Sharing audience/value,"[""profile_friend_map""]","[""string_map_data"", ""Sharing audience"", ""value""]",list,string,personal_information/personal_information/instagram_friend_map.json,No,11/11/2025,personal_information/personal_information/instagram_friend_map.json/profile_friend_map/string_map_data/Sharing audience/value
1442,personal_information:instagram_friend_map:Sharing audience:timestamp,Instagram,personal_information:instagram_friend_map:Sharing audience:timestamp,instagram_friend_map.json,timestamp,profile_friend_map/string_map_data/Sharing audience/timestamp,"[""profile_friend_map""]","[""string_map_data"", ""Sharing audience"", ""timestamp""]",list,number,personal_information/personal_information/instagram_friend_map.json,No,11/11/2025,personal_information/personal_information/instagram_friend_map.json/profile_friend_map/string_map_data/Sharing audience/timestamp
1443,personal_information:instagram_friend_map:Custom list:href,Instagram,personal_information:instagram_friend_map:Custom list:href,instagram_friend_map.json,href,profile_friend_map/string_map_data/Custom list/href,"[""profile_friend_map""]","[""string_map_data"", ""Custom list"", ""href""]",list,string,personal_information/personal_information/instagram_friend_map.json,No,11/11/2025,personal_information/personal_information/instagram_friend_map.json/profile_friend_map/string_map_data/Custom list/href
1444,personal_information:instagram_friend_map:Custom list:value,Instagram,personal_information:instagram_friend_map:Custom list:value,instagram_friend_map.json,value,profile_friend_map/string_map_data/Custom list/value,"[""profile_friend_map""]","[""string_map_data"", ""Custom list"", ""value""]",list,string,personal_information/personal_information/instagram_friend_map.json,No,11/11/2025,personal_information/personal_information/instagram_friend_map.json/profile_friend_map/string_map_data/Custom list/value
1445,personal_information:instagram_friend_map:Custom list:timestamp,Instagram,personal_information:instagram_friend_map:Custom list:timestamp,instagram_friend_map.json,timestamp,profile_friend_map/string_map_data/Custom list/timestamp,"[""profile_friend_map""]","[""string_map_data"", ""Custom list"", ""timestamp""]",list,number,personal_information/personal_information/instagram_friend_map.json,No,11/11/2025,personal_information/personal_information/instagram_friend_map.json/profile_friend_map/string_map_data/Custom list/timestamp
1446,past_instagram_insights:content_interactions:Date Range:href,Instagram,past_instagram_insights:content_interactions:Date Range:href,content_interactions.json,href,organic_insights_interactions/string_map_data/Date Range/href,"[""organic_insights_interactions""]","[""string_map_data"", ""Date Range"", ""href""]",list,string,logged_information/past_instagram_insights/content_interactions.json,No,11/11/2025,logged_information/past_instagram_insights/content_interactions.json/organic_insights_interactions/string_map_data/Date Range/href
1447,past_instagram_insights:content_interactions:Date Range:value,Instagram,past_instagram_insights:content_interactions:Date Range:value,content_interactions.json,value,organic_insights_interactions/string_map_data/Date Range/value,"[""organic_insights_interactions""]","[""string_map_data"", ""Date Range"", ""value""]",list,string,logged_information/past_instagram_insights/content_interactions.json,No,11/11/2025,logged_information/past_instagram_insights/content_interactions.json/organic_insights_interactions/string_map_data/Date Range/value
1448,past_instagram_insights:content_interactions:Date Range:timestamp,Instagram,past_instagram_insights:content_interactions:Date Range:timestamp,content_interactions.json,timestamp,organic_insights_interactions/string_map_data/Date Range/timestamp,"[""organic_insights_interactions""]","[""string_map_data"", ""Date Range"", ""timestamp""]",list,number,logged_information/past_instagram_insights/content_interactions.json,No,11/11/2025,logged_information/past_instagram_insights/content_interactions.json/organic_insights_interactions/string_map_data/Date Range/timestamp
1449,past_instagram_insights:content_interactions:Content Interactions:href,Instagram,past_instagram_insights:content_interactions:Content Interactions:href,content_interactions.json,href,organic_insights_interactions/string_map_data/Content Interactions/href,"[""organic_insights_interactions""]","[""string_map_data"", ""Content Interactions"", ""href""]",list,string,logged_information/past_instagram_insights/content_interactions.json,No,11/11/2025,logged_information/past_instagram_insights/content_interactions.json/organic_insights_interactions/string_map_data/Content Interactions/href
1450,past_instagram_insights:content_interactions:Content Interactions:value,Instagram,past_instagram_insights:content_interactions:Content Interactions:value,content_interactions.json,value,organic_insights_interactions/string_map_data/Content Interactions/value,"[""organic_insights_interactions""]","[""string_map_data"", ""Content Interactions"", ""value""]",list,string,logged_information/past_instagram_insights/content_interactions.json,No,11/11/2025,logged_information/past_instagram_insights/content_interactions.json/organic_insights_interactions/string_map_data/Content Interactions/value
1451,past_instagram_insights:content_interactions:Content Interactions:timestamp,Instagram,past_instagram_insights:content_interactions:Content Interactions:timestamp,content_interactions.json,timestamp,organic_insights_interactions/string_map_data/Content Interactions/timestamp,"[""organic_insights_interactions""]","[""string_map_data"", ""Content Interactions"", ""timestamp""]",list,number,logged_information/past_instagram_insights/content_interactions.json,No,11/11/2025,logged_information/past_instagram_insights/content_interactions.json/organic_insights_interactions/string_map_data/Content Interactions/timestamp
1452,past_instagram_insights:content_interactions:Content Interactions Delta:href,Instagram,past_instagram_insights:content_interactions:Content Interactions Delta:href,content_interactions.json,href,organic_insights_interactions/string_map_data/Content Interactions Delta/href,"[""organic_insights_interactions""]","[""string_map_data"", ""Content Interactions Delta"", ""href""]",list,string,logged_information/past_instagram_insights/content_interactions.json,No,11/11/2025,logged_information/past_instagram_insights/content_interactions.json/organic_insights_interactions/string_map_data/Content Interactions Delta/href
1453,past_instagram_insights:content_interactions:Content Interactions Delta:value,Instagram,past_instagram_insights:content_interactions:Content Interactions Delta:value,content_interactions.json,value,organic_insights_interactions/string_map_data/Content Interactions Delta/value,"[""organic_insights_interactions""]","[""string_map_data"", ""Content Interactions Delta"", ""value""]",list,string,logged_information/past_instagram_insights/content_interactions.json,No,11/11/2025,logged_information/past_instagram_insights/content_interactions.json/organic_insights_interactions/string_map_data/Content Interactions Delta/value
1454,past_instagram_insights:content_interactions:Content Interactions Delta:timestamp,Instagram,past_instagram_insights:content_interactions:Content Interactions Delta:timestamp,content_interactions.json,timestamp,organic_insights_interactions/string_map_data/Content Interactions Delta/timestamp,"[""organic_insights_interactions""]","[""string_map_data"", ""Content Interactions Delta"", ""timestamp""]",list,number,logged_information/past_instagram_insights/content_interactions.json,No,11/11/2025,logged_information/past_instagram_insights/content_interactions.json/organic_insights_interactions/string_map_data/Content Interactions Delta/timestamp
1455,past_instagram_insights:content_interactions:Post Interactions:href,Instagram,past_instagram_insights:content_interactions:Post Interactions:href,content_interactions.json,href,organic_insights_interactions/string_map_data/Post Interactions/href,"[""organic_insights_interactions""]","[""string_map_data"", ""Post Interactions"", ""href""]",list,string,logged_information/past_instagram_insights/content_interactions.json,No,11/11/2025,logged_information/past_instagram_insights/content_interactions.json/organic_insights_interactions/string_map_data/Post Interactions/href
1456,past_instagram_insights:content_interactions:Post Interactions:value,Instagram,past_instagram_insights:content_interactions:Post Interactions:value,content_interactions.json,value,organic_insights_interactions/string_map_data/Post Interactions/value,"[""organic_insights_interactions""]","[""string_map_data"", ""Post Interactions"", ""value""]",list,string,logged_information/past_instagram_insights/content_interactions.json,No,11/11/2025,logged_information/past_instagram_insights/content_interactions.json/organic_insights_interactions/string_map_data/Post Interactions/value
1457,past_instagram_insights:content_interactions:Post Interactions:timestamp,Instagram,past_instagram_insights:content_interactions:Post Interactions:timestamp,content_interactions.json,timestamp,organic_insights_interactions/string_map_data/Post Interactions/timestamp,"[""organic_insights_interactions""]","[""string_map_data"", ""Post Interactions"", ""timestamp""]",list,number,logged_information/past_instagram_insights/content_interactions.json,No,11/11/2025,logged_information/past_instagram_insights/content_interactions.json/organic_insights_interactions/string_map_data/Post Interactions/timestamp
1458,past_instagram_insights:content_interactions:Post Interactions Delta:href,Instagram,past_instagram_insights:content_interactions:Post Interactions Delta:href,content_interactions.json,href,organic_insights_interactions/string_map_data/Post Interactions Delta/href,"[""organic_insights_interactions""]","[""string_map_data"", ""Post Interactions Delta"", ""href""]",list,string,logged_information/past_instagram_insights/content_interactions.json,No,11/11/2025,logged_information/past_instagram_insights/content_interactions.json/organic_insights_interactions/string_map_data/Post Interactions Delta/href
1459,past_instagram_insights:content_interactions:Post Interactions Delta:value,Instagram,past_instagram_insights:content_interactions:Post Interactions Delta:value,content_interactions.json,value,organic_insights_interactions/string_map_data/Post Interactions Delta/value,"[""organic_insights_interactions""]","[""string_map_data"", ""Post Interactions Delta"", ""value""]",list,string,logged_information/past_instagram_insights/content_interactions.json,No,11/11/2025,logged_information/past_instagram_insights/content_interactions.json/organic_insights_interactions/string_map_data/Post Interactions Delta/value
1460,past_instagram_insights:content_interactions:Post Interactions Delta:timestamp,Instagram,past_instagram_insights:content_interactions:Post Interactions Delta:timestamp,content_interactions.json,timestamp,organic_insights_interactions/string_map_data/Post Interactions Delta/timestamp,"[""organic_insights_interactions""]","[""string_map_data"", ""Post Interactions Delta"", ""timestamp""]",list,number,logged_information/past_instagram_insights/content_interactions.json,No,11/11/2025,logged_information/past_instagram_insights/content_interactions.json/organic_insights_interactions/string_map_data/Post Interactions Delta/timestamp
1461,past_instagram_insights:content_interactions:Post Likes:href,Instagram,past_instagram_insights:content_interactions:Post Likes:href,content_interactions.json,href,organic_insights_interactions/string_map_data/Post Likes/href,"[""organic_insights_interactions""]","[""string_map_data"", ""Post Likes"", ""href""]",list,string,logged_information/past_instagram_insights/content_interactions.json,No,11/11/2025,logged_information/past_instagram_insights/content_interactions.json/organic_insights_interactions/string_map_data/Post Likes/href
1462,past_instagram_insights:content_interactions:Post Likes:value,Instagram,past_instagram_insights:content_interactions:Post Likes:value,content_interactions.json,value,organic_insights_interactions/string_map_data/Post Likes/value,"[""organic_insights_interactions""]","[""string_map_data"", ""Post Likes"", ""value""]",list,string,logged_information/past_instagram_insights/content_interactions.json,No,11/11/2025,logged_information/past_instagram_insights/content_interactions.json/organic_insights_interactions/string_map_data/Post Likes/value
1463,past_instagram_insights:content_interactions:Post Likes:timestamp,Instagram,past_instagram_insights:content_interactions:Post Likes:timestamp,content_interactions.json,timestamp,organic_insights_interactions/string_map_data/Post Likes/timestamp,"[""organic_insights_interactions""]","[""string_map_data"", ""Post Likes"", ""timestamp""]",list,number,logged_information/past_instagram_insights/content_interactions.json,No,11/11/2025,logged_information/past_instagram_insights/content_interactions.json/organic_insights_interactions/string_map_data/Post Likes/timestamp
1464,past_instagram_insights:content_interactions:Post Comments:href,Instagram,past_instagram_insights:content_interactions:Post Comments:href,content_interactions.json,href,organic_insights_interactions/string_map_data/Post Comments/href,"[""organic_insights_interactions""]","[""string_map_data"", ""Post Comments"", ""href""]",list,string,logged_information/past_instagram_insights/content_interactions.json,No,11/11/2025,logged_information/past_instagram_insights/content_interactions.json/organic_insights_interactions/string_map_data/Post Comments/href
1465,past_instagram_insights:content_interactions:Post Comments:value,Instagram,past_instagram_insights:content_interactions:Post Comments:value,content_interactions.json,value,organic_insights_interactions/string_map_data/Post Comments/value,"[""organic_insights_interactions""]","[""string_map_data"", ""Post Comments"", ""value""]",list,string,logged_information/past_instagram_insights/content_interactions.json,No,11/11/2025,logged_information/past_instagram_insights/content_interactions.json/organic_insights_interactions/string_map_data/Post Comments/value
1466,past_instagram_insights:content_interactions:Post Comments:timestamp,Instagram,past_instagram_insights:content_interactions:Post Comments:timestamp,content_interactions.json,timestamp,organic_insights_interactions/string_map_data/Post Comments/timestamp,"[""organic_insights_interactions""]","[""string_map_data"", ""Post Comments"", ""timestamp""]",list,number,logged_information/past_instagram_insights/content_interactions.json,No,11/11/2025,logged_information/past_instagram_insights/content_interactions.json/organic_insights_interactions/string_map_data/Post Comments/timestamp
1467,past_instagram_insights:content_interactions:Story Interactions:href,Instagram,past_instagram_insights:content_interactions:Story Interactions:href,content_interactions.json,href,organic_insights_interactions/string_map_data/Story Interactions/href,"[""organic_insights_interactions""]","[""string_map_data"", ""Story Interactions"", ""href""]",list,string,logged_information/past_instagram_insights/content_interactions.json,No,11/11/2025,logged_information/past_instagram_insights/content_interactions.json/organic_insights_interactions/string_map_data/Story Interactions/href
1468,past_instagram_insights:content_interactions:Story Interactions:value,Instagram,past_instagram_insights:content_interactions:Story Interactions:value,content_interactions.json,value,organic_insights_interactions/string_map_data/Story Interactions/value,"[""organic_insights_interactions""]","[""string_map_data"", ""Story Interactions"", ""value""]",list,string,logged_information/past_instagram_insights/content_interactions.json,No,11/11/2025,logged_information/past_instagram_insights/content_interactions.json/organic_insights_interactions/string_map_data/Story Interactions/value
1469,past_instagram_insights:content_interactions:Story Interactions:timestamp,Instagram,past_instagram_insights:content_interactions:Story Interactions:timestamp,content_interactions.json,timestamp,organic_insights_interactions/string_map_data/Story Interactions/timestamp,"[""organic_insights_interactions""]","[""string_map_data"", ""Story Interactions"", ""timestamp""]",list,number,logged_information/past_instagram_insights/content_interactions.json,No,11/11/2025,logged_information/past_instagram_insights/content_interactions.json/organic_insights_interactions/string_map_data/Story Interactions/timestamp
1470,past_instagram_insights:content_interactions:Story Interactions Delta:href,Instagram,past_instagram_insights:content_interactions:Story Interactions Delta:href,content_interactions.json,href,organic_insights_interactions/string_map_data/Story Interactions Delta/href,"[""organic_insights_interactions""]","[""string_map_data"", ""Story Interactions Delta"", ""href""]",list,string,logged_information/past_instagram_insights/content_interactions.json,No,11/11/2025,logged_information/past_instagram_insights/content_interactions.json/organic_insights_interactions/string_map_data/Story Interactions Delta/href
1471,past_instagram_insights:content_interactions:Story Interactions Delta:value,Instagram,past_instagram_insights:content_interactions:Story Interactions Delta:value,content_interactions.json,value,organic_insights_interactions/string_map_data/Story Interactions Delta/value,"[""organic_insights_interactions""]","[""string_map_data"", ""Story Interactions Delta"", ""value""]",list,string,logged_information/past_instagram_insights/content_interactions.json,No,11/11/2025,logged_information/past_instagram_insights/content_interactions.json/organic_insights_interactions/string_map_data/Story Interactions Delta/value
1472,past_instagram_insights:content_interactions:Story Interactions Delta:timestamp,Instagram,past_instagram_insights:content_interactions:Story Interactions Delta:timestamp,content_interactions.json,timestamp,organic_insights_interactions/string_map_data/Story Interactions Delta/timestamp,"[""organic_insights_interactions""]","[""string_map_data"", ""Story Interactions Delta"", ""timestamp""]",list,number,logged_information/past_instagram_insights/content_interactions.json,No,11/11/2025,logged_information/past_instagram_insights/content_interactions.json/organic_insights_interactions/string_map_data/Story Interactions Delta/timestamp
1473,past_instagram_insights:content_interactions:Video Interactions:href,Instagram,past_instagram_insights:content_interactions:Video Interactions:href,content_interactions.json,href,organic_insights_interactions/string_map_data/Video Interactions/href,"[""organic_insights_interactions""]","[""string_map_data"", ""Video Interactions"", ""href""]",list,string,logged_information/past_instagram_insights/content_interactions.json,No,11/11/2025,logged_information/past_instagram_insights/content_interactions.json/organic_insights_interactions/string_map_data/Video Interactions/href
1474,past_instagram_insights:content_interactions:Video Interactions:value,Instagram,past_instagram_insights:content_interactions:Video Interactions:value,content_interactions.json,value,organic_insights_interactions/string_map_data/Video Interactions/value,"[""organic_insights_interactions""]","[""string_map_data"", ""Video Interactions"", ""value""]",list,string,logged_information/past_instagram_insights/content_interactions.json,No,11/11/2025,logged_information/past_instagram_insights/content_interactions.json/organic_insights_interactions/string_map_data/Video Interactions/value
1475,past_instagram_insights:content_interactions:Video Interactions:timestamp,Instagram,past_instagram_insights:content_interactions:Video Interactions:timestamp,content_interactions.json,timestamp,organic_insights_interactions/string_map_data/Video Interactions/timestamp,"[""organic_insights_interactions""]","[""string_map_data"", ""Video Interactions"", ""timestamp""]",list,number,logged_information/past_instagram_insights/content_interactions.json,No,11/11/2025,logged_information/past_instagram_insights/content_interactions.json/organic_insights_interactions/string_map_data/Video Interactions/timestamp
1476,past_instagram_insights:content_interactions:Video Interactions Delta:href,Instagram,past_instagram_insights:content_interactions:Video Interactions Delta:href,content_interactions.json,href,organic_insights_interactions/string_map_data/Video Interactions Delta/href,"[""organic_insights_interactions""]","[""string_map_data"", ""Video Interactions Delta"", ""href""]",list,string,logged_information/past_instagram_insights/content_interactions.json,No,11/11/2025,logged_information/past_instagram_insights/content_interactions.json/organic_insights_interactions/string_map_data/Video Interactions Delta/href
1477,past_instagram_insights:content_interactions:Video Interactions Delta:value,Instagram,past_instagram_insights:content_interactions:Video Interactions Delta:value,content_interactions.json,value,organic_insights_interactions/string_map_data/Video Interactions Delta/value,"[""organic_insights_interactions""]","[""string_map_data"", ""Video Interactions Delta"", ""value""]",list,string,logged_information/past_instagram_insights/content_interactions.json,No,11/11/2025,logged_information/past_instagram_insights/content_interactions.json/organic_insights_interactions/string_map_data/Video Interactions Delta/value
1478,past_instagram_insights:content_interactions:Video Interactions Delta:timestamp,Instagram,past_instagram_insights:content_interactions:Video Interactions Delta:timestamp,content_interactions.json,timestamp,organic_insights_interactions/string_map_data/Video Interactions Delta/timestamp,"[""organic_insights_interactions""]","[""string_map_data"", ""Video Interactions Delta"", ""timestamp""]",list,number,logged_information/past_instagram_insights/content_interactions.json,No,11/11/2025,logged_information/past_instagram_insights/content_interactions.json/organic_insights_interactions/string_map_data/Video Interactions Delta/timestamp
1479,past_instagram_insights:content_interactions:Reels Interactions:href,Instagram,past_instagram_insights:content_interactions:Reels Interactions:href,content_interactions.json,href,organic_insights_interactions/string_map_data/Reels Interactions/href,"[""organic_insights_interactions""]","[""string_map_data"", ""Reels Interactions"", ""href""]",list,string,logged_information/past_instagram_insights/content_interactions.json,No,11/11/2025,logged_information/past_instagram_insights/content_interactions.json/organic_insights_interactions/string_map_data/Reels Interactions/href
1480,past_instagram_insights:content_interactions:Reels Interactions:value,Instagram,past_instagram_insights:content_interactions:Reels Interactions:value,content_interactions.json,value,organic_insights_interactions/string_map_data/Reels Interactions/value,"[""organic_insights_interactions""]","[""string_map_data"", ""Reels Interactions"", ""value""]",list,string,logged_information/past_instagram_insights/content_interactions.json,No,11/11/2025,logged_information/past_instagram_insights/content_interactions.json/organic_insights_interactions/string_map_data/Reels Interactions/value
1481,past_instagram_insights:content_interactions:Reels Interactions:timestamp,Instagram,past_instagram_insights:content_interactions:Reels Interactions:timestamp,content_interactions.json,timestamp,organic_insights_interactions/string_map_data/Reels Interactions/timestamp,"[""organic_insights_interactions""]","[""string_map_data"", ""Reels Interactions"", ""timestamp""]",list,number,logged_information/past_instagram_insights/content_interactions.json,No,11/11/2025,logged_information/past_instagram_insights/content_interactions.json/organic_insights_interactions/string_map_data/Reels Interactions/timestamp
1482,past_instagram_insights:content_interactions:Reels Interactions Delta:href,Instagram,past_instagram_insights:content_interactions:Reels Interactions Delta:href,content_interactions.json,href,organic_insights_interactions/string_map_data/Reels Interactions Delta/href,"[""organic_insights_interactions""]","[""string_map_data"", ""Reels Interactions Delta"", ""href""]",list,string,logged_information/past_instagram_insights/content_interactions.json,No,11/11/2025,logged_information/past_instagram_insights/content_interactions.json/organic_insights_interactions/string_map_data/Reels Interactions Delta/href
1483,past_instagram_insights:content_interactions:Reels Interactions Delta:value,Instagram,past_instagram_insights:content_interactions:Reels Interactions Delta:value,content_interactions.json,value,organic_insights_interactions/string_map_data/Reels Interactions Delta/value,"[""organic_insights_interactions""]","[""string_map_data"", ""Reels Interactions Delta"", ""value""]",list,string,logged_information/past_instagram_insights/content_interactions.json,No,11/11/2025,logged_information/past_instagram_insights/content_interactions.json/organic_insights_interactions/string_map_data/Reels Interactions Delta/value
1484,past_instagram_insights:content_interactions:Reels Interactions Delta:timestamp,Instagram,past_instagram_insights:content_interactions:Reels Interactions Delta:timestamp,content_interactions.json,timestamp,organic_insights_interactions/string_map_data/Reels Interactions Delta/timestamp,"[""organic_insights_interactions""]","[""string_map_data"", ""Reels Interactions Delta"", ""timestamp""]",list,number,logged_information/past_instagram_insights/content_interactions.json,No,11/11/2025,logged_information/past_instagram_insights/content_interactions.json/organic_insights_interactions/string_map_data/Reels Interactions Delta/timestamp
1485,past_instagram_insights:content_interactions:Live Video Interactions:href,Instagram,past_instagram_insights:content_interactions:Live Video Interactions:href,content_interactions.json,href,organic_insights_interactions/string_map_data/Live Video Interactions/href,"[""organic_insights_interactions""]","[""string_map_data"", ""Live Video Interactions"", ""href""]",list,string,logged_information/past_instagram_insights/content_interactions.json,No,11/11/2025,logged_information/past_instagram_insights/content_interactions.json/organic_insights_interactions/string_map_data/Live Video Interactions/href
1486,past_instagram_insights:content_interactions:Live Video Interactions:value,Instagram,past_instagram_insights:content_interactions:Live Video Interactions:value,content_interactions.json,value,organic_insights_interactions/string_map_data/Live Video Interactions/value,"[""organic_insights_interactions""]","[""string_map_data"", ""Live Video Interactions"", ""value""]",list,string,logged_information/past_instagram_insights/content_interactions.json,No,11/11/2025,logged_information/past_instagram_insights/content_interactions.json/organic_insights_interactions/string_map_data/Live Video Interactions/value
1487,past_instagram_insights:content_interactions:Live Video Interactions:timestamp,Instagram,past_instagram_insights:content_interactions:Live Video Interactions:timestamp,content_interactions.json,timestamp,organic_insights_interactions/string_map_data/Live Video Interactions/timestamp,"[""organic_insights_interactions""]","[""string_map_data"", ""Live Video Interactions"", ""timestamp""]",list,number,logged_information/past_instagram_insights/content_interactions.json,No,11/11/2025,logged_information/past_instagram_insights/content_interactions.json/organic_insights_interactions/string_map_data/Live Video Interactions/timestamp
1488,past_instagram_insights:content_interactions:Live Video Interactions Delta:href,Instagram,past_instagram_insights:content_interactions:Live Video Interactions Delta:href,content_interactions.json,href,organic_insights_interactions/string_map_data/Live Video Interactions Delta/href,"[""organic_insights_interactions""]","[""string_map_data"", ""Live Video Interactions Delta"", ""href""]",list,string,logged_information/past_instagram_insights/content_interactions.json,No,11/11/2025,logged_information/past_instagram_insights/content_interactions.json/organic_insights_interactions/string_map_data/Live Video Interactions Delta/href
1489,past_instagram_insights:content_interactions:Live Video Interactions Delta:value,Instagram,past_instagram_insights:content_interactions:Live Video Interactions Delta:value,content_interactions.json,value,organic_insights_interactions/string_map_data/Live Video Interactions Delta/value,"[""organic_insights_interactions""]","[""string_map_data"", ""Live Video Interactions Delta"", ""value""]",list,string,logged_information/past_instagram_insights/content_interactions.json,No,11/11/2025,logged_information/past_instagram_insights/content_interactions.json/organic_insights_interactions/string_map_data/Live Video Interactions Delta/value
1490,past_instagram_insights:content_interactions:Live Video Interactions Delta:timestamp,Instagram,past_instagram_insights:content_interactions:Live Video Interactions Delta:timestamp,content_interactions.json,timestamp,organic_insights_interactions/string_map_data/Live Video Interactions Delta/timestamp,"[""organic_insights_interactions""]","[""string_map_data"", ""Live Video Interactions Delta"", ""timestamp""]",list,number,logged_information/past_instagram_insights/content_interactions.json,No,11/11/2025,logged_information/past_instagram_insights/content_interactions.json/organic_insights_interactions/string_map_data/Live Video Interactions Delta/timestamp
1491,past_instagram_insights:content_interactions:Accounts engaged:href,Instagram,past_instagram_insights:content_interactions:Accounts engaged:href,content_interactions.json,href,organic_insights_interactions/string_map_data/Accounts engaged/href,"[""organic_insights_interactions""]","[""string_map_data"", ""Accounts engaged"", ""href""]",list,string,logged_information/past_instagram_insights/content_interactions.json,No,11/11/2025,logged_information/past_instagram_insights/content_interactions.json/organic_insights_interactions/string_map_data/Accounts engaged/href
1492,past_instagram_insights:content_interactions:Accounts engaged:value,Instagram,past_instagram_insights:content_interactions:Accounts engaged:value,content_interactions.json,value,organic_insights_interactions/string_map_data/Accounts engaged/value,"[""organic_insights_interactions""]","[""string_map_data"", ""Accounts engaged"", ""value""]",list,string,logged_information/past_instagram_insights/content_interactions.json,No,11/11/2025,logged_information/past_instagram_insights/content_interactions.json/organic_insights_interactions/string_map_data/Accounts engaged/value
1493,past_instagram_insights:content_interactions:Accounts engaged:timestamp,Instagram,past_instagram_insights:content_interactions:Accounts engaged:timestamp,content_interactions.json,timestamp,organic_insights_interactions/string_map_data/Accounts engaged/timestamp,"[""organic_insights_interactions""]","[""string_map_data"", ""Accounts engaged"", ""timestamp""]",list,number,logged_information/past_instagram_insights/content_interactions.json,No,11/11/2025,logged_information/past_instagram_insights/content_interactions.json/organic_insights_interactions/string_map_data/Accounts engaged/timestamp
1494,past_instagram_insights:content_interactions:Accounts Engaged Delta:href,Instagram,past_instagram_insights:content_interactions:Accounts Engaged Delta:href,content_interactions.json,href,organic_insights_interactions/string_map_data/Accounts Engaged Delta/href,"[""organic_insights_interactions""]","[""string_map_data"", ""Accounts Engaged Delta"", ""href""]",list,string,logged_information/past_instagram_insights/content_interactions.json,No,11/11/2025,logged_information/past_instagram_insights/content_interactions.json/organic_insights_interactions/string_map_data/Accounts Engaged Delta/href
1495,past_instagram_insights:content_interactions:Accounts Engaged Delta:value,Instagram,past_instagram_insights:content_interactions:Accounts Engaged Delta:value,content_interactions.json,value,organic_insights_interactions/string_map_data/Accounts Engaged Delta/value,"[""organic_insights_interactions""]","[""string_map_data"", ""Accounts Engaged Delta"", ""value""]",list,string,logged_information/past_instagram_insights/content_interactions.json,No,11/11/2025,logged_information/past_instagram_insights/content_interactions.json/organic_insights_interactions/string_map_data/Accounts Engaged Delta/value
1496,past_instagram_insights:content_interactions:Accounts Engaged Delta:timestamp,Instagram,past_instagram_insights:content_interactions:Accounts Engaged Delta:timestamp,content_interactions.json,timestamp,organic_insights_interactions/string_map_data/Accounts Engaged Delta/timestamp,"[""organic_insights_interactions""]","[""string_map_data"", ""Accounts Engaged Delta"", ""timestamp""]",list,number,logged_information/past_instagram_insights/content_interactions.json,No,11/11/2025,logged_information/past_instagram_insights/content_interactions.json/organic_insights_interactions/string_map_data/Accounts Engaged Delta/timestamp
1497,past_instagram_insights:content_interactions:Engaged Account By Follow Type:href,Instagram,past_instagram_insights:content_interactions:Engaged Account By Follow Type:href,content_interactions.json,href,organic_insights_interactions/string_map_data/Engaged Account By Follow Type/href,"[""organic_insights_interactions""]","[""string_map_data"", ""Engaged Account By Follow Type"", ""href""]",list,string,logged_information/past_instagram_insights/content_interactions.json,No,11/11/2025,logged_information/past_instagram_insights/content_interactions.json/organic_insights_interactions/string_map_data/Engaged Account By Follow Type/href
1498,past_instagram_insights:content_interactions:Engaged Account By Follow Type:value,Instagram,past_instagram_insights:content_interactions:Engaged Account By Follow Type:value,content_interactions.json,value,organic_insights_interactions/string_map_data/Engaged Account By Follow Type/value,"[""organic_insights_interactions""]","[""string_map_data"", ""Engaged Account By Follow Type"", ""value""]",list,string,logged_information/past_instagram_insights/content_interactions.json,No,11/11/2025,logged_information/past_instagram_insights/content_interactions.json/organic_insights_interactions/string_map_data/Engaged Account By Follow Type/value
1499,past_instagram_insights:content_interactions:Engaged Account By Follow Type:timestamp,Instagram,past_instagram_insights:content_interactions:Engaged Account By Follow Type:timestamp,content_interactions.json,timestamp,organic_insights_interactions/string_map_data/Engaged Account By Follow Type/timestamp,"[""organic_insights_interactions""]","[""string_map_data"", ""Engaged Account By Follow Type"", ""timestamp""]",list,number,logged_information/past_instagram_insights/content_interactions.json,No,11/11/2025,logged_information/past_instagram_insights/content_interactions.json/organic_insights_interactions/string_map_data/Engaged Account By Follow Type/timestamp
1500,past_instagram_insights:content_interactions:You engaged delta% more accounts that weren‚àö¬¢¬¨√Ñ¬¨√¥t following you compared to previous period:href,Instagram,past_instagram_insights:content_interactions:You engaged delta% more accounts that weren‚àö¬¢¬¨√Ñ¬¨√¥t following you compared to previous period:href,content_interactions.json,href,organic_insights_interactions/string_map_data/You engaged delta% more accounts that werenât following you compared to previous period/href,"[""organic_insights_interactions""]","[""string_map_data"", ""You engaged delta% more accounts that weren\u00e2\u0080\u0099t following you compared to previous period"", ""href""]",list,string,logged_information/past_instagram_insights/content_interactions.json,No,11/11/2025,logged_information/past_instagram_insights/content_interactions.json/organic_insights_interactions/string_map_data/You engaged delta% more accounts that werenât following you compared to previous period/href
1501,past_instagram_insights:content_interactions:You engaged delta% more accounts that weren‚àö¬¢¬¨√Ñ¬¨√¥t following you compared to previous period:value,Instagram,past_instagram_insights:content_interactions:You engaged delta% more accounts that weren‚àö¬¢¬¨√Ñ¬¨√¥t following you compared to previous period:value,content_interactions.json,value,organic_insights_interactions/string_map_data/You engaged delta% more accounts that werenât following you compared to previous period/value,"[""organic_insights_interactions""]","[""string_map_data"", ""You engaged delta% more accounts that weren\u00e2\u0080\u0099t following you compared to previous period"", ""value""]",list,string,logged_information/past_instagram_insights/content_interactions.json,No,11/11/2025,logged_information/past_instagram_insights/content_interactions.json/organic_insights_interactions/string_map_data/You engaged delta% more accounts that werenât following you compared to previous period/value
1502,past_instagram_insights:content_interactions:You engaged delta% more accounts that weren‚àö¬¢¬¨√Ñ¬¨√¥t following you compared to previous period:timestamp,Instagram,past_instagram_insights:content_interactions:You engaged delta% more accounts that weren‚àö¬¢¬¨√Ñ¬¨√¥t following you compared to previous period:timestamp,content_interactions.json,timestamp,organic_insights_interactions/string_map_data/You engaged delta% more accounts that werenât following you compared to previous period/timestamp,"[""organic_insights_interactions""]","[""string_map_data"", ""You engaged delta% more accounts that weren\u00e2\u0080\u0099t following you compared to previous period"", ""timestamp""]",list,number,logged_information/past_instagram_insights/content_interactions.json,No,11/11/2025,logged_information/past_instagram_insights/content_interactions.json/organic_insights_interactions/string_map_data/You engaged delta% more accounts that werenât following you compared to previous period/timestamp
1503,past_instagram_insights:live_videos:Start Time:href,Instagram,past_instagram_insights:live_videos:Start Time:href,live_videos.json,href,organic_insights_live/string_map_data/Start Time/href,"[""organic_insights_live""]","[""string_map_data"", ""Start Time"", ""href""]",list,string,logged_information/past_instagram_insights/live_videos.json,No,11/11/2025,logged_information/past_instagram_insights/live_videos.json/organic_insights_live/string_map_data/Start Time/href
1504,past_instagram_insights:live_videos:Start Time:value,Instagram,past_instagram_insights:live_videos:Start Time:value,live_videos.json,value,organic_insights_live/string_map_data/Start Time/value,"[""organic_insights_live""]","[""string_map_data"", ""Start Time"", ""value""]",list,string,logged_information/past_instagram_insights/live_videos.json,No,11/11/2025,logged_information/past_instagram_insights/live_videos.json/organic_insights_live/string_map_data/Start Time/value
1505,past_instagram_insights:live_videos:Start Time:timestamp,Instagram,past_instagram_insights:live_videos:Start Time:timestamp,live_videos.json,timestamp,organic_insights_live/string_map_data/Start Time/timestamp,"[""organic_insights_live""]","[""string_map_data"", ""Start Time"", ""timestamp""]",list,number,logged_information/past_instagram_insights/live_videos.json,No,11/11/2025,logged_information/past_instagram_insights/live_videos.json/organic_insights_live/string_map_data/Start Time/timestamp
1506,past_instagram_insights:live_videos:Duration:href,Instagram,past_instagram_insights:live_videos:Duration:href,live_videos.json,href,organic_insights_live/string_map_data/Duration/href,"[""organic_insights_live""]","[""string_map_data"", ""Duration"", ""href""]",list,string,logged_information/past_instagram_insights/live_videos.json,No,11/11/2025,logged_information/past_instagram_insights/live_videos.json/organic_insights_live/string_map_data/Duration/href
1507,past_instagram_insights:live_videos:Duration:value,Instagram,past_instagram_insights:live_videos:Duration:value,live_videos.json,value,organic_insights_live/string_map_data/Duration/value,"[""organic_insights_live""]","[""string_map_data"", ""Duration"", ""value""]",list,string,logged_information/past_instagram_insights/live_videos.json,No,11/11/2025,logged_information/past_instagram_insights/live_videos.json/organic_insights_live/string_map_data/Duration/value
1508,past_instagram_insights:live_videos:Duration:timestamp,Instagram,past_instagram_insights:live_videos:Duration:timestamp,live_videos.json,timestamp,organic_insights_live/string_map_data/Duration/timestamp,"[""organic_insights_live""]","[""string_map_data"", ""Duration"", ""timestamp""]",list,number,logged_information/past_instagram_insights/live_videos.json,No,11/11/2025,logged_information/past_instagram_insights/live_videos.json/organic_insights_live/string_map_data/Duration/timestamp
1509,past_instagram_insights:live_videos:Accounts reached:href,Instagram,past_instagram_insights:live_videos:Accounts reached:href,live_videos.json,href,organic_insights_live/string_map_data/Accounts reached/href,"[""organic_insights_live""]","[""string_map_data"", ""Accounts reached"", ""href""]",list,string,logged_information/past_instagram_insights/live_videos.json,No,11/11/2025,logged_information/past_instagram_insights/live_videos.json/organic_insights_live/string_map_data/Accounts reached/href
1510,past_instagram_insights:live_videos:Accounts reached:value,Instagram,past_instagram_insights:live_videos:Accounts reached:value,live_videos.json,value,organic_insights_live/string_map_data/Accounts reached/value,"[""organic_insights_live""]","[""string_map_data"", ""Accounts reached"", ""value""]",list,string,logged_information/past_instagram_insights/live_videos.json,No,11/11/2025,logged_information/past_instagram_insights/live_videos.json/organic_insights_live/string_map_data/Accounts reached/value
1511,past_instagram_insights:live_videos:Accounts reached:timestamp,Instagram,past_instagram_insights:live_videos:Accounts reached:timestamp,live_videos.json,timestamp,organic_insights_live/string_map_data/Accounts reached/timestamp,"[""organic_insights_live""]","[""string_map_data"", ""Accounts reached"", ""timestamp""]",list,number,logged_information/past_instagram_insights/live_videos.json,No,11/11/2025,logged_information/past_instagram_insights/live_videos.json/organic_insights_live/string_map_data/Accounts reached/timestamp
1512,past_instagram_insights:live_videos:Peak Concurrent Viewers:href,Instagram,past_instagram_insights:live_videos:Peak Concurrent Viewers:href,live_videos.json,href,organic_insights_live/string_map_data/Peak Concurrent Viewers/href,"[""organic_insights_live""]","[""string_map_data"", ""Peak Concurrent Viewers"", ""href""]",list,string,logged_information/past_instagram_insights/live_videos.json,No,11/11/2025,logged_information/past_instagram_insights/live_videos.json/organic_insights_live/string_map_data/Peak Concurrent Viewers/href
1513,past_instagram_insights:live_videos:Peak Concurrent Viewers:value,Instagram,past_instagram_insights:live_videos:Peak Concurrent Viewers:value,live_videos.json,value,organic_insights_live/string_map_data/Peak Concurrent Viewers/value,"[""organic_insights_live""]","[""string_map_data"", ""Peak Concurrent Viewers"", ""value""]",list,string,logged_information/past_instagram_insights/live_videos.json,No,11/11/2025,logged_information/past_instagram_insights/live_videos.json/organic_insights_live/string_map_data/Peak Concurrent Viewers/value
1514,past_instagram_insights:live_videos:Peak Concurrent Viewers:timestamp,Instagram,past_instagram_insights:live_videos:Peak Concurrent Viewers:timestamp,live_videos.json,timestamp,organic_insights_live/string_map_data/Peak Concurrent Viewers/timestamp,"[""organic_insights_live""]","[""string_map_data"", ""Peak Concurrent Viewers"", ""timestamp""]",list,number,logged_information/past_instagram_insights/live_videos.json,No,11/11/2025,logged_information/past_instagram_insights/live_videos.json/organic_insights_live/string_map_data/Peak Concurrent Viewers/timestamp
1515,past_instagram_insights:live_videos:Comments:href,Instagram,past_instagram_insights:live_videos:Comments:href,live_videos.json,href,organic_insights_live/string_map_data/Comments/href,"[""organic_insights_live""]","[""string_map_data"", ""Comments"", ""href""]",list,string,logged_information/past_instagram_insights/live_videos.json,No,11/11/2025,logged_information/past_instagram_insights/live_videos.json/organic_insights_live/string_map_data/Comments/href
1516,past_instagram_insights:live_videos:Comments:value,Instagram,past_instagram_insights:live_videos:Comments:value,live_videos.json,value,organic_insights_live/string_map_data/Comments/value,"[""organic_insights_live""]","[""string_map_data"", ""Comments"", ""value""]",list,string,logged_information/past_instagram_insights/live_videos.json,No,11/11/2025,logged_information/past_instagram_insights/live_videos.json/organic_insights_live/string_map_data/Comments/value
1517,past_instagram_insights:live_videos:Comments:timestamp,Instagram,past_instagram_insights:live_videos:Comments:timestamp,live_videos.json,timestamp,organic_insights_live/string_map_data/Comments/timestamp,"[""organic_insights_live""]","[""string_map_data"", ""Comments"", ""timestamp""]",list,number,logged_information/past_instagram_insights/live_videos.json,No,11/11/2025,logged_information/past_instagram_insights/live_videos.json/organic_insights_live/string_map_data/Comments/timestamp
1518,past_instagram_insights:live_videos:Shares:href,Instagram,past_instagram_insights:live_videos:Shares:href,live_videos.json,href,organic_insights_live/string_map_data/Shares/href,"[""organic_insights_live""]","[""string_map_data"", ""Shares"", ""href""]",list,string,logged_information/past_instagram_insights/live_videos.json,No,11/11/2025,logged_information/past_instagram_insights/live_videos.json/organic_insights_live/string_map_data/Shares/href
1519,past_instagram_insights:live_videos:Shares:value,Instagram,past_instagram_insights:live_videos:Shares:value,live_videos.json,value,organic_insights_live/string_map_data/Shares/value,"[""organic_insights_live""]","[""string_map_data"", ""Shares"", ""value""]",list,string,logged_information/past_instagram_insights/live_videos.json,No,11/11/2025,logged_information/past_instagram_insights/live_videos.json/organic_insights_live/string_map_data/Shares/value
1520,past_instagram_insights:live_videos:Shares:timestamp,Instagram,past_instagram_insights:live_videos:Shares:timestamp,live_videos.json,timestamp,organic_insights_live/string_map_data/Shares/timestamp,"[""organic_insights_live""]","[""string_map_data"", ""Shares"", ""timestamp""]",list,number,logged_information/past_instagram_insights/live_videos.json,No,11/11/2025,logged_information/past_instagram_insights/live_videos.json/organic_insights_live/string_map_data/Shares/timestamp
1521,media:stories:video_metadata:exif_data:source_type,Instagram,content:stories:video_metadata:exif_data:source_type,stories.json,source_type,ig_stories/media_metadata/video_metadata/exif_data/source_type,"[""ig_stories"", ""media_metadata"", ""video_metadata"", ""exif_data""]","[""source_type""]",list,string,your_instagram_activity/media/stories.json,No,11/11/2025,your_instagram_activity/media/stories.json/ig_stories/media_metadata/video_metadata/exif_data/source_type
1522,media:stories:video_metadata:exif_data:date_time_original,Instagram,content:stories:video_metadata:exif_data:date_time_original,stories.json,date_time_original,ig_stories/media_metadata/video_metadata/exif_data/date_time_original,"[""ig_stories"", ""media_metadata"", ""video_metadata"", ""exif_data""]","[""date_time_original""]",list,string,your_instagram_activity/media/stories.json,No,11/11/2025,your_instagram_activity/media/stories.json/ig_stories/media_metadata/video_metadata/exif_data/date_time_original
1523,media:stories:video_metadata:exif_data:date_time_digitized,Instagram,content:stories:video_metadata:exif_data:date_time_digitized,stories.json,date_time_digitized,ig_stories/media_metadata/video_metadata/exif_data/date_time_digitized,"[""ig_stories"", ""media_metadata"", ""video_metadata"", ""exif_data""]","[""date_time_digitized""]",list,string,your_instagram_activity/media/stories.json,No,11/11/2025,your_instagram_activity/media/stories.json/ig_stories/media_metadata/video_metadata/exif_data/date_time_digitized
1524,media:stories:photo_metadata:exif_data:source_type,Instagram,content:stories:photo_metadata:exif_data:source_type,stories.json,source_type,ig_stories/media_metadata/photo_metadata/exif_data/source_type,"[""ig_stories"", ""media_metadata"", ""photo_metadata"", ""exif_data""]","[""source_type""]",list,string,your_instagram_activity/media/stories.json,No,11/11/2025,your_instagram_activity/media/stories.json/ig_stories/media_metadata/photo_metadata/exif_data/source_type
1525,media:stories:photo_metadata:exif_data:date_time_original,Instagram,content:stories:photo_metadata:exif_data:date_time_original,stories.json,date_time_original,ig_stories/media_metadata/photo_metadata/exif_data/date_time_original,"[""ig_stories"", ""media_metadata"", ""photo_metadata"", ""exif_data""]","[""date_time_original""]",list,string,your_instagram_activity/media/stories.json,No,11/11/2025,your_instagram_activity/media/stories.json/ig_stories/media_metadata/photo_metadata/exif_data/date_time_original
1526,media:stories:photo_metadata:exif_data:date_time_digitized,Instagram,content:stories:photo_metadata:exif_data:date_time_digitized,stories.json,date_time_digitized,ig_stories/media_metadata/photo_metadata/exif_data/date_time_digitized,"[""ig_stories"", ""media_metadata"", ""photo_metadata"", ""exif_data""]","[""date_time_digitized""]",list,string,your_instagram_activity/media/stories.json,No,11/11/2025,your_instagram_activity/media/stories.json/ig_stories/media_metadata/photo_metadata/exif_data/date_time_digitized
1527,personal_information:reposts:title,Instagram,personal_information:reposts:title,reposts.json,title,profile_media_reposts/title,"[""profile_media_reposts""]","[""title""]",list,string,personal_information/personal_information/reposts.json,No,11/11/2025,personal_information/personal_information/reposts.json/profile_media_reposts/title
1528,personal_information:reposts:Time of repost:href,Instagram,personal_information:reposts:Time of repost:href,reposts.json,href,profile_media_reposts/string_map_data/Time of repost/href,"[""profile_media_reposts""]","[""string_map_data"", ""Time of repost"", ""href""]",list,string,personal_information/personal_information/reposts.json,No,11/11/2025,personal_information/personal_information/reposts.json/profile_media_reposts/string_map_data/Time of repost/href
1529,personal_information:reposts:Time of repost:value,Instagram,personal_information:reposts:Time of repost:value,reposts.json,value,profile_media_reposts/string_map_data/Time of repost/value,"[""profile_media_reposts""]","[""string_map_data"", ""Time of repost"", ""value""]",list,string,personal_information/personal_information/reposts.json,No,11/11/2025,personal_information/personal_information/reposts.json/profile_media_reposts/string_map_data/Time of repost/value
1530,personal_information:reposts:Time of repost:timestamp,Instagram,personal_information:reposts:Time of repost:timestamp,reposts.json,timestamp,profile_media_reposts/string_map_data/Time of repost/timestamp,"[""profile_media_reposts""]","[""string_map_data"", ""Time of repost"", ""timestamp""]",list,number,personal_information/personal_information/reposts.json,No,11/11/2025,personal_information/personal_information/reposts.json/profile_media_reposts/string_map_data/Time of repost/timestamp
1531,personal_information:reposts:Text:href,Instagram,personal_information:reposts:Text:href,reposts.json,href,profile_media_reposts/string_map_data/Text/href,"[""profile_media_reposts""]","[""string_map_data"", ""Text"", ""href""]",list,string,personal_information/personal_information/reposts.json,No,11/11/2025,personal_information/personal_information/reposts.json/profile_media_reposts/string_map_data/Text/href
1532,personal_information:reposts:Text:value,Instagram,personal_information:reposts:Text:value,reposts.json,value,profile_media_reposts/string_map_data/Text/value,"[""profile_media_reposts""]","[""string_map_data"", ""Text"", ""value""]",list,string,personal_information/personal_information/reposts.json,No,11/11/2025,personal_information/personal_information/reposts.json/profile_media_reposts/string_map_data/Text/value
1533,personal_information:reposts:Text:timestamp,Instagram,personal_information:reposts:Text:timestamp,reposts.json,timestamp,profile_media_reposts/string_map_data/Text/timestamp,"[""profile_media_reposts""]","[""string_map_data"", ""Text"", ""timestamp""]",list,number,personal_information/personal_information/reposts.json,No,11/11/2025,personal_information/personal_information/reposts.json/profile_media_reposts/string_map_data/Text/timestamp
1534,followers_and_following:restricted_profiles:title,Instagram,followers_and_following:restricted_profiles:title,restricted_profiles.json,title,relationships_restricted_users/title,"[""relationships_restricted_users""]","[""title""]",list,string,connections/followers_and_following/restricted_profiles.json,No,11/11/2025,connections/followers_and_following/restricted_profiles.json/relationships_restricted_users/title
1535,followers_and_following:restricted_profiles:media_list_data,Instagram,followers_and_following:restricted_profiles:media_list_data,restricted_profiles.json,media_list_data,relationships_restricted_users/media_list_data,"[""relationships_restricted_users""]","[""media_list_data""]",list,array,connections/followers_and_following/restricted_profiles.json,No,11/11/2025,connections/followers_and_following/restricted_profiles.json/relationships_restricted_users/media_list_data
1536,followers_and_following:custom_lists:title,Instagram,followers_and_following:custom_lists:title,custom_lists.json,title,relationships_custom_lists/title,"[""relationships_custom_lists""]","[""title""]",list,string,connections/followers_and_following/custom_lists.json,No,11/11/2025,connections/followers_and_following/custom_lists.json/relationships_custom_lists/title
1537,followers_and_following:restricted_profiles:href,Instagram,followers_and_following:restricted_profiles:href,restricted_profiles.json,href,relationships_restricted_users/string_list_data/href,"[""relationships_restricted_users"", ""string_list_data""]","[""href""]",list,string,connections/followers_and_following/restricted_profiles.json,No,11/11/2025,connections/followers_and_following/restricted_profiles.json/relationships_restricted_users/string_list_data/href
1538,followers_and_following:restricted_profiles:value,Instagram,followers_and_following:restricted_profiles:value,restricted_profiles.json,value,relationships_restricted_users/string_list_data/value,"[""relationships_restricted_users"", ""string_list_data""]","[""value""]",list,string,connections/followers_and_following/restricted_profiles.json,No,11/11/2025,connections/followers_and_following/restricted_profiles.json/relationships_restricted_users/string_list_data/value
1539,followers_and_following:restricted_profiles:timestamp,Instagram,followers_and_following:restricted_profiles:timestamp,restricted_profiles.json,timestamp,relationships_restricted_users/string_list_data/timestamp,"[""relationships_restricted_users"", ""string_list_data""]","[""timestamp""]",list,number,connections/followers_and_following/restricted_profiles.json,No,11/11/2025,connections/followers_and_following/restricted_profiles.json/relationships_restricted_users/string_list_data/timestamp
1540,followers_and_following:custom_lists:Name:href,Instagram,followers_and_following:custom_lists:Name:href,custom_lists.json,href,relationships_custom_lists/string_map_data/Name/href,"[""relationships_custom_lists""]","[""string_map_data"", ""Name"", ""href""]",list,string,connections/followers_and_following/custom_lists.json,No,11/11/2025,connections/followers_and_following/custom_lists.json/relationships_custom_lists/string_map_data/Name/href
1541,followers_and_following:custom_lists:Name:value,Instagram,followers_and_following:custom_lists:Name:value,custom_lists.json,value,relationships_custom_lists/string_map_data/Name/value,"[""relationships_custom_lists""]","[""string_map_data"", ""Name"", ""value""]",list,string,connections/followers_and_following/custom_lists.json,No,11/11/2025,connections/followers_and_following/custom_lists.json/relationships_custom_lists/string_map_data/Name/value
1542,followers_and_following:custom_lists:Name:timestamp,Instagram,followers_and_following:custom_lists:Name:timestamp,custom_lists.json,timestamp,relationships_custom_lists/string_map_data/Name/timestamp,"[""relationships_custom_lists""]","[""string_map_data"", ""Name"", ""timestamp""]",list,number,connections/followers_and_following/custom_lists.json,No,11/11/2025,connections/followers_and_following/custom_lists.json/relationships_custom_lists/string_map_data/Name/timestamp
1543,followers_and_following:custom_lists:Created At:href,Instagram,followers_and_following:custom_lists:Created At:href,custom_lists.json,href,relationships_custom_lists/string_map_data/Created At/href,"[""relationships_custom_lists""]","[""string_map_data"", ""Created At"", ""href""]",list,string,connections/followers_and_following/custom_lists.json,No,11/11/2025,connections/followers_and_following/custom_lists.json/relationships_custom_lists/string_map_data/Created At/href
1544,followers_and_following:custom_lists:Created At:value,Instagram,followers_and_following:custom_lists:Created At:value,custom_lists.json,value,relationships_custom_lists/string_map_data/Created At/value,"[""relationships_custom_lists""]","[""string_map_data"", ""Created At"", ""value""]",list,string,connections/followers_and_following/custom_lists.json,No,11/11/2025,connections/followers_and_following/custom_lists.json/relationships_custom_lists/string_map_data/Created At/value
1545,followers_and_following:custom_lists:Created At:timestamp,Instagram,followers_and_following:custom_lists:Created At:timestamp,custom_lists.json,timestamp,relationships_custom_lists/string_map_data/Created At/timestamp,"[""relationships_custom_lists""]","[""string_map_data"", ""Created At"", ""timestamp""]",list,number,connections/followers_and_following/custom_lists.json,No,11/11/2025,connections/followers_and_following/custom_lists.json/relationships_custom_lists/string_map_data/Created At/timestamp
1546,followers_and_following:custom_lists:Updated At:href,Instagram,followers_and_following:custom_lists:Updated At:href,custom_lists.json,href,relationships_custom_lists/string_map_data/Updated At/href,"[""relationships_custom_lists""]","[""string_map_data"", ""Updated At"", ""href""]",list,string,connections/followers_and_following/custom_lists.json,No,11/11/2025,connections/followers_and_following/custom_lists.json/relationships_custom_lists/string_map_data/Updated At/href
1547,followers_and_following:custom_lists:Updated At:value,Instagram,followers_and_following:custom_lists:Updated At:value,custom_lists.json,value,relationships_custom_lists/string_map_data/Updated At/value,"[""relationships_custom_lists""]","[""string_map_data"", ""Updated At"", ""value""]",list,string,connections/followers_and_following/custom_lists.json,No,11/11/2025,connections/followers_and_following/custom_lists.json/relationships_custom_lists/string_map_data/Updated At/value
1548,followers_and_following:custom_lists:Updated At:timestamp,Instagram,followers_and_following:custom_lists:Updated At:timestamp,custom_lists.json,timestamp,relationships_custom_lists/string_map_data/Updated At/timestamp,"[""relationships_custom_lists""]","[""string_map_data"", ""Updated At"", ""timestamp""]",list,number,connections/followers_and_following/custom_lists.json,No,11/11/2025,connections/followers_and_following/custom_lists.json/relationships_custom_lists/string_map_data/Updated At/timestamp
1549,followers_and_following:custom_lists:Group Members:href,Instagram,followers_and_following:custom_lists:Group Members:href,custom_lists.json,href,relationships_custom_lists/string_map_data/Group Members/href,"[""relationships_custom_lists""]","[""string_map_data"", ""Group Members"", ""href""]",list,string,connections/followers_and_following/custom_lists.json,No,11/11/2025,connections/followers_and_following/custom_lists.json/relationships_custom_lists/string_map_data/Group Members/href
1550,followers_and_following:custom_lists:Group Members:value,Instagram,followers_and_following:custom_lists:Group Members:value,custom_lists.json,value,relationships_custom_lists/string_map_data/Group Members/value,"[""relationships_custom_lists""]","[""string_map_data"", ""Group Members"", ""value""]",list,string,connections/followers_and_following/custom_lists.json,No,11/11/2025,connections/followers_and_following/custom_lists.json/relationships_custom_lists/string_map_data/Group Members/value
1551,followers_and_following:custom_lists:Group Members:timestamp,Instagram,followers_and_following:custom_lists:Group Members:timestamp,custom_lists.json,timestamp,relationships_custom_lists/string_map_data/Group Members/timestamp,"[""relationships_custom_lists""]","[""string_map_data"", ""Group Members"", ""timestamp""]",list,number,connections/followers_and_following/custom_lists.json,No,11/11/2025,connections/followers_and_following/custom_lists.json/relationships_custom_lists/string_map_data/Group Members/timestamp
1552,settings:filtered_keywords_for_comments_and_messages:title,Instagram,settings:filtered_keywords_for_comments_and_messages:title,filtered_keywords_for_comments_and_messages.json,title,settings_filtered_keywords/title,"[""settings_filtered_keywords""]","[""title""]",list,string,preferences/settings/filtered_keywords_for_comments_and_messages.json,No,11/11/2025,preferences/settings/filtered_keywords_for_comments_and_messages.json/settings_filtered_keywords/title
1553,settings:filtered_keywords_for_comments_and_messages:media_list_data,Instagram,settings:filtered_keywords_for_comments_and_messages:media_list_data,filtered_keywords_for_comments_and_messages.json,media_list_data,settings_filtered_keywords/media_list_data,"[""settings_filtered_keywords""]","[""media_list_data""]",list,array,preferences/settings/filtered_keywords_for_comments_and_messages.json,No,11/11/2025,preferences/settings/filtered_keywords_for_comments_and_messages.json/settings_filtered_keywords/media_list_data
1554,comments:hype:uri,Instagram,comments:hype:uri,hype.json,uri,comments_story_comments/media_list_data/uri,"[""comments_story_comments"", ""media_list_data""]","[""uri""]",list,string,your_instagram_activity/comments/hype.json,No,11/11/2025,your_instagram_activity/comments/hype.json/comments_story_comments/media_list_data/uri
1555,media:reels:media:uri,Instagram,media:reels:uri,reels.json,uri,ig_reels_media/media/uri,"[""ig_reels_media"", ""media""]","[""uri""]",list,string,your_instagram_activity/media/reels.json,No,11/11/2025,your_instagram_activity/media/reels.json/ig_reels_media/media/uri
1556,media:reels:media:creation_timestamp,Instagram,media:reels:creation_timestamp,reels.json,creation_timestamp,ig_reels_media/media/creation_timestamp,"[""ig_reels_media"", ""media""]","[""creation_timestamp""]",list,number,your_instagram_activity/media/reels.json,No,11/11/2025,your_instagram_activity/media/reels.json/ig_reels_media/media/creation_timestamp
1557,settings:filtered_keywords_for_comments_and_messages:href,Instagram,settings:filtered_keywords_for_comments_and_messages:href,filtered_keywords_for_comments_and_messages.json,href,settings_filtered_keywords/string_list_data/href,"[""settings_filtered_keywords"", ""string_list_data""]","[""href""]",list,string,preferences/settings/filtered_keywords_for_comments_and_messages.json,No,11/11/2025,preferences/settings/filtered_keywords_for_comments_and_messages.json/settings_filtered_keywords/string_list_data/href
1558,settings:filtered_keywords_for_comments_and_messages:value,Instagram,settings:filtered_keywords_for_comments_and_messages:value,filtered_keywords_for_comments_and_messages.json,value,settings_filtered_keywords/string_list_data/value,"[""settings_filtered_keywords"", ""string_list_data""]","[""value""]",list,string,preferences/settings/filtered_keywords_for_comments_and_messages.json,No,11/11/2025,preferences/settings/filtered_keywords_for_comments_and_messages.json/settings_filtered_keywords/string_list_data/value
1559,settings:filtered_keywords_for_comments_and_messages:timestamp,Instagram,settings:filtered_keywords_for_comments_and_messages:timestamp,filtered_keywords_for_comments_and_messages.json,timestamp,settings_filtered_keywords/string_list_data/timestamp,"[""settings_filtered_keywords"", ""string_list_data""]","[""timestamp""]",list,number,preferences/settings/filtered_keywords_for_comments_and_messages.json,No,11/11/2025,preferences/settings/filtered_keywords_for_comments_and_messages.json/settings_filtered_keywords/string_list_data/timestamp
1560,comments:hype:Comment:value,Instagram,comments:hype:Comment:value,hype.json,value,comments_story_comments/string_map_data/Comment/value,"[""comments_story_comments""]","[""string_map_data"", ""Comment"", ""value""]",list,string,your_instagram_activity/comments/hype.json,No,11/11/2025,your_instagram_activity/comments/hype.json/comments_story_comments/string_map_data/Comment/value
1561,comments:hype:Media Owner:value,Instagram,comments:hype:Media Owner:value,hype.json,value,comments_story_comments/string_map_data/Media Owner/value,"[""comments_story_comments""]","[""string_map_data"", ""Media Owner"", ""value""]",list,string,your_instagram_activity/comments/hype.json,No,11/11/2025,your_instagram_activity/comments/hype.json/comments_story_comments/string_map_data/Media Owner/value
1562,comments:hype:timestamp,Instagram,comments:hype:timestamp,hype.json,timestamp,comments_story_comments/string_map_data/Time/timestamp,"[""comments_story_comments""]","[""string_map_data"", ""Time"", ""timestamp""]",list,number,your_instagram_activity/comments/hype.json,No,11/11/2025,your_instagram_activity/comments/hype.json/comments_story_comments/string_map_data/Time/timestamp
1563,media:posts_1:subtitles:creation_timestamp,Instagram,media:posts_1:subtitles:creation_timestamp,posts_1.json,creation_timestamp,media/media_metadata/video_metadata/subtitles/creation_timestamp,"[""media""]","[""media_metadata"", ""video_metadata"", ""subtitles"", ""creation_timestamp""]",list,number,your_instagram_activity/media/posts_1.json,No,11/11/2025,your_instagram_activity/media/posts_1.json/media/media_metadata/video_metadata/subtitles/creation_timestamp
1564,subscriptions:reels:title,Instagram,subscriptions:reels:title,reels.json,title,subscriptions_reels/title,"[""subscriptions_reels""]","[""title""]",list,string,your_instagram_activity/subscriptions/reels.json,No,11/11/2025,your_instagram_activity/subscriptions/reels.json/subscriptions_reels/title
1565,media:archived_posts:ig_archived_post_media:title,Instagram,media:archived_posts:ig_archived_post_media:title,archived_posts.json,title,ig_archived_post_media/title,"[""ig_archived_post_media""]","[""title""]",list,string,your_instagram_activity/media/archived_posts.json,No,11/11/2025,your_instagram_activity/media/archived_posts.json/ig_archived_post_media/title
1566,media:archived_posts:ig_archived_post_media:creation_timestamp,Instagram,media:archived_posts:ig_archived_post_media:creation_timestamp,archived_posts.json,creation_timestamp,ig_archived_post_media/creation_timestamp,"[""ig_archived_post_media""]","[""creation_timestamp""]",list,number,your_instagram_activity/media/archived_posts.json,No,11/11/2025,your_instagram_activity/media/archived_posts.json/ig_archived_post_media/creation_timestamp
1567,settings:filtered_keywords_for_posts:title,Instagram,settings:filtered_keywords_for_posts:title,filtered_keywords_for_posts.json,title,settings_filtered_keywords_for_posts/title,"[""settings_filtered_keywords_for_posts""]","[""title""]",list,string,preferences/settings/filtered_keywords_for_posts.json,No,11/11/2025,preferences/settings/filtered_keywords_for_posts.json/settings_filtered_keywords_for_posts/title
1568,settings:filtered_keywords_for_posts:media_list_data,Instagram,settings:filtered_keywords_for_posts:media_list_data,filtered_keywords_for_posts.json,media_list_data,settings_filtered_keywords_for_posts/media_list_data,"[""settings_filtered_keywords_for_posts""]","[""media_list_data""]",list,array,preferences/settings/filtered_keywords_for_posts.json,No,11/11/2025,preferences/settings/filtered_keywords_for_posts.json/settings_filtered_keywords_for_posts/media_list_data
1569,media:archived_posts:uri,Instagram,media:archived_posts:uri,archived_posts.json,uri,ig_archived_post_media/media/uri,"[""ig_archived_post_media"", ""media""]","[""uri""]",list,string,your_instagram_activity/media/archived_posts.json,No,11/11/2025,your_instagram_activity/media/archived_posts.json/ig_archived_post_media/media/uri
1570,media:archived_posts:media:creation_timestamp,Instagram,media:archived_posts:media:creation_timestamp,archived_posts.json,creation_timestamp,ig_archived_post_media/media/creation_timestamp,"[""ig_archived_post_media"", ""media""]","[""creation_timestamp""]",list,number,your_instagram_activity/media/archived_posts.json,No,11/11/2025,your_instagram_activity/media/archived_posts.json/ig_archived_post_media/media/creation_timestamp
1571,media:archived_posts:media:title,Instagram,media:archived_posts:media:title,archived_posts.json,title,ig_archived_post_media/media/title,"[""ig_archived_post_media"", ""media""]","[""title""]",list,string,your_instagram_activity/media/archived_posts.json,No,11/11/2025,your_instagram_activity/media/archived_posts.json/ig_archived_post_media/media/title
1572,media:igtv_videos:uri,Instagram,media:igtv_videos:uri,igtv_videos.json,uri,ig_igtv_media/media/uri,"[""ig_igtv_media"", ""media""]","[""uri""]",list,string,your_instagram_activity/media/igtv_videos.json,No,11/11/2025,your_instagram_activity/media/igtv_videos.json/ig_igtv_media/media/uri
1573,media:igtv_videos:creation_timestamp,Instagram,media:igtv_videos:creation_timestamp,igtv_videos.json,creation_timestamp,ig_igtv_media/media/creation_timestamp,"[""ig_igtv_media"", ""media""]","[""creation_timestamp""]",list,number,your_instagram_activity/media/igtv_videos.json,No,11/11/2025,your_instagram_activity/media/igtv_videos.json/ig_igtv_media/media/creation_timestamp
1574,media:igtv_videos:title,Instagram,media:igtv_videos:title,igtv_videos.json,title,ig_igtv_media/media/title,"[""ig_igtv_media"", ""media""]","[""title""]",list,string,your_instagram_activity/media/igtv_videos.json,No,11/11/2025,your_instagram_activity/media/igtv_videos.json/ig_igtv_media/media/title
1575,media:igtv_videos:dubbing_info,Instagram,media:igtv_videos:dubbing_info,igtv_videos.json,dubbing_info,ig_igtv_media/media/dubbing_info,"[""ig_igtv_media"", ""media""]","[""dubbing_info""]",list,array,your_instagram_activity/media/igtv_videos.json,No,11/11/2025,your_instagram_activity/media/igtv_videos.json/ig_igtv_media/media/dubbing_info
1576,media:igtv_videos:media_variants,Instagram,media:igtv_videos:media_variants,igtv_videos.json,media_variants,ig_igtv_media/media/media_variants,"[""ig_igtv_media"", ""media""]","[""media_variants""]",list,array,your_instagram_activity/media/igtv_videos.json,No,11/11/2025,your_instagram_activity/media/igtv_videos.json/ig_igtv_media/media/media_variants
1577,settings:filtered_keywords_for_posts:href,Instagram,settings:filtered_keywords_for_posts:href,filtered_keywords_for_posts.json,href,settings_filtered_keywords_for_posts/string_list_data/href,"[""settings_filtered_keywords_for_posts"", ""string_list_data""]","[""href""]",list,string,preferences/settings/filtered_keywords_for_posts.json,No,11/11/2025,preferences/settings/filtered_keywords_for_posts.json/settings_filtered_keywords_for_posts/string_list_data/href
1578,settings:filtered_keywords_for_posts:value,Instagram,settings:filtered_keywords_for_posts:value,filtered_keywords_for_posts.json,value,settings_filtered_keywords_for_posts/string_list_data/value,"[""settings_filtered_keywords_for_posts"", ""string_list_data""]","[""value""]",list,string,preferences/settings/filtered_keywords_for_posts.json,No,11/11/2025,preferences/settings/filtered_keywords_for_posts.json/settings_filtered_keywords_for_posts/string_list_data/value
1579,settings:filtered_keywords_for_posts:timestamp,Instagram,settings:filtered_keywords_for_posts:timestamp,filtered_keywords_for_posts.json,timestamp,settings_filtered_keywords_for_posts/string_list_data/timestamp,"[""settings_filtered_keywords_for_posts"", ""string_list_data""]","[""timestamp""]",list,number,preferences/settings/filtered_keywords_for_posts.json,No,11/11/2025,preferences/settings/filtered_keywords_for_posts.json/settings_filtered_keywords_for_posts/string_list_data/timestamp
1580,subscriptions:reels:User Name:href,Instagram,subscriptions:reels:User Name:href,reels.json,href,subscriptions_reels/string_map_data/User Name/href,"[""subscriptions_reels""]","[""string_map_data"", ""User Name"", ""href""]",list,string,your_instagram_activity/subscriptions/reels.json,No,11/11/2025,your_instagram_activity/subscriptions/reels.json/subscriptions_reels/string_map_data/User Name/href
1581,subscriptions:reels:User Name:value,Instagram,subscriptions:reels:User Name:value,reels.json,value,subscriptions_reels/string_map_data/User Name/value,"[""subscriptions_reels""]","[""string_map_data"", ""User Name"", ""value""]",list,string,your_instagram_activity/subscriptions/reels.json,No,11/11/2025,your_instagram_activity/subscriptions/reels.json/subscriptions_reels/string_map_data/User Name/value
1582,subscriptions:reels:User Name:timestamp,Instagram,subscriptions:reels:User Name:timestamp,reels.json,timestamp,subscriptions_reels/string_map_data/User Name/timestamp,"[""subscriptions_reels""]","[""string_map_data"", ""User Name"", ""timestamp""]",list,number,your_instagram_activity/subscriptions/reels.json,No,11/11/2025,your_instagram_activity/subscriptions/reels.json/subscriptions_reels/string_map_data/User Name/timestamp
1583,subscriptions:reels:External URL:href,Instagram,subscriptions:reels:External URL:href,reels.json,href,subscriptions_reels/string_map_data/External URL/href,"[""subscriptions_reels""]","[""string_map_data"", ""External URL"", ""href""]",list,string,your_instagram_activity/subscriptions/reels.json,No,11/11/2025,your_instagram_activity/subscriptions/reels.json/subscriptions_reels/string_map_data/External URL/href
1584,subscriptions:reels:External URL:value,Instagram,subscriptions:reels:External URL:value,reels.json,value,subscriptions_reels/string_map_data/External URL/value,"[""subscriptions_reels""]","[""string_map_data"", ""External URL"", ""value""]",list,string,your_instagram_activity/subscriptions/reels.json,No,11/11/2025,your_instagram_activity/subscriptions/reels.json/subscriptions_reels/string_map_data/External URL/value
1585,subscriptions:reels:External URL:timestamp,Instagram,subscriptions:reels:External URL:timestamp,reels.json,timestamp,subscriptions_reels/string_map_data/External URL/timestamp,"[""subscriptions_reels""]","[""string_map_data"", ""External URL"", ""timestamp""]",list,number,your_instagram_activity/subscriptions/reels.json,No,11/11/2025,your_instagram_activity/subscriptions/reels.json/subscriptions_reels/string_map_data/External URL/timestamp
1586,media:stories:photo_metadata:music_genre,Instagram,media:stories:photo_metadata:music_genre,stories.json,music_genre,ig_stories/media_metadata/photo_metadata/music_genre,"[""ig_stories""]","[""media_metadata"", ""photo_metadata"", ""music_genre""]",list,string,your_instagram_activity/media/stories.json,No,11/11/2025,your_instagram_activity/media/stories.json/ig_stories/media_metadata/photo_metadata/music_genre
1587,media:archived_posts:source_app,Instagram,media:archived_posts:source_app,archived_posts.json,source_app,ig_archived_post_media/media/cross_post_source/source_app,"[""ig_archived_post_media"", ""media""]","[""cross_post_source"", ""source_app""]",list,string,your_instagram_activity/media/archived_posts.json,No,11/11/2025,your_instagram_activity/media/archived_posts.json/ig_archived_post_media/media/cross_post_source/source_app
1588,media:igtv_videos:source_app,Instagram,media:igtv_videos:source_app,igtv_videos.json,source_app,ig_igtv_media/media/cross_post_source/source_app,"[""ig_igtv_media"", ""media""]","[""cross_post_source"", ""source_app""]",list,string,your_instagram_activity/media/igtv_videos.json,No,11/11/2025,your_instagram_activity/media/igtv_videos.json/ig_igtv_media/media/cross_post_source/source_app
1589,media:archived_posts:date_time_original,Instagram,media:archived_posts:date_time_original,archived_posts.json,date_time_original,ig_archived_post_media/media/media_metadata/photo_metadata/exif_data/date_time_original,"[""ig_archived_post_media"", ""media"", ""media_metadata"", ""photo_metadata"", ""exif_data""]","[""date_time_original""]",list,string,your_instagram_activity/media/archived_posts.json,No,11/11/2025,your_instagram_activity/media/archived_posts.json/ig_archived_post_media/media/media_metadata/photo_metadata/exif_data/date_time_original
1590,media:archived_posts:source_type,Instagram,media:archived_posts:source_type,archived_posts.json,source_type,ig_archived_post_media/media/media_metadata/photo_metadata/exif_data/source_type,"[""ig_archived_post_media"", ""media"", ""media_metadata"", ""photo_metadata"", ""exif_data""]","[""source_type""]",list,string,your_instagram_activity/media/archived_posts.json,No,11/11/2025,your_instagram_activity/media/archived_posts.json/ig_archived_post_media/media/media_metadata/photo_metadata/exif_data/source_type
1591,media:igtv_videos:date_time_original,Instagram,media:igtv_videos:date_time_original,igtv_videos.json,date_time_original,ig_igtv_media/media/media_metadata/video_metadata/exif_data/date_time_original,"[""ig_igtv_media"", ""media"", ""media_metadata"", ""video_metadata"", ""exif_data""]","[""date_time_original""]",list,string,your_instagram_activity/media/igtv_videos.json,No,11/11/2025,your_instagram_activity/media/igtv_videos.json/ig_igtv_media/media/media_metadata/video_metadata/exif_data/date_time_original
1592,media:igtv_videos:source_type,Instagram,media:igtv_videos:source_type,igtv_videos.json,source_type,ig_igtv_media/media/media_metadata/video_metadata/exif_data/source_type,"[""ig_igtv_media"", ""media"", ""media_metadata"", ""video_metadata"", ""exif_data""]","[""source_type""]",list,string,your_instagram_activity/media/igtv_videos.json,No,11/11/2025,your_instagram_activity/media/igtv_videos.json/ig_igtv_media/media/media_metadata/video_metadata/exif_data/source_type
1593,media:reels:subtitles:uri,Instagram,media:reels:subtitles:uri,reels.json,uri,ig_reels_media/media/media_metadata/video_metadata/subtitles/uri,"[""ig_reels_media"", ""media""]","[""media_metadata"", ""video_metadata"", ""subtitles"", ""uri""]",list,string,your_instagram_activity/media/reels.json,No,11/11/2025,your_instagram_activity/media/reels.json/ig_reels_media/media/media_metadata/video_metadata/subtitles/uri
1594,media:reels:subtitles:creation_timestamp,Instagram,media:reels:subtitles:creation_timestamp,reels.json,creation_timestamp,ig_reels_media/media/media_metadata/video_metadata/subtitles/creation_timestamp,"[""ig_reels_media"", ""media""]","[""media_metadata"", ""video_metadata"", ""subtitles"", ""creation_timestamp""]",list,number,your_instagram_activity/media/reels.json,No,11/11/2025,your_instagram_activity/media/reels.json/ig_reels_media/media/media_metadata/video_metadata/subtitles/creation_timestamp
1595,personal_information:professional_information:Business Objectives:href,Instagram,personal_information:professional_information:Business Objectives:href,professional_information.json,href,profile_business/string_map_data/Business Objectives/href,"[""profile_business""]","[""string_map_data"", ""Business Objectives"", ""href""]",list,string,personal_information/personal_information/professional_information.json,No,11/11/2025,personal_information/personal_information/professional_information.json/profile_business/string_map_data/Business Objectives/href
1596,personal_information:professional_information:Business Objectives:value,Instagram,personal_information:professional_information:Business Objectives:value,professional_information.json,value,profile_business/string_map_data/Business Objectives/value,"[""profile_business""]","[""string_map_data"", ""Business Objectives"", ""value""]",list,string,personal_information/personal_information/professional_information.json,No,11/11/2025,personal_information/personal_information/professional_information.json/profile_business/string_map_data/Business Objectives/value
1597,personal_information:professional_information:Business Objectives:timestamp,Instagram,personal_information:professional_information:Business Objectives:timestamp,professional_information.json,timestamp,profile_business/string_map_data/Business Objectives/timestamp,"[""profile_business""]","[""string_map_data"", ""Business Objectives"", ""timestamp""]",list,number,personal_information/personal_information/professional_information.json,No,11/11/2025,personal_information/personal_information/professional_information.json/profile_business/string_map_data/Business Objectives/timestamp
1598,personal_information:professional_information:Business Connection Methods:href,Instagram,personal_information:professional_information:Business Connection Methods:href,professional_information.json,href,profile_business/string_map_data/Business Connection Methods/href,"[""profile_business""]","[""string_map_data"", ""Business Connection Methods"", ""href""]",list,string,personal_information/personal_information/professional_information.json,No,11/11/2025,personal_information/personal_information/professional_information.json/profile_business/string_map_data/Business Connection Methods/href
1599,personal_information:professional_information:Business Connection Methods:value,Instagram,personal_information:professional_information:Business Connection Methods:value,professional_information.json,value,profile_business/string_map_data/Business Connection Methods/value,"[""profile_business""]","[""string_map_data"", ""Business Connection Methods"", ""value""]",list,string,personal_information/personal_information/professional_information.json,No,11/11/2025,personal_information/personal_information/professional_information.json/profile_business/string_map_data/Business Connection Methods/value
1600,personal_information:professional_information:Business Connection Methods:timestamp,Instagram,personal_information:professional_information:Business Connection Methods:timestamp,professional_information.json,timestamp,profile_business/string_map_data/Business Connection Methods/timestamp,"[""profile_business""]","[""string_map_data"", ""Business Connection Methods"", ""timestamp""]",list,number,personal_information/personal_information/professional_information.json,No,11/11/2025,personal_information/personal_information/professional_information.json/profile_business/string_map_data/Business Connection Methods/timestamp
1601,past_instagram_insights:content_interactions:Post Saves:href,Instagram,past_instagram_insights:content_interactions:Post Saves:href,content_interactions.json,href,organic_insights_interactions/string_map_data/Post Saves/href,"[""organic_insights_interactions""]","[""string_map_data"", ""Post Saves"", ""href""]",list,string,logged_information/past_instagram_insights/content_interactions.json,No,11/11/2025,logged_information/past_instagram_insights/content_interactions.json/organic_insights_interactions/string_map_data/Post Saves/href
1602,past_instagram_insights:content_interactions:Post Saves:value,Instagram,past_instagram_insights:content_interactions:Post Saves:value,content_interactions.json,value,organic_insights_interactions/string_map_data/Post Saves/value,"[""organic_insights_interactions""]","[""string_map_data"", ""Post Saves"", ""value""]",list,string,logged_information/past_instagram_insights/content_interactions.json,No,11/11/2025,logged_information/past_instagram_insights/content_interactions.json/organic_insights_interactions/string_map_data/Post Saves/value
1603,past_instagram_insights:content_interactions:Post Saves:timestamp,Instagram,past_instagram_insights:content_interactions:Post Saves:timestamp,content_interactions.json,timestamp,organic_insights_interactions/string_map_data/Post Saves/timestamp,"[""organic_insights_interactions""]","[""string_map_data"", ""Post Saves"", ""timestamp""]",list,number,logged_information/past_instagram_insights/content_interactions.json,No,11/11/2025,logged_information/past_instagram_insights/content_interactions.json/organic_insights_interactions/string_map_data/Post Saves/timestamp
1604,past_instagram_insights:content_interactions:Story Replies:href,Instagram,past_instagram_insights:content_interactions:Story Replies:href,content_interactions.json,href,organic_insights_interactions/string_map_data/Story Replies/href,"[""organic_insights_interactions""]","[""string_map_data"", ""Story Replies"", ""href""]",list,string,logged_information/past_instagram_insights/content_interactions.json,No,11/11/2025,logged_information/past_instagram_insights/content_interactions.json/organic_insights_interactions/string_map_data/Story Replies/href
1605,past_instagram_insights:content_interactions:Story Replies:value,Instagram,past_instagram_insights:content_interactions:Story Replies:value,content_interactions.json,value,organic_insights_interactions/string_map_data/Story Replies/value,"[""organic_insights_interactions""]","[""string_map_data"", ""Story Replies"", ""value""]",list,string,logged_information/past_instagram_insights/content_interactions.json,No,11/11/2025,logged_information/past_instagram_insights/content_interactions.json/organic_insights_interactions/string_map_data/Story Replies/value
1606,past_instagram_insights:content_interactions:Story Replies:timestamp,Instagram,past_instagram_insights:content_interactions:Story Replies:timestamp,content_interactions.json,timestamp,organic_insights_interactions/string_map_data/Story Replies/timestamp,"[""organic_insights_interactions""]","[""string_map_data"", ""Story Replies"", ""timestamp""]",list,number,logged_information/past_instagram_insights/content_interactions.json,No,11/11/2025,logged_information/past_instagram_insights/content_interactions.json/organic_insights_interactions/string_map_data/Story Replies/timestamp
1607,$USERNAME:replies_1:messages,Instagram,$USERNAME:replies_1:messages,replies_1.json,messages,messages,,"[""messages""]",static,array,your_instagram_activity/$USERNAME/replies_1.json,No,11/11/2025,your_instagram_activity/$USERNAME/replies_1.json/messages
1608,$USERNAME:replies_1:title,Instagram,$USERNAME:replies_1:title,replies_1.json,title,title,,"[""title""]",static,string,your_instagram_activity/$USERNAME/replies_1.json,No,11/11/2025,your_instagram_activity/$USERNAME/replies_1.json/title
1609,$USERNAME:replies_1:is_still_participant,Instagram,$USERNAME:replies_1:is_still_participant,replies_1.json,is_still_participant,is_still_participant,,"[""is_still_participant""]",static,boolean,your_instagram_activity/$USERNAME/replies_1.json,No,11/11/2025,your_instagram_activity/$USERNAME/replies_1.json/is_still_participant
1610,$USERNAME:replies_1:thread_path,Instagram,$USERNAME:replies_1:thread_path,replies_1.json,thread_path,thread_path,,"[""thread_path""]",static,string,your_instagram_activity/$USERNAME/replies_1.json,No,11/11/2025,your_instagram_activity/$USERNAME/replies_1.json/thread_path
1611,$USERNAME:replies_1:magic_words,Instagram,$USERNAME:replies_1:magic_words,replies_1.json,magic_words,magic_words,,"[""magic_words""]",static,array,your_instagram_activity/$USERNAME/replies_1.json,No,11/11/2025,your_instagram_activity/$USERNAME/replies_1.json/magic_words
1612,$USERNAME:replies_1:mode,Instagram,$USERNAME:replies_1:mode,replies_1.json,mode,joinable_mode/mode,,"[""joinable_mode"", ""mode""]",static,number,your_instagram_activity/$USERNAME/replies_1.json,No,11/11/2025,your_instagram_activity/$USERNAME/replies_1.json/joinable_mode/mode
1613,$USERNAME:replies_1:link,Instagram,$USERNAME:replies_1:link,replies_1.json,link,joinable_mode/link,,"[""joinable_mode"", ""link""]",static,string,your_instagram_activity/$USERNAME/replies_1.json,No,11/11/2025,your_instagram_activity/$USERNAME/replies_1.json/joinable_mode/link
1614,messages:reported_conversations:timestamp,Instagram,messages:reported_conversations:timestamp,reported_conversations.json,timestamp,ig_reported_conversations/timestamp,"[""ig_reported_conversations""]","[""timestamp""]",list,number,your_instagram_activity/messages/reported_conversations.json,No,11/11/2025,your_instagram_activity/messages/reported_conversations.json/ig_reported_conversations/timestamp
1615,messages:reported_conversations:is_reporter,Instagram,messages:reported_conversations:is_reporter,reported_conversations.json,is_reporter,ig_reported_conversations/is_reporter,"[""ig_reported_conversations""]","[""is_reporter""]",list,boolean,your_instagram_activity/messages/reported_conversations.json,No,11/11/2025,your_instagram_activity/messages/reported_conversations.json/ig_reported_conversations/is_reporter
1616,$USERNAME:replies_1:name,Instagram,$USERNAME:replies_1:name,replies_1.json,name,participants/name,"[""participants""]","[""name""]",list,string,your_instagram_activity/$USERNAME/replies_1.json,No,11/11/2025,your_instagram_activity/$USERNAME/replies_1.json/participants/name
1617,$USERNAME:replies_1:reply_content,Instagram,$USERNAME:replies_1:reply_content,replies_1.json,reply_content,replies/reply_content,"[""replies""]","[""reply_content""]",list,string,your_instagram_activity/$USERNAME/replies_1.json,No,11/11/2025,your_instagram_activity/$USERNAME/replies_1.json/replies/reply_content
1618,$USERNAME:replies_1:original_message_sender,Instagram,$USERNAME:replies_1:original_message_sender,replies_1.json,original_message_sender,replies/original_message_sender,"[""replies""]","[""original_message_sender""]",list,string,your_instagram_activity/$USERNAME/replies_1.json,No,11/11/2025,your_instagram_activity/$USERNAME/replies_1.json/replies/original_message_sender
1619,$USERNAME:replies_1:timestamp_ms,Instagram,$USERNAME:replies_1:timestamp_ms,replies_1.json,timestamp_ms,replies/timestamp_ms,"[""replies""]","[""timestamp_ms""]",list,number,your_instagram_activity/$USERNAME/replies_1.json,No,11/11/2025,your_instagram_activity/$USERNAME/replies_1.json/replies/timestamp_ms
1620,story_interactions:avatar_story_reactions:title,Instagram,story_interactions:avatar_story_reactions:title,avatar_story_reactions.json,title,story_activities_avatar_quick_reactions/title,"[""story_activities_avatar_quick_reactions""]","[""title""]",list,string,your_instagram_activity/story_interactions/avatar_story_reactions.json,No,11/11/2025,your_instagram_activity/story_interactions/avatar_story_reactions.json/story_activities_avatar_quick_reactions/title
1621,story_interactions:avatar_story_reactions:media_list_data,Instagram,story_interactions:avatar_story_reactions:media_list_data,avatar_story_reactions.json,media_list_data,story_activities_avatar_quick_reactions/media_list_data,"[""story_activities_avatar_quick_reactions""]","[""media_list_data""]",list,array,your_instagram_activity/story_interactions/avatar_story_reactions.json,No,11/11/2025,your_instagram_activity/story_interactions/avatar_story_reactions.json/story_activities_avatar_quick_reactions/media_list_data
1622,story_interactions:emoji_story_reactions:title,Instagram,story_interactions:emoji_story_reactions:title,emoji_story_reactions.json,title,story_activities_emoji_quick_reactions/title,"[""story_activities_emoji_quick_reactions""]","[""title""]",list,string,your_instagram_activity/story_interactions/emoji_story_reactions.json,No,11/11/2025,your_instagram_activity/story_interactions/emoji_story_reactions.json/story_activities_emoji_quick_reactions/title
1623,story_interactions:emoji_story_reactions:media_list_data,Instagram,story_interactions:emoji_story_reactions:media_list_data,emoji_story_reactions.json,media_list_data,story_activities_emoji_quick_reactions/media_list_data,"[""story_activities_emoji_quick_reactions""]","[""media_list_data""]",list,array,your_instagram_activity/story_interactions/emoji_story_reactions.json,No,11/11/2025,your_instagram_activity/story_interactions/emoji_story_reactions.json/story_activities_emoji_quick_reactions/media_list_data
1624,messages:reported_conversations:reporter:name,Instagram,messages:reported_conversations:reporter:name,reported_conversations.json,name,ig_reported_conversations/reporter/name,"[""ig_reported_conversations""]","[""reporter"", ""name""]",list,string,your_instagram_activity/messages/reported_conversations.json,No,11/11/2025,your_instagram_activity/messages/reported_conversations.json/ig_reported_conversations/reporter/name
1625,messages:reported_conversations:reportee:name,Instagram,messages:reported_conversations:reportee:name,reported_conversations.json,name,ig_reported_conversations/reportee/name,"[""ig_reported_conversations""]","[""reportee"", ""name""]",list,string,your_instagram_activity/messages/reported_conversations.json,No,11/11/2025,your_instagram_activity/messages/reported_conversations.json/ig_reported_conversations/reportee/name
1626,messages:reported_conversations:sender_name,Instagram,messages:reported_conversations:sender_name,reported_conversations.json,sender_name,ig_reported_conversations/messages/sender_name,"[""ig_reported_conversations"", ""messages""]","[""sender_name""]",list,string,your_instagram_activity/messages/reported_conversations.json,No,11/11/2025,your_instagram_activity/messages/reported_conversations.json/ig_reported_conversations/messages/sender_name
1627,messages:reported_conversations:timestamp_ms,Instagram,messages:reported_conversations:timestamp_ms,reported_conversations.json,timestamp_ms,ig_reported_conversations/messages/timestamp_ms,"[""ig_reported_conversations"", ""messages""]","[""timestamp_ms""]",list,number,your_instagram_activity/messages/reported_conversations.json,No,11/11/2025,your_instagram_activity/messages/reported_conversations.json/ig_reported_conversations/messages/timestamp_ms
1628,messages:reported_conversations:content,Instagram,messages:reported_conversations:content,reported_conversations.json,content,ig_reported_conversations/messages/content,"[""ig_reported_conversations"", ""messages""]","[""content""]",list,string,your_instagram_activity/messages/reported_conversations.json,No,11/11/2025,your_instagram_activity/messages/reported_conversations.json/ig_reported_conversations/messages/content
1629,messages:reported_conversations:photos,Instagram,messages:reported_conversations:photos,reported_conversations.json,photos,ig_reported_conversations/messages/photos,"[""ig_reported_conversations"", ""messages""]","[""photos""]",list,array,your_instagram_activity/messages/reported_conversations.json,No,11/11/2025,your_instagram_activity/messages/reported_conversations.json/ig_reported_conversations/messages/photos
1630,messages:reported_conversations:videos,Instagram,messages:reported_conversations:videos,reported_conversations.json,videos,ig_reported_conversations/messages/videos,"[""ig_reported_conversations"", ""messages""]","[""videos""]",list,array,your_instagram_activity/messages/reported_conversations.json,No,11/11/2025,your_instagram_activity/messages/reported_conversations.json/ig_reported_conversations/messages/videos
1631,messages:reported_conversations:audio_files,Instagram,messages:reported_conversations:audio_files,reported_conversations.json,audio_files,ig_reported_conversations/messages/audio_files,"[""ig_reported_conversations"", ""messages""]","[""audio_files""]",list,array,your_instagram_activity/messages/reported_conversations.json,No,11/11/2025,your_instagram_activity/messages/reported_conversations.json/ig_reported_conversations/messages/audio_files
1632,story_interactions:avatar_story_reactions:href,Instagram,story_interactions:avatar_story_reactions:href,avatar_story_reactions.json,href,story_activities_avatar_quick_reactions/string_list_data/href,"[""story_activities_avatar_quick_reactions"", ""string_list_data""]","[""href""]",list,string,your_instagram_activity/story_interactions/avatar_story_reactions.json,No,11/11/2025,your_instagram_activity/story_interactions/avatar_story_reactions.json/story_activities_avatar_quick_reactions/string_list_data/href
1633,story_interactions:avatar_story_reactions:value,Instagram,story_interactions:avatar_story_reactions:value,avatar_story_reactions.json,value,story_activities_avatar_quick_reactions/string_list_data/value,"[""story_activities_avatar_quick_reactions"", ""string_list_data""]","[""value""]",list,string,your_instagram_activity/story_interactions/avatar_story_reactions.json,No,11/11/2025,your_instagram_activity/story_interactions/avatar_story_reactions.json/story_activities_avatar_quick_reactions/string_list_data/value
1634,story_interactions:avatar_story_reactions:timestamp,Instagram,story_interactions:avatar_story_reactions:timestamp,avatar_story_reactions.json,timestamp,story_activities_avatar_quick_reactions/string_list_data/timestamp,"[""story_activities_avatar_quick_reactions"", ""string_list_data""]","[""timestamp""]",list,number,your_instagram_activity/story_interactions/avatar_story_reactions.json,No,11/11/2025,your_instagram_activity/story_interactions/avatar_story_reactions.json/story_activities_avatar_quick_reactions/string_list_data/timestamp
1635,story_interactions:emoji_story_reactions:href,Instagram,story_interactions:emoji_story_reactions:href,emoji_story_reactions.json,href,story_activities_emoji_quick_reactions/string_list_data/href,"[""story_activities_emoji_quick_reactions"", ""string_list_data""]","[""href""]",list,string,your_instagram_activity/story_interactions/emoji_story_reactions.json,No,11/11/2025,your_instagram_activity/story_interactions/emoji_story_reactions.json/story_activities_emoji_quick_reactions/string_list_data/href
1636,story_interactions:emoji_story_reactions:value,Instagram,story_interactions:emoji_story_reactions:value,emoji_story_reactions.json,value,story_activities_emoji_quick_reactions/string_list_data/value,"[""story_activities_emoji_quick_reactions"", ""string_list_data""]","[""value""]",list,string,your_instagram_activity/story_interactions/emoji_story_reactions.json,No,11/11/2025,your_instagram_activity/story_interactions/emoji_story_reactions.json/story_activities_emoji_quick_reactions/string_list_data/value
1637,story_interactions:emoji_story_reactions:timestamp,Instagram,story_interactions:emoji_story_reactions:timestamp,emoji_story_reactions.json,timestamp,story_activities_emoji_quick_reactions/string_list_data/timestamp,"[""story_activities_emoji_quick_reactions"", ""string_list_data""]","[""timestamp""]",list,number,your_instagram_activity/story_interactions/emoji_story_reactions.json,No,11/11/2025,your_instagram_activity/story_interactions/emoji_story_reactions.json/story_activities_emoji_quick_reactions/string_list_data/timestamp
1638,past_instagram_insights:content_interactions:Post Shares:href,Instagram,past_instagram_insights:content_interactions:Post Shares:href,content_interactions.json,href,organic_insights_interactions/string_map_data/Post Shares/href,"[""organic_insights_interactions""]","[""string_map_data"", ""Post Shares"", ""href""]",list,string,logged_information/past_instagram_insights/content_interactions.json,No,11/11/2025,logged_information/past_instagram_insights/content_interactions.json/organic_insights_interactions/string_map_data/Post Shares/href
1639,past_instagram_insights:content_interactions:Post Shares:value,Instagram,past_instagram_insights:content_interactions:Post Shares:value,content_interactions.json,value,organic_insights_interactions/string_map_data/Post Shares/value,"[""organic_insights_interactions""]","[""string_map_data"", ""Post Shares"", ""value""]",list,string,logged_information/past_instagram_insights/content_interactions.json,No,11/11/2025,logged_information/past_instagram_insights/content_interactions.json/organic_insights_interactions/string_map_data/Post Shares/value
1640,past_instagram_insights:content_interactions:Post Shares:timestamp,Instagram,past_instagram_insights:content_interactions:Post Shares:timestamp,content_interactions.json,timestamp,organic_insights_interactions/string_map_data/Post Shares/timestamp,"[""organic_insights_interactions""]","[""string_map_data"", ""Post Shares"", ""timestamp""]",list,number,logged_information/past_instagram_insights/content_interactions.json,No,11/11/2025,logged_information/past_instagram_insights/content_interactions.json/organic_insights_interactions/string_map_data/Post Shares/timestamp
1641,past_instagram_insights:content_interactions:Reels Likes:href,Instagram,past_instagram_insights:content_interactions:Reels Likes:href,content_interactions.json,href,organic_insights_interactions/string_map_data/Reels Likes/href,"[""organic_insights_interactions""]","[""string_map_data"", ""Reels Likes"", ""href""]",list,string,logged_information/past_instagram_insights/content_interactions.json,No,11/11/2025,logged_information/past_instagram_insights/content_interactions.json/organic_insights_interactions/string_map_data/Reels Likes/href
1642,past_instagram_insights:content_interactions:Reels Likes:value,Instagram,past_instagram_insights:content_interactions:Reels Likes:value,content_interactions.json,value,organic_insights_interactions/string_map_data/Reels Likes/value,"[""organic_insights_interactions""]","[""string_map_data"", ""Reels Likes"", ""value""]",list,string,logged_information/past_instagram_insights/content_interactions.json,No,11/11/2025,logged_information/past_instagram_insights/content_interactions.json/organic_insights_interactions/string_map_data/Reels Likes/value
1643,past_instagram_insights:content_interactions:Reels Likes:timestamp,Instagram,past_instagram_insights:content_interactions:Reels Likes:timestamp,content_interactions.json,timestamp,organic_insights_interactions/string_map_data/Reels Likes/timestamp,"[""organic_insights_interactions""]","[""string_map_data"", ""Reels Likes"", ""timestamp""]",list,number,logged_information/past_instagram_insights/content_interactions.json,No,11/11/2025,logged_information/past_instagram_insights/content_interactions.json/organic_insights_interactions/string_map_data/Reels Likes/timestamp
1644,past_instagram_insights:content_interactions:Reels Comments:href,Instagram,past_instagram_insights:content_interactions:Reels Comments:href,content_interactions.json,href,organic_insights_interactions/string_map_data/Reels Comments/href,"[""organic_insights_interactions""]","[""string_map_data"", ""Reels Comments"", ""href""]",list,string,logged_information/past_instagram_insights/content_interactions.json,No,11/11/2025,logged_information/past_instagram_insights/content_interactions.json/organic_insights_interactions/string_map_data/Reels Comments/href
1645,past_instagram_insights:content_interactions:Reels Comments:value,Instagram,past_instagram_insights:content_interactions:Reels Comments:value,content_interactions.json,value,organic_insights_interactions/string_map_data/Reels Comments/value,"[""organic_insights_interactions""]","[""string_map_data"", ""Reels Comments"", ""value""]",list,string,logged_information/past_instagram_insights/content_interactions.json,No,11/11/2025,logged_information/past_instagram_insights/content_interactions.json/organic_insights_interactions/string_map_data/Reels Comments/value
1646,past_instagram_insights:content_interactions:Reels Comments:timestamp,Instagram,past_instagram_insights:content_interactions:Reels Comments:timestamp,content_interactions.json,timestamp,organic_insights_interactions/string_map_data/Reels Comments/timestamp,"[""organic_insights_interactions""]","[""string_map_data"", ""Reels Comments"", ""timestamp""]",list,number,logged_information/past_instagram_insights/content_interactions.json,No,11/11/2025,logged_information/past_instagram_insights/content_interactions.json/organic_insights_interactions/string_map_data/Reels Comments/timestamp
1647,past_instagram_insights:content_interactions:Reels Shares:href,Instagram,past_instagram_insights:content_interactions:Reels Shares:href,content_interactions.json,href,organic_insights_interactions/string_map_data/Reels Shares/href,"[""organic_insights_interactions""]","[""string_map_data"", ""Reels Shares"", ""href""]",list,string,logged_information/past_instagram_insights/content_interactions.json,No,11/11/2025,logged_information/past_instagram_insights/content_interactions.json/organic_insights_interactions/string_map_data/Reels Shares/href
1648,past_instagram_insights:content_interactions:Reels Shares:value,Instagram,past_instagram_insights:content_interactions:Reels Shares:value,content_interactions.json,value,organic_insights_interactions/string_map_data/Reels Shares/value,"[""organic_insights_interactions""]","[""string_map_data"", ""Reels Shares"", ""value""]",list,string,logged_information/past_instagram_insights/content_interactions.json,No,11/11/2025,logged_information/past_instagram_insights/content_interactions.json/organic_insights_interactions/string_map_data/Reels Shares/value
1649,past_instagram_insights:content_interactions:Reels Shares:timestamp,Instagram,past_instagram_insights:content_interactions:Reels Shares:timestamp,content_interactions.json,timestamp,organic_insights_interactions/string_map_data/Reels Shares/timestamp,"[""organic_insights_interactions""]","[""string_map_data"", ""Reels Shares"", ""timestamp""]",list,number,logged_information/past_instagram_insights/content_interactions.json,No,11/11/2025,logged_information/past_instagram_insights/content_interactions.json/organic_insights_interactions/string_map_data/Reels Shares/timestamp
1650,past_instagram_insights:content_interactions:Reels Saves:href,Instagram,past_instagram_insights:content_interactions:Reels Saves:href,content_interactions.json,href,organic_insights_interactions/string_map_data/Reels Saves/href,"[""organic_insights_interactions""]","[""string_map_data"", ""Reels Saves"", ""href""]",list,string,logged_information/past_instagram_insights/content_interactions.json,No,11/11/2025,logged_information/past_instagram_insights/content_interactions.json/organic_insights_interactions/string_map_data/Reels Saves/href
1651,past_instagram_insights:content_interactions:Reels Saves:value,Instagram,past_instagram_insights:content_interactions:Reels Saves:value,content_interactions.json,value,organic_insights_interactions/string_map_data/Reels Saves/value,"[""organic_insights_interactions""]","[""string_map_data"", ""Reels Saves"", ""value""]",list,string,logged_information/past_instagram_insights/content_interactions.json,No,11/11/2025,logged_information/past_instagram_insights/content_interactions.json/organic_insights_interactions/string_map_data/Reels Saves/value
1652,past_instagram_insights:content_interactions:Reels Saves:timestamp,Instagram,past_instagram_insights:content_interactions:Reels Saves:timestamp,content_interactions.json,timestamp,organic_insights_interactions/string_map_data/Reels Saves/timestamp,"[""organic_insights_interactions""]","[""string_map_data"", ""Reels Saves"", ""timestamp""]",list,number,logged_information/past_instagram_insights/content_interactions.json,No,11/11/2025,logged_information/past_instagram_insights/content_interactions.json/organic_insights_interactions/string_map_data/Reels Saves/timestamp
1653,story_interactions:question_media_response:title,Instagram,story_interactions:question_media_response:title,question_media_response.json,title,story_activities_questions_media/title,"[""story_activities_questions_media""]","[""title""]",list,string,your_instagram_activity/story_interactions/question_media_response.json,No,11/11/2025,your_instagram_activity/story_interactions/question_media_response.json/story_activities_questions_media/title
1654,story_interactions:question_media_response:media_list_data,Instagram,story_interactions:question_media_response:media_list_data,question_media_response.json,media_list_data,story_activities_questions_media/media_list_data,"[""story_activities_questions_media""]","[""media_list_data""]",list,array,your_instagram_activity/story_interactions/question_media_response.json,No,11/11/2025,your_instagram_activity/story_interactions/question_media_response.json/story_activities_questions_media/media_list_data
1655,story_interactions:question_media_response:href,Instagram,story_interactions:question_media_response:href,question_media_response.json,href,story_activities_questions_media/string_list_data/href,"[""story_activities_questions_media"", ""string_list_data""]","[""href""]",list,string,your_instagram_activity/story_interactions/question_media_response.json,No,11/11/2025,your_instagram_activity/story_interactions/question_media_response.json/story_activities_questions_media/string_list_data/href
1656,story_interactions:question_media_response:value,Instagram,story_interactions:question_media_response:value,question_media_response.json,value,story_activities_questions_media/string_list_data/value,"[""story_activities_questions_media"", ""string_list_data""]","[""value""]",list,string,your_instagram_activity/story_interactions/question_media_response.json,No,11/11/2025,your_instagram_activity/story_interactions/question_media_response.json/story_activities_questions_media/string_list_data/value
1657,story_interactions:question_media_response:timestamp,Instagram,story_interactions:question_media_response:timestamp,question_media_response.json,timestamp,story_activities_questions_media/string_list_data/timestamp,"[""story_activities_questions_media"", ""string_list_data""]","[""timestamp""]",list,number,your_instagram_activity/story_interactions/question_media_response.json,No,11/11/2025,your_instagram_activity/story_interactions/question_media_response.json/story_activities_questions_media/string_list_data/timestamp
1658,media:other_content:dubbing_info,Instagram,media:other_content:dubbing_info,other_content.json,dubbing_info,ig_other_media/media/dubbing_info,"[""ig_other_media"", ""media""]","[""dubbing_info""]",list,array,your_instagram_activity/media/other_content.json,No,11/11/2025,your_instagram_activity/media/other_content.json/ig_other_media/media/dubbing_info
1659,media:other_content:media_variants,Instagram,media:other_content:media_variants,other_content.json,media_variants,ig_other_media/media/media_variants,"[""ig_other_media"", ""media""]","[""media_variants""]",list,array,your_instagram_activity/media/other_content.json,No,11/11/2025,your_instagram_activity/media/other_content.json/ig_other_media/media/media_variants
1660,istoricul căutărilor:header,Youtube,search-history:header,istoricul căutărilor.json,header,header,[],"[""header""]",list,string,istoric/istoricul căutărilor.json,No,pre-trial,istoric/istoricul căutărilor.json/header
1661,istoricul căutărilor:title,Youtube,search-history:title,istoricul căutărilor.json,title,title,[],"[""title""]",list,string,istoric/istoricul căutărilor.json,No,pre-trial,istoric/istoricul căutărilor.json/title
1662,istoricul căutărilor:titleUrl,Youtube,search-history:titleUrl,istoricul căutărilor.json,titleUrl,titleUrl,[],"[""titleUrl""]",list,string,istoric/istoricul căutărilor.json,No,pre-trial,istoric/istoricul căutărilor.json/titleUrl
1663,istoricul căutărilor:description,Youtube,search-history:description,istoricul căutărilor.json,description,description,[],"[""description""]",list,string,istoric/istoricul căutărilor.json,No,pre-trial,istoric/istoricul căutărilor.json/description
1664,istoricul căutărilor:time,Youtube,search-history:time,istoricul căutărilor.json,time,time,[],"[""time""]",list,string,istoric/istoricul căutărilor.json,No,pre-trial,istoric/istoricul căutărilor.json/time
1665,istoricul căutărilor:products,Youtube,search-history:products,istoricul căutărilor.json,products,products,[],"[""products""]",list,string,istoric/istoricul căutărilor.json,No,pre-trial,istoric/istoricul căutărilor.json/products
1666,istoricul căutărilor:activityControls,Youtube,search-history:activityControls,istoricul căutărilor.json,activityControls,activityControls,[],"[""activityControls""]",list,string,istoric/istoricul căutărilor.json,No,pre-trial,istoric/istoricul căutărilor.json/activityControls
1667,istoricul-vizionărilor:header,Youtube,watch-history:header,istoricul-vizionărilor.json,header,header,[],"[""header""]",list,string,istoric/istoricul-vizionărilor.json,No,pre-trial,istoric/istoricul-vizionărilor.json/header
1668,istoricul-vizionărilor:title,Youtube,watch-history:title,istoricul-vizionărilor.json,title,title,[],"[""title""]",list,string,istoric/istoricul-vizionărilor.json,No,pre-trial,istoric/istoricul-vizionărilor.json/title
1669,istoricul-vizionărilor:titleUrl,Youtube,watch-history:titleUrl,istoricul-vizionărilor.json,titleUrl,titleUrl,[],"[""titleUrl""]",list,string,istoric/istoricul-vizionărilor.json,No,pre-trial,istoric/istoricul-vizionărilor.json/titleUrl
1670,istoricul-vizionărilor:time,Youtube,watch-history:time,istoricul-vizionărilor.json,time,time,[],"[""time""]",list,string,istoric/istoricul-vizionărilor.json,No,pre-trial,istoric/istoricul-vizionărilor.json/time
1671,istoricul-vizionărilor:products,Youtube,watch-history:products,istoricul-vizionărilor.json,products,products,[],"[""products""]",list,string,istoric/istoricul-vizionărilor.json,No,pre-trial,istoric/istoricul-vizionărilor.json/products
1672,istoricul-vizionărilor:activityControls,Youtube,watch-history:activityControls,istoricul-vizionărilor.json,activityControls,activityControls,[],"[""activityControls""]",list,string,istoric/istoricul-vizionărilor.json,No,pre-trial,istoric/istoricul-vizionărilor.json/activityControls
1673,istoricul căutărilor:name,Youtube,search-history:name,istoricul căutărilor.json,name,details/name,"[""details""]","[""name""]",list,string,istoric/istoricul căutărilor.json,No,pre-trial,istoric/istoricul căutărilor.json/details/name
1674,istoricul-vizionărilor:name,Youtube,watch-history:subtitles:name,istoricul-vizionărilor.json,name,subtitles/name,"[""subtitles""]","[""name""]",list,string,istoric/istoricul-vizionărilor.json,No,pre-trial,istoric/istoricul-vizionărilor.json/subtitles/name
1675,istoricul-vizionărilor:url,Youtube,watch-history:subtitles:url,istoricul-vizionărilor.json,url,subtitles/url,"[""subtitles""]","[""url""]",list,string,istoric/istoricul-vizionărilor.json,No,pre-trial,istoric/istoricul-vizionărilor.json/subtitles/url
1676,kijkgeschiedenis:header,Youtube,watch-history:header,kijkgeschiedenis.json,header,header,[],"[""header""]",list,string,geschiedenis/kijkgeschiedenis.json,No,pre-trial,geschiedenis/kijkgeschiedenis.json/header
1677,kijkgeschiedenis:title,Youtube,watch-history:title,kijkgeschiedenis.json,title,title,[],"[""title""]",list,string,geschiedenis/kijkgeschiedenis.json,No,pre-trial,geschiedenis/kijkgeschiedenis.json/title
1678,kijkgeschiedenis:titleUrl,Youtube,watch-history:titleUrl,kijkgeschiedenis.json,titleUrl,titleUrl,[],"[""titleUrl""]",list,string,geschiedenis/kijkgeschiedenis.json,No,pre-trial,geschiedenis/kijkgeschiedenis.json/titleUrl
1679,kijkgeschiedenis:time,Youtube,watch-history:time,kijkgeschiedenis.json,time,time,[],"[""time""]",list,string,geschiedenis/kijkgeschiedenis.json,No,pre-trial,geschiedenis/kijkgeschiedenis.json/time
1680,kijkgeschiedenis:products,Youtube,watch-history:products,kijkgeschiedenis.json,products,products,[],"[""products""]",list,string,geschiedenis/kijkgeschiedenis.json,No,pre-trial,geschiedenis/kijkgeschiedenis.json/products
1681,kijkgeschiedenis:activityControls,Youtube,watch-history:activityControls,kijkgeschiedenis.json,activityControls,activityControls,[],"[""activityControls""]",list,string,geschiedenis/kijkgeschiedenis.json,No,pre-trial,geschiedenis/kijkgeschiedenis.json/activityControls
1682,zoekgeschiedenis:header,Youtube,search-history:header,zoekgeschiedenis.json,header,header,[],"[""header""]",list,string,geschiedenis/zoekgeschiedenis.json,No,pre-trial,geschiedenis/zoekgeschiedenis.json/header
1683,zoekgeschiedenis:title,Youtube,search-history:title,zoekgeschiedenis.json,title,title,[],"[""title""]",list,string,geschiedenis/zoekgeschiedenis.json,No,pre-trial,geschiedenis/zoekgeschiedenis.json/title
1684,zoekgeschiedenis:titleUrl,Youtube,search-history:titleUrl,zoekgeschiedenis.json,titleUrl,titleUrl,[],"[""titleUrl""]",list,string,geschiedenis/zoekgeschiedenis.json,No,pre-trial,geschiedenis/zoekgeschiedenis.json/titleUrl
1685,zoekgeschiedenis:time,Youtube,search-history:time,zoekgeschiedenis.json,time,time,[],"[""time""]",list,string,geschiedenis/zoekgeschiedenis.json,No,pre-trial,geschiedenis/zoekgeschiedenis.json/time
1686,zoekgeschiedenis:products,Youtube,search-history:products,zoekgeschiedenis.json,products,products,[],"[""products""]",list,string,geschiedenis/zoekgeschiedenis.json,No,pre-trial,geschiedenis/zoekgeschiedenis.json/products
1687,zoekgeschiedenis:activityControls,Youtube,search-history:activityControls,zoekgeschiedenis.json,activityControls,activityControls,[],"[""activityControls""]",list,string,geschiedenis/zoekgeschiedenis.json,No,pre-trial,geschiedenis/zoekgeschiedenis.json/activityControls
1688,kijkgeschiedenis:name,Youtube,watch-history:subtitles:name,kijkgeschiedenis.json,name,subtitles/name,"[""subtitles""]","[""name""]",list,string,geschiedenis/kijkgeschiedenis.json,No,pre-trial,geschiedenis/kijkgeschiedenis.json/subtitles/name
1689,kijkgeschiedenis:url,Youtube,watch-history:subtitles:url,kijkgeschiedenis.json,url,subtitles/url,"[""subtitles""]","[""url""]",list,string,geschiedenis/kijkgeschiedenis.json,No,pre-trial,geschiedenis/kijkgeschiedenis.json/subtitles/url
1690,watch-history:header,Youtube,watch-history:header,watch-history.json,header,header,[],"[""header""]",list,string,youtube_takeout/history/watch-history.json,Yes,pre-trial,youtube_takeout/history/watch-history.json/header
1691,watch-history:title,Youtube,watch-history:title,watch-history.json,title,title,[],"[""title""]",list,string,youtube_takeout/history/watch-history.json,Yes,pre-trial,youtube_takeout/history/watch-history.json/title
1692,watch-history:time,Youtube,watch-history:time,watch-history.json,time,time,[],"[""time""]",list,string,youtube_takeout/history/watch-history.json,Yes,pre-trial,youtube_takeout/history/watch-history.json/time
1693,watch-history:products,Youtube,watch-history:products,watch-history.json,products,products,[],"[""products""]",list,string,youtube_takeout/history/watch-history.json,Yes,pre-trial,youtube_takeout/history/watch-history.json/products
1694,watch-history:activityControls,Youtube,watch-history:activityControls,watch-history.json,activityControls,activityControls,[],"[""activityControls""]",list,string,youtube_takeout/history/watch-history.json,Yes,pre-trial,youtube_takeout/history/watch-history.json/activityControls
1695,search-history:header,Youtube,search-history:header,search-history.json,header,header,[],"[""header""]",list,string,youtube_takeout/history/search-history.json,Yes,pre-trial,youtube_takeout/history/search-history.json/header
1696,search-history:title,Youtube,search-history:title,search-history.json,title,title,[],"[""title""]",list,string,youtube_takeout/history/search-history.json,Yes,pre-trial,youtube_takeout/history/search-history.json/title
1697,search-history:titleUrl,Youtube,search-history:titleUrl,search-history.json,titleUrl,titleUrl,[],"[""titleUrl""]",list,string,youtube_takeout/history/search-history.json,Yes,pre-trial,youtube_takeout/history/search-history.json/titleUrl
1698,search-history:time,Youtube,search-history:time,search-history.json,time,time,[],"[""time""]",list,string,youtube_takeout/history/search-history.json,Yes,pre-trial,youtube_takeout/history/search-history.json/time
1699,search-history:products,Youtube,search-history:products,search-history.json,products,products,[],"[""products""]",list,string,youtube_takeout/history/search-history.json,Yes,pre-trial,youtube_takeout/history/search-history.json/products
1700,search-history:activityControls,Youtube,search-history:activityControls,search-history.json,activityControls,activityControls,[],"[""activityControls""]",list,string,youtube_takeout/history/search-history.json,Yes,pre-trial,youtube_takeout/history/search-history.json/activityControls
1701,watch-history:details:name,Youtube,watch-history:details:name,watch-history.json,name,details/name,"[""details""]","[""name""]",list,string,youtube_takeout/history/watch-history.json,Yes,pre-trial,youtube_takeout/history/watch-history.json/details/name
1702,historial-de-búsqueda:header,Youtube,search-history:header,historial-de-búsqueda.json,header,header,[],"[""header""]",list,string,historial/historial-de-búsqueda.json,No,pre-trial,historial/historial-de-búsqueda.json/header
1703,historial-de-búsqueda:title,Youtube,search-history:title,historial-de-búsqueda.json,title,title,[],"[""title""]",list,string,historial/historial-de-búsqueda.json,No,pre-trial,historial/historial-de-búsqueda.json/title
1704,historial-de-búsqueda:titleUrl,Youtube,search-history:titleUrl,historial-de-búsqueda.json,titleUrl,titleUrl,[],"[""titleUrl""]",list,string,historial/historial-de-búsqueda.json,No,pre-trial,historial/historial-de-búsqueda.json/titleUrl
1705,historial-de-búsqueda:description,Youtube,search-history:description,historial-de-búsqueda.json,description,description,[],"[""description""]",list,string,historial/historial-de-búsqueda.json,No,pre-trial,historial/historial-de-búsqueda.json/description
1706,historial-de-búsqueda:time,Youtube,search-history:time,historial-de-búsqueda.json,time,time,[],"[""time""]",list,string,historial/historial-de-búsqueda.json,No,pre-trial,historial/historial-de-búsqueda.json/time
1707,historial-de-búsqueda:products,Youtube,search-history:products,historial-de-búsqueda.json,products,products,[],"[""products""]",list,string,historial/historial-de-búsqueda.json,No,pre-trial,historial/historial-de-búsqueda.json/products
1708,historial-de-búsqueda:activityControls,Youtube,search-history:activityControls,historial-de-búsqueda.json,activityControls,activityControls,[],"[""activityControls""]",list,string,historial/historial-de-búsqueda.json,No,pre-trial,historial/historial-de-búsqueda.json/activityControls
1709,historial-de-reproducciones:header,Youtube,watch-history:header,historial-de-reproducciones.json,header,header,[],"[""header""]",list,string,historial/historial-de-reproducciones.json,No,pre-trial,historial/historial-de-reproducciones.json/header
1710,historial-de-reproducciones:title,Youtube,watch-history:title,historial-de-reproducciones.json,title,title,[],"[""title""]",list,string,historial/historial-de-reproducciones.json,No,pre-trial,historial/historial-de-reproducciones.json/title
1711,historial-de-reproducciones:titleUrl,Youtube,watch-history:titleUrl,historial-de-reproducciones.json,titleUrl,titleUrl,[],"[""titleUrl""]",list,string,historial/historial-de-reproducciones.json,No,pre-trial,historial/historial-de-reproducciones.json/titleUrl
1712,historial-de-reproducciones:time,Youtube,watch-history:time,historial-de-reproducciones.json,time,time,[],"[""time""]",list,string,historial/historial-de-reproducciones.json,No,pre-trial,historial/historial-de-reproducciones.json/time
1713,historial-de-reproducciones:products,Youtube,watch-history:products,historial-de-reproducciones.json,products,products,[],"[""products""]",list,string,historial/historial-de-reproducciones.json,No,pre-trial,historial/historial-de-reproducciones.json/products
1714,historial-de-reproducciones:activityControls,Youtube,watch-history:activityControls,historial-de-reproducciones.json,activityControls,activityControls,[],"[""activityControls""]",list,string,historial/historial-de-reproducciones.json,No,pre-trial,historial/historial-de-reproducciones.json/activityControls
1715,historial-de-búsqueda:name,Youtube,search-history:name,historial-de-búsqueda.json,name,details/name,"[""details""]","[""name""]",list,string,historial/historial-de-búsqueda.json,No,pre-trial,historial/historial-de-búsqueda.json/details/name
1716,historial-de-reproducciones:subtitles:name,Youtube,watch-history:subtitles:name,historial-de-reproducciones.json,name,subtitles/name,"[""subtitles""]","[""name""]",list,string,historial/historial-de-reproducciones.json,No,pre-trial,historial/historial-de-reproducciones.json/subtitles/name
1717,historial-de-reproducciones:url,Youtube,watch-history:url,historial-de-reproducciones.json,url,subtitles/url,"[""subtitles""]","[""url""]",list,string,historial/historial-de-reproducciones.json,No,pre-trial,historial/historial-de-reproducciones.json/subtitles/url
1718,istoricul căutărilor:header,Youtube,search-history:header,istoricul căutărilor.json,header,header,[],"[""header""]",list,string,istoric/istoricul căutărilor.json,No,pre-trial,istoric/istoricul căutărilor.json/header
1719,istoricul căutărilor:title,Youtube,search-history:title,istoricul căutărilor.json,title,title,[],"[""title""]",list,string,istoric/istoricul căutărilor.json,No,pre-trial,istoric/istoricul căutărilor.json/title
1720,istoricul căutărilor:titleUrl,Youtube,search-history:titleUrl,istoricul căutărilor.json,titleUrl,titleUrl,[],"[""titleUrl""]",list,string,istoric/istoricul căutărilor.json,No,pre-trial,istoric/istoricul căutărilor.json/titleUrl
1721,istoricul căutărilor:time,Youtube,search-history:time,istoricul căutărilor.json,time,time,[],"[""time""]",list,string,istoric/istoricul căutărilor.json,No,pre-trial,istoric/istoricul căutărilor.json/time
1722,istoricul căutărilor:products,Youtube,search-history:products,istoricul căutărilor.json,products,products,[],"[""products""]",list,string,istoric/istoricul căutărilor.json,No,pre-trial,istoric/istoricul căutărilor.json/products
1723,istoricul căutărilor:activityControls,Youtube,search-history:activityControls,istoricul căutărilor.json,activityControls,activityControls,[],"[""activityControls""]",list,string,istoric/istoricul căutărilor.json,No,pre-trial,istoric/istoricul căutărilor.json/activityControls
1724,istoricul-vizionărilor:header,Youtube,watch-history:header,istoricul-vizionărilor.json,header,header,[],"[""header""]",list,string,istoric/istoricul-vizionărilor.json,No,pre-trial,istoric/istoricul-vizionărilor.json/header
1725,istoricul-vizionărilor:title,Youtube,watch-history:title,istoricul-vizionărilor.json,title,title,[],"[""title""]",list,string,istoric/istoricul-vizionărilor.json,No,pre-trial,istoric/istoricul-vizionărilor.json/title
1726,istoricul-vizionărilor:titleUrl,Youtube,watch-history:titleUrl,istoricul-vizionărilor.json,titleUrl,titleUrl,[],"[""titleUrl""]",list,string,istoric/istoricul-vizionărilor.json,No,pre-trial,istoric/istoricul-vizionărilor.json/titleUrl
1727,istoricul-vizionărilor:time,Youtube,watch-history:time,istoricul-vizionărilor.json,time,time,[],"[""time""]",list,string,istoric/istoricul-vizionărilor.json,No,pre-trial,istoric/istoricul-vizionărilor.json/time
1728,istoricul-vizionărilor:products,Youtube,watch-history:products,istoricul-vizionărilor.json,products,products,[],"[""products""]",list,string,istoric/istoricul-vizionărilor.json,No,pre-trial,istoric/istoricul-vizionărilor.json/products
1729,istoricul-vizionărilor:activityControls,Youtube,watch-history:activityControls,istoricul-vizionărilor.json,activityControls,activityControls,[],"[""activityControls""]",list,string,istoric/istoricul-vizionărilor.json,No,pre-trial,istoric/istoricul-vizionărilor.json/activityControls
1730,istoricul-vizionărilor:name,Youtube,watch-history:subtitles:name,istoricul-vizionărilor.json,name,subtitles/name,"[""subtitles""]","[""name""]",list,string,istoric/istoricul-vizionărilor.json,No,pre-trial,istoric/istoricul-vizionărilor.json/subtitles/name
1731,istoricul-vizionărilor:url,Youtube,watch-history:subtitles:url,istoricul-vizionărilor.json,url,subtitles/url,"[""subtitles""]","[""url""]",list,string,istoric/istoricul-vizionărilor.json,No,pre-trial,istoric/istoricul-vizionărilor.json/subtitles/url
1732,search-history:header,Youtube,search-history:header,search-history.json,header,header,[],"[""header""]",list,string,history/search-history.json,Yes,pre-trial,history/search-history.json/header
1733,search-history:title,Youtube,search-history:title,search-history.json,title,title,[],"[""title""]",list,string,history/search-history.json,Yes,pre-trial,history/search-history.json/title
1734,search-history:titleUrl,Youtube,search-history:titleUrl,search-history.json,titleUrl,titleUrl,[],"[""titleUrl""]",list,string,history/search-history.json,Yes,pre-trial,history/search-history.json/titleUrl
1735,search-history:description,Youtube,search-history:description,search-history.json,description,description,[],"[""description""]",list,string,history/search-history.json,No,pre-trial,history/search-history.json/description
1736,search-history:time,Youtube,search-history:time,search-history.json,time,time,[],"[""time""]",list,string,history/search-history.json,Yes,pre-trial,history/search-history.json/time
1737,search-history:products,Youtube,search-history:products,search-history.json,products,products,[],"[""products""]",list,string,history/search-history.json,Yes,pre-trial,history/search-history.json/products
1738,search-history:activityControls,Youtube,search-history:activityControls,search-history.json,activityControls,activityControls,[],"[""activityControls""]",list,string,history/search-history.json,Yes,pre-trial,history/search-history.json/activityControls
1739,watch-history:header,Youtube,watch-history:header,watch-history.json,header,header,[],"[""header""]",list,string,history/watch-history.json,Yes,pre-trial,history/watch-history.json/header
1740,watch-history:title,Youtube,watch-history:title,watch-history.json,title,title,[],"[""title""]",list,string,history/watch-history.json,Yes,pre-trial,history/watch-history.json/title
1741,watch-history:titleUrl,Youtube,watch-history:titleUrl,watch-history.json,titleUrl,titleUrl,[],"[""titleUrl""]",list,string,history/watch-history.json,No,pre-trial,history/watch-history.json/titleUrl
1742,watch-history:time,Youtube,watch-history:time,watch-history.json,time,time,[],"[""time""]",list,string,history/watch-history.json,Yes,pre-trial,history/watch-history.json/time
1743,watch-history:products,Youtube,watch-history:products,watch-history.json,products,products,[],"[""products""]",list,string,history/watch-history.json,Yes,pre-trial,history/watch-history.json/products
1744,watch-history:activityControls,Youtube,watch-history:activityControls,watch-history.json,activityControls,activityControls,[],"[""activityControls""]",list,string,history/watch-history.json,Yes,pre-trial,history/watch-history.json/activityControls
1745,search-history:name,Youtube,search-history:name,search-history.json,name,details/name,"[""details""]","[""name""]",list,string,history/search-history.json,No,pre-trial,history/search-history.json/details/name
1746,watch-history:subtitles:name,Youtube,watch-history:subtitles:name,watch-history.json,name,subtitles/name,"[""subtitles""]","[""name""]",list,string,history/watch-history.json,No,pre-trial,history/watch-history.json/subtitles/name
1747,watch-history:url,Youtube,watch-history:url,watch-history.json,url,subtitles/url,"[""subtitles""]","[""url""]",list,string,history/watch-history.json,No,pre-trial,history/watch-history.json/subtitles/url
1748,paieškos istorija:header,Youtube,search-history:header,paieškos istorija.json,header,header,[],"[""header""]",list,string,istorija/paieškos istorija.json,No,pre-trial,istorija/paieškos istorija.json/header
1749,paieškos istorija:title,Youtube,search-history:title,paieškos istorija.json,title,title,[],"[""title""]",list,string,istorija/paieškos istorija.json,No,pre-trial,istorija/paieškos istorija.json/title
1750,paieškos istorija:titleUrl,Youtube,search-history:titleUrl,paieškos istorija.json,titleUrl,titleUrl,[],"[""titleUrl""]",list,string,istorija/paieškos istorija.json,No,pre-trial,istorija/paieškos istorija.json/titleUrl
1751,paieškos istorija:time,Youtube,search-history:time,paieškos istorija.json,time,time,[],"[""time""]",list,string,istorija/paieškos istorija.json,No,pre-trial,istorija/paieškos istorija.json/time
1752,paieškos istorija:products,Youtube,search-history:products,paieškos istorija.json,products,products,[],"[""products""]",list,string,istorija/paieškos istorija.json,No,pre-trial,istorija/paieškos istorija.json/products
1753,paieškos istorija:activityControls,Youtube,search-history:activityControls,paieškos istorija.json,activityControls,activityControls,[],"[""activityControls""]",list,string,istorija/paieškos istorija.json,No,pre-trial,istorija/paieškos istorija.json/activityControls
1754,žiūrėjimo istorija:header,Youtube,watch-history:header,žiūrėjimo istorija.json,header,header,[],"[""header""]",list,string,istorija/žiūrėjimo istorija.json,No,pre-trial,istorija/žiūrėjimo istorija.json/header
1755,žiūrėjimo istorija:title,Youtube,watch-history:title,žiūrėjimo istorija.json,title,title,[],"[""title""]",list,string,istorija/žiūrėjimo istorija.json,No,pre-trial,istorija/žiūrėjimo istorija.json/title
1756,žiūrėjimo istorija:titleUrl,Youtube,watch-history:titleUrl,žiūrėjimo istorija.json,titleUrl,titleUrl,[],"[""titleUrl""]",list,string,istorija/žiūrėjimo istorija.json,No,pre-trial,istorija/žiūrėjimo istorija.json/titleUrl
1757,žiūrėjimo istorija:time,Youtube,watch-history:time,žiūrėjimo istorija.json,time,time,[],"[""time""]",list,string,istorija/žiūrėjimo istorija.json,No,pre-trial,istorija/žiūrėjimo istorija.json/time
1758,žiūrėjimo istorija:products,Youtube,watch-history:products,žiūrėjimo istorija.json,products,products,[],"[""products""]",list,string,istorija/žiūrėjimo istorija.json,No,pre-trial,istorija/žiūrėjimo istorija.json/products
1759,žiūrėjimo istorija:activityControls,Youtube,watch-history:activityControls,žiūrėjimo istorija.json,activityControls,activityControls,[],"[""activityControls""]",list,string,istorija/žiūrėjimo istorija.json,No,pre-trial,istorija/žiūrėjimo istorija.json/activityControls
1760,žiūrėjimo istorija:name,Youtube,watch-history:subtitles:name,žiūrėjimo istorija.json,name,subtitles/name,"[""subtitles""]","[""name""]",list,string,istorija/žiūrėjimo istorija.json,No,pre-trial,istorija/žiūrėjimo istorija.json/subtitles/name
1761,žiūrėjimo istorija:url,Youtube,watch-history:subtitles:url,žiūrėjimo istorija.json,url,subtitles/url,"[""subtitles""]","[""url""]",list,string,istorija/žiūrėjimo istorija.json,No,pre-trial,istorija/žiūrėjimo istorija.json/subtitles/url
1762,paieškos istorija:header,Youtube,search-history:header,paieškos istorija.json,header,header,[],"[""header""]",list,string,istorija/paieškos istorija.json,No,pre-trial,istorija/paieškos istorija.json/header
1763,paieškos istorija:title,Youtube,search-history:title,paieškos istorija.json,title,title,[],"[""title""]",list,string,istorija/paieškos istorija.json,No,pre-trial,istorija/paieškos istorija.json/title
1764,paieškos istorija:titleUrl,Youtube,search-history:titleUrl,paieškos istorija.json,titleUrl,titleUrl,[],"[""titleUrl""]",list,string,istorija/paieškos istorija.json,No,pre-trial,istorija/paieškos istorija.json/titleUrl
1765,paieškos istorija:description,Youtube,search-history:description,paieškos istorija.json,description,description,[],"[""description""]",list,string,istorija/paieškos istorija.json,No,pre-trial,istorija/paieškos istorija.json/description
1766,paieškos istorija:time,Youtube,search-history:time,paieškos istorija.json,time,time,[],"[""time""]",list,string,istorija/paieškos istorija.json,No,pre-trial,istorija/paieškos istorija.json/time
1767,paieškos istorija:products,Youtube,search-history:products,paieškos istorija.json,products,products,[],"[""products""]",list,string,istorija/paieškos istorija.json,No,pre-trial,istorija/paieškos istorija.json/products
1768,paieškos istorija:activityControls,Youtube,search-history:activityControls,paieškos istorija.json,activityControls,activityControls,[],"[""activityControls""]",list,string,istorija/paieškos istorija.json,No,pre-trial,istorija/paieškos istorija.json/activityControls
1769,žiūrėjimo istorija:header,Youtube,watch-history:header,žiūrėjimo istorija.json,header,header,[],"[""header""]",list,string,istorija/žiūrėjimo istorija.json,No,pre-trial,istorija/žiūrėjimo istorija.json/header
1770,žiūrėjimo istorija:title,Youtube,watch-history:title,žiūrėjimo istorija.json,title,title,[],"[""title""]",list,string,istorija/žiūrėjimo istorija.json,No,pre-trial,istorija/žiūrėjimo istorija.json/title
1771,žiūrėjimo istorija:titleUrl,Youtube,watch-history:titleUrl,žiūrėjimo istorija.json,titleUrl,titleUrl,[],"[""titleUrl""]",list,string,istorija/žiūrėjimo istorija.json,No,pre-trial,istorija/žiūrėjimo istorija.json/titleUrl
1772,žiūrėjimo istorija:description,Youtube,watch-history:description,žiūrėjimo istorija.json,description,description,[],"[""description""]",list,string,istorija/žiūrėjimo istorija.json,No,pre-trial,istorija/žiūrėjimo istorija.json/description
1773,žiūrėjimo istorija:time,Youtube,watch-history:time,žiūrėjimo istorija.json,time,time,[],"[""time""]",list,string,istorija/žiūrėjimo istorija.json,No,pre-trial,istorija/žiūrėjimo istorija.json/time
1774,žiūrėjimo istorija:products,Youtube,watch-history:products,žiūrėjimo istorija.json,products,products,[],"[""products""]",list,string,istorija/žiūrėjimo istorija.json,No,pre-trial,istorija/žiūrėjimo istorija.json/products
1775,žiūrėjimo istorija:activityControls,Youtube,watch-history:activityControls,žiūrėjimo istorija.json,activityControls,activityControls,[],"[""activityControls""]",list,string,istorija/žiūrėjimo istorija.json,No,pre-trial,istorija/žiūrėjimo istorija.json/activityControls
1776,paieškos istorija:name,Youtube,search-history:name,paieškos istorija.json,name,details/name,"[""details""]","[""name""]",list,string,istorija/paieškos istorija.json,No,pre-trial,istorija/paieškos istorija.json/details/name
1777,žiūrėjimo istorija:name,Youtube,watch-history:details:name,žiūrėjimo istorija.json,name,details/name,"[""details""]","[""name""]",list,string,istorija/žiūrėjimo istorija.json,No,pre-trial,istorija/žiūrėjimo istorija.json/details/name
1778,historial-de-búsqueda:header,Youtube,search-history:header,historial-de-búsqueda.json,header,header,[],"[""header""]",list,string,historial/historial-de-búsqueda.json,No,pre-trial,historial/historial-de-búsqueda.json/header
1779,historial-de-búsqueda:title,Youtube,search-history:title,historial-de-búsqueda.json,title,title,[],"[""title""]",list,string,historial/historial-de-búsqueda.json,No,pre-trial,historial/historial-de-búsqueda.json/title
1780,historial-de-búsqueda:titleUrl,Youtube,search-history:titleUrl,historial-de-búsqueda.json,titleUrl,titleUrl,[],"[""titleUrl""]",list,string,historial/historial-de-búsqueda.json,No,pre-trial,historial/historial-de-búsqueda.json/titleUrl
1781,historial-de-búsqueda:time,Youtube,search-history:time,historial-de-búsqueda.json,time,time,[],"[""time""]",list,string,historial/historial-de-búsqueda.json,No,pre-trial,historial/historial-de-búsqueda.json/time
1782,historial-de-búsqueda:products,Youtube,search-history:products,historial-de-búsqueda.json,products,products,[],"[""products""]",list,string,historial/historial-de-búsqueda.json,No,pre-trial,historial/historial-de-búsqueda.json/products
1783,historial-de-búsqueda:activityControls,Youtube,search-history:activityControls,historial-de-búsqueda.json,activityControls,activityControls,[],"[""activityControls""]",list,string,historial/historial-de-búsqueda.json,No,pre-trial,historial/historial-de-búsqueda.json/activityControls
1784,historial-de-reproducciones:details:name,Youtube,watch-history:details:name,historial-de-reproducciones.json,name,details/name,"[""details""]","[""name""]",list,string,historial/historial-de-reproducciones.json,No,pre-trial,historial/historial-de-reproducciones.json/details/name
1785,watch-history:details:name,Youtube,watch-history:details:name,watch-history.json,name,details/name,"[""details""]","[""name""]",list,string,history/watch-history.json,Yes,pre-trial,history/watch-history.json/details/name
1786,zoekgeschiedenis:description,Youtube,search-history:description,zoekgeschiedenis.json,description,description,[],"[""description""]",list,string,geschiedenis/zoekgeschiedenis.json,No,pre-trial,geschiedenis/zoekgeschiedenis.json/description
1787,zoekgeschiedenis:name,Youtube,search-history:name,zoekgeschiedenis.json,name,details/name,"[""details""]","[""name""]",list,string,geschiedenis/zoekgeschiedenis.json,No,pre-trial,geschiedenis/zoekgeschiedenis.json/details/name
1788,historial de cerques:header,Youtube,search-history:header,historial de cerques.json,header,header,[],"[""header""]",list,string,Takeout/YouTube i YouTube Music/historial/historial de cerques.json,No,,Takeout/YouTube i YouTube Music/historial/historial de cerques.json/header
1789,historial de cerques:title,Youtube,search-history:title,historial de cerques.json,title,title,[],"[""title""]",list,string,Takeout/YouTube i YouTube Music/historial/historial de cerques.json,No,,Takeout/YouTube i YouTube Music/historial/historial de cerques.json/title
1790,historial de cerques:titleUrl,Youtube,search-history:titleUrl,historial de cerques.json,titleUrl,titleUrl,[],"[""titleUrl""]",list,string,Takeout/YouTube i YouTube Music/historial/historial de cerques.json,No,,Takeout/YouTube i YouTube Music/historial/historial de cerques.json/titleUrl
1791,historial de cerques:description,Youtube,search-history:description,historial de cerques.json,description,description,[],"[""description""]",list,string,Takeout/YouTube i YouTube Music/historial/historial de cerques.json,No,,Takeout/YouTube i YouTube Music/historial/historial de cerques.json/description
1792,historial de cerques:time,Youtube,search-history:time,historial de cerques.json,time,time,[],"[""time""]",list,string,Takeout/YouTube i YouTube Music/historial/historial de cerques.json,No,,Takeout/YouTube i YouTube Music/historial/historial de cerques.json/time
1793,historial de cerques:products,Youtube,search-history:products,historial de cerques.json,products,products,[],"[""products""]",list,string,Takeout/YouTube i YouTube Music/historial/historial de cerques.json,No,,Takeout/YouTube i YouTube Music/historial/historial de cerques.json/products
1794,historial de cerques:activityControls,Youtube,search-history:activityControls,historial de cerques.json,activityControls,activityControls,[],"[""activityControls""]",list,string,Takeout/YouTube i YouTube Music/historial/historial de cerques.json,No,,Takeout/YouTube i YouTube Music/historial/historial de cerques.json/activityControls
1795,historial de visualitzacions:header,Youtube,watch-history:header,historial de visualitzacions.json,header,header,[],"[""header""]",list,string,Takeout/YouTube i YouTube Music/historial/historial de visualitzacions.json,No,,Takeout/YouTube i YouTube Music/historial/historial de visualitzacions.json/header
1796,historial de visualitzacions:title,Youtube,watch-history:title,historial de visualitzacions.json,title,title,[],"[""title""]",list,string,Takeout/YouTube i YouTube Music/historial/historial de visualitzacions.json,No,,Takeout/YouTube i YouTube Music/historial/historial de visualitzacions.json/title
1797,historial de visualitzacions:titleUrl,Youtube,watch-history:titleUrl,historial de visualitzacions.json,titleUrl,titleUrl,[],"[""titleUrl""]",list,string,Takeout/YouTube i YouTube Music/historial/historial de visualitzacions.json,No,,Takeout/YouTube i YouTube Music/historial/historial de visualitzacions.json/titleUrl
1798,historial de visualitzacions:time,Youtube,watch-history:time,historial de visualitzacions.json,time,time,[],"[""time""]",list,string,Takeout/YouTube i YouTube Music/historial/historial de visualitzacions.json,No,,Takeout/YouTube i YouTube Music/historial/historial de visualitzacions.json/time
1799,historial de visualitzacions:products,Youtube,watch-history:products,historial de visualitzacions.json,products,products,[],"[""products""]",list,string,Takeout/YouTube i YouTube Music/historial/historial de visualitzacions.json,No,,Takeout/YouTube i YouTube Music/historial/historial de visualitzacions.json/products
1800,historial de visualitzacions:activityControls,Youtube,watch-history:activityControls,historial de visualitzacions.json,activityControls,activityControls,[],"[""activityControls""]",list,string,Takeout/YouTube i YouTube Music/historial/historial de visualitzacions.json,No,,Takeout/YouTube i YouTube Music/historial/historial de visualitzacions.json/activityControls
1801,historial de cerques:name,Youtube,search-history:name,historial de cerques.json,name,details/name,"[""details""]","[""name""]",list,string,Takeout/YouTube i YouTube Music/historial/historial de cerques.json,No,,Takeout/YouTube i YouTube Music/historial/historial de cerques.json/details/name
1802,historial de visualitzacions:name,Youtube,watch-history:subtitles:name,historial de visualitzacions.json,name,subtitles/name,"[""subtitles""]","[""name""]",list,string,Takeout/YouTube i YouTube Music/historial/historial de visualitzacions.json,No,,Takeout/YouTube i YouTube Music/historial/historial de visualitzacions.json/subtitles/name
1803,historial de visualitzacions:url,Youtube,watch-history:url,historial de visualitzacions.json,url,subtitles/url,"[""subtitles""]","[""url""]",list,string,Takeout/YouTube i YouTube Music/historial/historial de visualitzacions.json,No,,Takeout/YouTube i YouTube Music/historial/historial de visualitzacions.json/subtitles/url
1804,historial-de-búsqueda:header,Youtube,search-history:header,historial-de-búsqueda.json,header,header,[],"[""header""]",list,string,Takeout/YouTube y YouTube Music/historial/historial-de-búsqueda.json,No,,Takeout/YouTube y YouTube Music/historial/historial-de-búsqueda.json/header
1805,historial-de-búsqueda:title,Youtube,search-history:title,historial-de-búsqueda.json,title,title,[],"[""title""]",list,string,Takeout/YouTube y YouTube Music/historial/historial-de-búsqueda.json,No,,Takeout/YouTube y YouTube Music/historial/historial-de-búsqueda.json/title
1806,historial-de-búsqueda:titleUrl,Youtube,search-history:titleUrl,historial-de-búsqueda.json,titleUrl,titleUrl,[],"[""titleUrl""]",list,string,Takeout/YouTube y YouTube Music/historial/historial-de-búsqueda.json,No,,Takeout/YouTube y YouTube Music/historial/historial-de-búsqueda.json/titleUrl
1807,historial-de-búsqueda:description,Youtube,search-history:description,historial-de-búsqueda.json,description,description,[],"[""description""]",list,string,Takeout/YouTube y YouTube Music/historial/historial-de-búsqueda.json,No,,Takeout/YouTube y YouTube Music/historial/historial-de-búsqueda.json/description
1808,historial-de-búsqueda:time,Youtube,search-history:time,historial-de-búsqueda.json,time,time,[],"[""time""]",list,string,Takeout/YouTube y YouTube Music/historial/historial-de-búsqueda.json,No,,Takeout/YouTube y YouTube Music/historial/historial-de-búsqueda.json/time
1809,historial-de-búsqueda:products,Youtube,search-history:products,historial-de-búsqueda.json,products,products,[],"[""products""]",list,string,Takeout/YouTube y YouTube Music/historial/historial-de-búsqueda.json,No,,Takeout/YouTube y YouTube Music/historial/historial-de-búsqueda.json/products
1810,historial-de-búsqueda:activityControls,Youtube,search-history:activityControls,historial-de-búsqueda.json,activityControls,activityControls,[],"[""activityControls""]",list,string,Takeout/YouTube y YouTube Music/historial/historial-de-búsqueda.json,No,,Takeout/YouTube y YouTube Music/historial/historial-de-búsqueda.json/activityControls
1811,historial-de-reproducciones:header,Youtube,watch-history:header,historial-de-reproducciones.json,header,header,[],"[""header""]",list,string,Takeout/YouTube y YouTube Music/historial/historial-de-reproducciones.json,No,,Takeout/YouTube y YouTube Music/historial/historial-de-reproducciones.json/header
1812,historial-de-reproducciones:title,Youtube,watch-history:title,historial-de-reproducciones.json,title,title,[],"[""title""]",list,string,Takeout/YouTube y YouTube Music/historial/historial-de-reproducciones.json,No,,Takeout/YouTube y YouTube Music/historial/historial-de-reproducciones.json/title
1813,historial-de-reproducciones:titleUrl,Youtube,watch-history:titleUrl,historial-de-reproducciones.json,titleUrl,titleUrl,[],"[""titleUrl""]",list,string,Takeout/YouTube y YouTube Music/historial/historial-de-reproducciones.json,No,,Takeout/YouTube y YouTube Music/historial/historial-de-reproducciones.json/titleUrl
1814,historial-de-reproducciones:time,Youtube,watch-history:time,historial-de-reproducciones.json,time,time,[],"[""time""]",list,string,Takeout/YouTube y YouTube Music/historial/historial-de-reproducciones.json,No,,Takeout/YouTube y YouTube Music/historial/historial-de-reproducciones.json/time
1815,historial-de-reproducciones:products,Youtube,watch-history:products,historial-de-reproducciones.json,products,products,[],"[""products""]",list,string,Takeout/YouTube y YouTube Music/historial/historial-de-reproducciones.json,No,,Takeout/YouTube y YouTube Music/historial/historial-de-reproducciones.json/products
1816,historial-de-reproducciones:activityControls,Youtube,watch-history:activityControls,historial-de-reproducciones.json,activityControls,activityControls,[],"[""activityControls""]",list,string,Takeout/YouTube y YouTube Music/historial/historial-de-reproducciones.json,No,,Takeout/YouTube y YouTube Music/historial/historial-de-reproducciones.json/activityControls
1817,historial-de-búsqueda:name,Youtube,search-history:name,historial-de-búsqueda.json,name,details/name,"[""details""]","[""name""]",list,string,Takeout/YouTube y YouTube Music/historial/historial-de-búsqueda.json,No,,Takeout/YouTube y YouTube Music/historial/historial-de-búsqueda.json/details/name
1818,historial-de-reproducciones:subtitles:name,Youtube,watch-history:subtitles:name,historial-de-reproducciones.json,name,subtitles/name,"[""subtitles""]","[""name""]",list,string,Takeout/YouTube y YouTube Music/historial/historial-de-reproducciones.json,No,,Takeout/YouTube y YouTube Music/historial/historial-de-reproducciones.json/subtitles/name
1819,historial-de-reproducciones:url,Youtube,watch-history:url,historial-de-reproducciones.json,url,subtitles/url,"[""subtitles""]","[""url""]",list,string,Takeout/YouTube y YouTube Music/historial/historial-de-reproducciones.json,No,,Takeout/YouTube y YouTube Music/historial/historial-de-reproducciones.json/subtitles/url
1820,search-history:header,Youtube,search-history:header,search-history.json,header,header,[],"[""header""]",list,string,Takeout/YouTube and YouTube Music/history/search-history.json,Yes,,Takeout/YouTube and YouTube Music/history/search-history.json/header
1821,search-history:title,Youtube,search-history:title,search-history.json,title,title,[],"[""title""]",list,string,Takeout/YouTube and YouTube Music/history/search-history.json,Yes,,Takeout/YouTube and YouTube Music/history/search-history.json/title
1822,search-history:titleUrl,Youtube,search-history:titleUrl,search-history.json,titleUrl,titleUrl,[],"[""titleUrl""]",list,string,Takeout/YouTube and YouTube Music/history/search-history.json,Yes,,Takeout/YouTube and YouTube Music/history/search-history.json/titleUrl
1823,search-history:description,Youtube,search-history:description,search-history.json,description,description,[],"[""description""]",list,string,Takeout/YouTube and YouTube Music/history/search-history.json,No,,Takeout/YouTube and YouTube Music/history/search-history.json/description
1824,search-history:time,Youtube,search-history:time,search-history.json,time,time,[],"[""time""]",list,string,Takeout/YouTube and YouTube Music/history/search-history.json,Yes,,Takeout/YouTube and YouTube Music/history/search-history.json/time
1825,search-history:products,Youtube,search-history:products,search-history.json,products,products,[],"[""products""]",list,string,Takeout/YouTube and YouTube Music/history/search-history.json,Yes,,Takeout/YouTube and YouTube Music/history/search-history.json/products
1826,search-history:activityControls,Youtube,search-history:activityControls,search-history.json,activityControls,activityControls,[],"[""activityControls""]",list,string,Takeout/YouTube and YouTube Music/history/search-history.json,Yes,,Takeout/YouTube and YouTube Music/history/search-history.json/activityControls
1827,watch-history:header,Youtube,watch-history:header,watch-history.json,header,header,[],"[""header""]",list,string,Takeout/YouTube and YouTube Music/history/watch-history.json,Yes,,Takeout/YouTube and YouTube Music/history/watch-history.json/header
1828,watch-history:title,Youtube,watch-history:title,watch-history.json,title,title,[],"[""title""]",list,string,Takeout/YouTube and YouTube Music/history/watch-history.json,Yes,,Takeout/YouTube and YouTube Music/history/watch-history.json/title
1829,watch-history:titleUrl,Youtube,watch-history:titleUrl,watch-history.json,titleUrl,titleUrl,[],"[""titleUrl""]",list,string,Takeout/YouTube and YouTube Music/history/watch-history.json,No,,Takeout/YouTube and YouTube Music/history/watch-history.json/titleUrl
1830,watch-history:time,Youtube,watch-history:time,watch-history.json,time,time,[],"[""time""]",list,string,Takeout/YouTube and YouTube Music/history/watch-history.json,Yes,,Takeout/YouTube and YouTube Music/history/watch-history.json/time
1831,watch-history:products,Youtube,watch-history:products,watch-history.json,products,products,[],"[""products""]",list,string,Takeout/YouTube and YouTube Music/history/watch-history.json,Yes,,Takeout/YouTube and YouTube Music/history/watch-history.json/products
1832,watch-history:activityControls,Youtube,watch-history:activityControls,watch-history.json,activityControls,activityControls,[],"[""activityControls""]",list,string,Takeout/YouTube and YouTube Music/history/watch-history.json,Yes,,Takeout/YouTube and YouTube Music/history/watch-history.json/activityControls
1833,search-history:name,Youtube,search-history:name,search-history.json,name,details/name,"[""details""]","[""name""]",list,string,Takeout/YouTube and YouTube Music/history/search-history.json,No,,Takeout/YouTube and YouTube Music/history/search-history.json/details/name
1834,watch-history:subtitles:name,Youtube,watch-history:subtitles:name,watch-history.json,name,subtitles/name,"[""subtitles""]","[""name""]",list,string,Takeout/YouTube and YouTube Music/history/watch-history.json,No,,Takeout/YouTube and YouTube Music/history/watch-history.json/subtitles/name
1835,watch-history:url,Youtube,watch-history:url,watch-history.json,url,subtitles/url,"[""subtitles""]","[""url""]",list,string,Takeout/YouTube and YouTube Music/history/watch-history.json,No,,Takeout/YouTube and YouTube Music/history/watch-history.json/subtitles/url
1836,watch-history:details:name,Youtube,watch-history:details:name,watch-history.json,name,details/name,"[""details""]","[""name""]",list,string,youtube_takeout/history/watch-history.json,No,,youtube_takeout/history/watch-history.json/details/name
1837,historial-de-reproducciones:description,Youtube,watch-history:description,historial-de-reproducciones.json,description,description,[],"[""description""]",list,string,Takeout/YouTube y YouTube Music/historial/historial-de-reproducciones.json,No,,Takeout/YouTube y YouTube Music/historial/historial-de-reproducciones.json/description
1838,historial-de-reproducciones:details:name,Youtube,watch-history:details:name,historial-de-reproducciones.json,name,details/name,"[""details""]","[""name""]",list,string,Takeout/YouTube y YouTube Music/historial/historial-de-reproducciones.json,No,,Takeout/YouTube y YouTube Music/historial/historial-de-reproducciones.json/details/name
1839,historial de búsquedas:header,Youtube,search-history:header,historial de búsquedas.json,header,header,[],"[""header""]",list,string,Takeout/YouTube y YouTube Music/historial de videos/historial de búsquedas.json,No,,Takeout/YouTube y YouTube Music/historial de videos/historial de búsquedas.json/header
1840,historial de búsquedas:title,Youtube,search-history:title,historial de búsquedas.json,title,title,[],"[""title""]",list,string,Takeout/YouTube y YouTube Music/historial de videos/historial de búsquedas.json,No,,Takeout/YouTube y YouTube Music/historial de videos/historial de búsquedas.json/title
1841,historial de búsquedas:titleUrl,Youtube,search-history:titleUrl,historial de búsquedas.json,titleUrl,titleUrl,[],"[""titleUrl""]",list,string,Takeout/YouTube y YouTube Music/historial de videos/historial de búsquedas.json,No,,Takeout/YouTube y YouTube Music/historial de videos/historial de búsquedas.json/titleUrl
1842,historial de búsquedas:time,Youtube,search-history:time,historial de búsquedas.json,time,time,[],"[""time""]",list,string,Takeout/YouTube y YouTube Music/historial de videos/historial de búsquedas.json,No,,Takeout/YouTube y YouTube Music/historial de videos/historial de búsquedas.json/time
1843,historial de búsquedas:products,Youtube,search-history:products,historial de búsquedas.json,products,products,[],"[""products""]",list,string,Takeout/YouTube y YouTube Music/historial de videos/historial de búsquedas.json,No,,Takeout/YouTube y YouTube Music/historial de videos/historial de búsquedas.json/products
1844,historial de búsquedas:activityControls,Youtube,search-history:activityControls,historial de búsquedas.json,activityControls,activityControls,[],"[""activityControls""]",list,string,Takeout/YouTube y YouTube Music/historial de videos/historial de búsquedas.json,No,,Takeout/YouTube y YouTube Music/historial de videos/historial de búsquedas.json/activityControls
1845,historial de reproducciones:header,Youtube,watch-history:header,historial de reproducciones.json,header,header,[],"[""header""]",list,string,Takeout/YouTube y YouTube Music/historial de videos/historial de reproducciones.json,No,,Takeout/YouTube y YouTube Music/historial de videos/historial de reproducciones.json/header
1846,historial de reproducciones:title,Youtube,watch-history:title,historial de reproducciones.json,title,title,[],"[""title""]",list,string,Takeout/YouTube y YouTube Music/historial de videos/historial de reproducciones.json,No,,Takeout/YouTube y YouTube Music/historial de videos/historial de reproducciones.json/title
1847,historial de reproducciones:time,Youtube,watch-history:time,historial de reproducciones.json,time,time,[],"[""time""]",list,string,Takeout/YouTube y YouTube Music/historial de videos/historial de reproducciones.json,No,,Takeout/YouTube y YouTube Music/historial de videos/historial de reproducciones.json/time
1848,historial de reproducciones:products,Youtube,watch-history:products,historial de reproducciones.json,products,products,[],"[""products""]",list,string,Takeout/YouTube y YouTube Music/historial de videos/historial de reproducciones.json,No,,Takeout/YouTube y YouTube Music/historial de videos/historial de reproducciones.json/products
1849,historial de reproducciones:activityControls,Youtube,watch-history:activityControls,historial de reproducciones.json,activityControls,activityControls,[],"[""activityControls""]",list,string,Takeout/YouTube y YouTube Music/historial de videos/historial de reproducciones.json,No,,Takeout/YouTube y YouTube Music/historial de videos/historial de reproducciones.json/activityControls
1850,historial de reproducciones:name,Youtube,watch-history:details:name,historial de reproducciones.json,name,details/name,"[""details""]","[""name""]",list,string,Takeout/YouTube y YouTube Music/historial de videos/historial de reproducciones.json,No,,Takeout/YouTube y YouTube Music/historial de videos/historial de reproducciones.json/details/name
1851,Ads and data:Ad Interests:AdInterestCategories,Tiktok,Ads and data:Ad Interests:AdInterestCategories,,AdInterestCategories,"[""Ads and data"", ""Ad Interests"", ""AdInterestCategories""]",[],"[""Ads and data"", ""Ad Interests"", ""AdInterestCategories""]",static,string,,No,pre-trial,Ads and data/Ad Interests/AdInterestCategories
1852,Activity:Activity Summary:ActivitySummaryMap:videosCommentedOnSinceAccountRegistration,Tiktok,Activity:Activity Summary:ActivitySummaryMap:videosCommentedOnSinceAccountRegistration,,videosCommentedOnSinceAccountRegistration,"[""Activity"", ""Activity Summary"", ""ActivitySummaryMap"", ""videosCommentedOnSinceAccountRegistration""]",[],"[""Activity"", ""Activity Summary"", ""ActivitySummaryMap"", ""videosCommentedOnSinceAccountRegistration""]",static,number,,No,pre-trial,Activity/Activity Summary/ActivitySummaryMap/videosCommentedOnSinceAccountRegistration
1853,Activity:Activity Summary:ActivitySummaryMap:videosSharedSinceAccountRegistration,Tiktok,Activity:Activity Summary:ActivitySummaryMap:videosSharedSinceAccountRegistration,,videosSharedSinceAccountRegistration,"[""Activity"", ""Activity Summary"", ""ActivitySummaryMap"", ""videosSharedSinceAccountRegistration""]",[],"[""Activity"", ""Activity Summary"", ""ActivitySummaryMap"", ""videosSharedSinceAccountRegistration""]",static,number,,No,pre-trial,Activity/Activity Summary/ActivitySummaryMap/videosSharedSinceAccountRegistration
1854,Activity:Activity Summary:ActivitySummaryMap:videosWatchedToTheEndSinceAccountRegistration,Tiktok,Activity:Activity Summary:ActivitySummaryMap:videosWatchedToTheEndSinceAccountRegistration,,videosWatchedToTheEndSinceAccountRegistration,"[""Activity"", ""Activity Summary"", ""ActivitySummaryMap"", ""videosWatchedToTheEndSinceAccountRegistration""]",[],"[""Activity"", ""Activity Summary"", ""ActivitySummaryMap"", ""videosWatchedToTheEndSinceAccountRegistration""]",static,number,,No,pre-trial,Activity/Activity Summary/ActivitySummaryMap/videosWatchedToTheEndSinceAccountRegistration
1855,App Settings:Settings:SettingsMap:App Language,Tiktok,App Settings:Settings:SettingsMap:App Language,,App Language,"[""App Settings"", ""Settings"", ""SettingsMap"", ""App Language""]",[],"[""App Settings"", ""Settings"", ""SettingsMap"", ""App Language""]",static,string,,No,pre-trial,App Settings/Settings/SettingsMap/App Language
1856,App Settings:Settings:SettingsMap:Filter Comments,Tiktok,App Settings:Settings:SettingsMap:Filter Comments,,Filter Comments,"[""App Settings"", ""Settings"", ""SettingsMap"", ""Filter Comments""]",[],"[""App Settings"", ""Settings"", ""SettingsMap"", ""Filter Comments""]",static,string,,No,pre-trial,App Settings/Settings/SettingsMap/Filter Comments
1857,App Settings:Settings:SettingsMap:Interests,Tiktok,App Settings:Settings:SettingsMap:Interests,,Interests,"[""App Settings"", ""Settings"", ""SettingsMap"", ""Interests""]",[],"[""App Settings"", ""Settings"", ""SettingsMap"", ""Interests""]",static,string,,No,pre-trial,App Settings/Settings/SettingsMap/Interests
1858,App Settings:Settings:SettingsMap:Private Account,Tiktok,App Settings:Settings:SettingsMap:Private Account,,Private Account,"[""App Settings"", ""Settings"", ""SettingsMap"", ""Private Account""]",[],"[""App Settings"", ""Settings"", ""SettingsMap"", ""Private Account""]",static,string,,No,pre-trial,App Settings/Settings/SettingsMap/Private Account
1859,App Settings:Settings:SettingsMap:Web Language,Tiktok,App Settings:Settings:SettingsMap:Web Language,,Web Language,"[""App Settings"", ""Settings"", ""SettingsMap"", ""Web Language""]",[],"[""App Settings"", ""Settings"", ""SettingsMap"", ""Web Language""]",static,string,,No,pre-trial,App Settings/Settings/SettingsMap/Web Language
1860,App Settings:Settings:SettingsMap:Who Can Duet With Me,Tiktok,App Settings:Settings:SettingsMap:Who Can Duet With Me,,Who Can Duet With Me,"[""App Settings"", ""Settings"", ""SettingsMap"", ""Who Can Duet With Me""]",[],"[""App Settings"", ""Settings"", ""SettingsMap"", ""Who Can Duet With Me""]",static,string,,No,pre-trial,App Settings/Settings/SettingsMap/Who Can Duet With Me
1861,App Settings:Settings:SettingsMap:Who Can Post Comments,Tiktok,App Settings:Settings:SettingsMap:Who Can Post Comments,,Who Can Post Comments,"[""App Settings"", ""Settings"", ""SettingsMap"", ""Who Can Post Comments""]",[],"[""App Settings"", ""Settings"", ""SettingsMap"", ""Who Can Post Comments""]",static,string,,No,pre-trial,App Settings/Settings/SettingsMap/Who Can Post Comments
1862,App Settings:Settings:SettingsMap:Who Can Send Me Message,Tiktok,App Settings:Settings:SettingsMap:Who Can Send Me Message,,Who Can Send Me Message,"[""App Settings"", ""Settings"", ""SettingsMap"", ""Who Can Send Me Message""]",[],"[""App Settings"", ""Settings"", ""SettingsMap"", ""Who Can Send Me Message""]",static,string,,No,pre-trial,App Settings/Settings/SettingsMap/Who Can Send Me Message
1863,App Settings:Settings:SettingsMap:Who Can Stitch with your videos,Tiktok,App Settings:Settings:SettingsMap:Who Can Stitch with your videos,,Who Can Stitch with your videos,"[""App Settings"", ""Settings"", ""SettingsMap"", ""Who Can Stitch with your videos""]",[],"[""App Settings"", ""Settings"", ""SettingsMap"", ""Who Can Stitch with your videos""]",static,string,,No,pre-trial,App Settings/Settings/SettingsMap/Who Can Stitch with your videos
1864,App Settings:Settings:SettingsMap:Who Can View Videos I Liked,Tiktok,App Settings:Settings:SettingsMap:Who Can View Videos I Liked,,Who Can View Videos I Liked,"[""App Settings"", ""Settings"", ""SettingsMap"", ""Who Can View Videos I Liked""]",[],"[""App Settings"", ""Settings"", ""SettingsMap"", ""Who Can View Videos I Liked""]",static,string,,No,pre-trial,App Settings/Settings/SettingsMap/Who Can View Videos I Liked
1865,Profile:Profile Information:ProfileMap:likesReceived,Tiktok,Profile:Profile Information:ProfileMap:likesReceived,,likesReceived,"[""Profile"", ""Profile Information"", ""ProfileMap"", ""likesReceived""]",[],"[""Profile"", ""Profile Information"", ""ProfileMap"", ""likesReceived""]",static,string,,No,pre-trial,Profile/Profile Information/ProfileMap/likesReceived
1866,Profile:Profile Information:ProfileMap:userName,Tiktok,Profile:Profile Information:ProfileMap:userName,,userName,"[""Profile"", ""Profile Information"", ""ProfileMap"", ""userName""]",[],"[""Profile"", ""Profile Information"", ""ProfileMap"", ""userName""]",static,string,,No,pre-trial,Profile/Profile Information/ProfileMap/userName
1867,Tiktok Live:Go Live Settings:SettingsMap:Allow agencies to find and invite you,Tiktok,Tiktok Live:Go Live Settings:SettingsMap:Allow agencies to find and invite you,,Allow agencies to find and invite you,"[""Tiktok Live"", ""Go Live Settings"", ""SettingsMap"", ""Allow agencies to find and invite you""]",[],"[""Tiktok Live"", ""Go Live Settings"", ""SettingsMap"", ""Allow agencies to find and invite you""]",static,string,,No,pre-trial,Tiktok Live/Go Live Settings/SettingsMap/Allow agencies to find and invite you
1868,Tiktok Live:Go Live Settings:SettingsMap:Allow others to invite you to co-host in LIVE,Tiktok,Tiktok Live:Go Live Settings:SettingsMap:Allow others to invite you to co-host in LIVE,,Allow others to invite you to co-host in LIVE,"[""Tiktok Live"", ""Go Live Settings"", ""SettingsMap"", ""Allow others to invite you to co-host in LIVE""]",[],"[""Tiktok Live"", ""Go Live Settings"", ""SettingsMap"", ""Allow others to invite you to co-host in LIVE""]",static,string,,No,pre-trial,Tiktok Live/Go Live Settings/SettingsMap/Allow others to invite you to co-host in LIVE
1869,Tiktok Live:Go Live Settings:SettingsMap:Allow people to send and receive comments during your LIVE,Tiktok,Tiktok Live:Go Live Settings:SettingsMap:Allow people to send and receive comments during your LIVE,,Allow people to send and receive comments during your LIVE,"[""Tiktok Live"", ""Go Live Settings"", ""SettingsMap"", ""Allow people to send and receive comments during your LIVE""]",[],"[""Tiktok Live"", ""Go Live Settings"", ""SettingsMap"", ""Allow people to send and receive comments during your LIVE""]",static,string,,No,pre-trial,Tiktok Live/Go Live Settings/SettingsMap/Allow people to send and receive comments during your LIVE
1870,Tiktok Live:Go Live Settings:SettingsMap:Allow suggested LIVE hosts to invite you to co-host in LIVE,Tiktok,Tiktok Live:Go Live Settings:SettingsMap:Allow suggested LIVE hosts to invite you to co-host in LIVE,,Allow suggested LIVE hosts to invite you to co-host in LIVE,"[""Tiktok Live"", ""Go Live Settings"", ""SettingsMap"", ""Allow suggested LIVE hosts to invite you to co-host in LIVE""]",[],"[""Tiktok Live"", ""Go Live Settings"", ""SettingsMap"", ""Allow suggested LIVE hosts to invite you to co-host in LIVE""]",static,string,,No,pre-trial,Tiktok Live/Go Live Settings/SettingsMap/Allow suggested LIVE hosts to invite you to co-host in LIVE
1871,Tiktok Live:Go Live Settings:SettingsMap:Allow viewers to request to go LIVE with you,Tiktok,Tiktok Live:Go Live Settings:SettingsMap:Allow viewers to request to go LIVE with you,,Allow viewers to request to go LIVE with you,"[""Tiktok Live"", ""Go Live Settings"", ""SettingsMap"", ""Allow viewers to request to go LIVE with you""]",[],"[""Tiktok Live"", ""Go Live Settings"", ""SettingsMap"", ""Allow viewers to request to go LIVE with you""]",static,string,,No,pre-trial,Tiktok Live/Go Live Settings/SettingsMap/Allow viewers to request to go LIVE with you
1872,Tiktok Live:Go Live Settings:SettingsMap:Allow viewers to see and send questions and answers in your LIVE,Tiktok,Tiktok Live:Go Live Settings:SettingsMap:Allow viewers to see and send questions and answers in your LIVE,,Allow viewers to see and send questions and answers in your LIVE,"[""Tiktok Live"", ""Go Live Settings"", ""SettingsMap"", ""Allow viewers to see and send questions and answers in your LIVE""]",[],"[""Tiktok Live"", ""Go Live Settings"", ""SettingsMap"", ""Allow viewers to see and send questions and answers in your LIVE""]",static,string,,No,pre-trial,Tiktok Live/Go Live Settings/SettingsMap/Allow viewers to see and send questions and answers in your LIVE
1873,Tiktok Live:Go Live Settings:SettingsMap:Allow viewers to send you gifts during your LIVE,Tiktok,Tiktok Live:Go Live Settings:SettingsMap:Allow viewers to send you gifts during your LIVE,,Allow viewers to send you gifts during your LIVE,"[""Tiktok Live"", ""Go Live Settings"", ""SettingsMap"", ""Allow viewers to send you gifts during your LIVE""]",[],"[""Tiktok Live"", ""Go Live Settings"", ""SettingsMap"", ""Allow viewers to send you gifts during your LIVE""]",static,string,,No,pre-trial,Tiktok Live/Go Live Settings/SettingsMap/Allow viewers to send you gifts during your LIVE
1874,Tiktok Live:Go Live Settings:SettingsMap:Hide potential spam or offensive comments from your LIVE,Tiktok,Tiktok Live:Go Live Settings:SettingsMap:Hide potential spam or offensive comments from your LIVE,,Hide potential spam or offensive comments from your LIVE,"[""Tiktok Live"", ""Go Live Settings"", ""SettingsMap"", ""Hide potential spam or offensive comments from your LIVE""]",[],"[""Tiktok Live"", ""Go Live Settings"", ""SettingsMap"", ""Hide potential spam or offensive comments from your LIVE""]",static,string,,No,pre-trial,Tiktok Live/Go Live Settings/SettingsMap/Hide potential spam or offensive comments from your LIVE
1875,Tiktok Live:Go Live Settings:SettingsMap:Show your username and gift information in features with ranking lists,Tiktok,Tiktok Live:Go Live Settings:SettingsMap:Show your username and gift information in features with ranking lists,,Show your username and gift information in features with ranking lists,"[""Tiktok Live"", ""Go Live Settings"", ""SettingsMap"", ""Show your username and gift information in features with ranking lists""]",[],"[""Tiktok Live"", ""Go Live Settings"", ""SettingsMap"", ""Show your username and gift information in features with ranking lists""]",static,string,,No,pre-trial,Tiktok Live/Go Live Settings/SettingsMap/Show your username and gift information in features with ranking lists
1876,Activity:Favorite Videos:FavoriteVideoList:Date,Tiktok,Activity:Favorite Videos:FavoriteVideoList:Date,,Date,"[""Activity"", ""Favorite Videos"", ""FavoriteVideoList"", ""Date""]","[""Activity"", ""Favorite Videos"", ""FavoriteVideoList""]","[""Date""]",list,string,,No,pre-trial,Activity/Favorite Videos/FavoriteVideoList/Date
1877,Activity:Favorite Videos:FavoriteVideoList:Link,Tiktok,Activity:Favorite Videos:FavoriteVideoList:Link,,Link,"[""Activity"", ""Favorite Videos"", ""FavoriteVideoList"", ""Link""]","[""Activity"", ""Favorite Videos"", ""FavoriteVideoList""]","[""Link""]",list,string,,No,pre-trial,Activity/Favorite Videos/FavoriteVideoList/Link
1878,Activity:Following List:Following:Date,Tiktok,Activity:Following List:Following:Date,,Date,"[""Activity"", ""Following List"", ""Following"", ""Date""]","[""Activity"", ""Following List"", ""Following""]","[""Date""]",list,string,,No,pre-trial,Activity/Following List/Following/Date
1879,Activity:Following List:Following:UserName,Tiktok,Activity:Following List:Following:UserName,,UserName,"[""Activity"", ""Following List"", ""Following"", ""UserName""]","[""Activity"", ""Following List"", ""Following""]","[""UserName""]",list,string,,No,pre-trial,Activity/Following List/Following/UserName
1880,Activity:Hashtag:HashtagList:HashtagName,Tiktok,Activity:Hashtag:HashtagList:HashtagName,,HashtagName,"[""Activity"", ""Hashtag"", ""HashtagList"", ""HashtagName""]","[""Activity"", ""Hashtag"", ""HashtagList""]","[""HashtagName""]",list,string,,No,pre-trial,Activity/Hashtag/HashtagList/HashtagName
1881,Activity:Hashtag:HashtagList:HashtagLink,Tiktok,Activity:Hashtag:HashtagList:HashtagLink,,HashtagLink,"[""Activity"", ""Hashtag"", ""HashtagList"", ""HashtagLink""]","[""Activity"", ""Hashtag"", ""HashtagList""]","[""HashtagLink""]",list,string,,No,pre-trial,Activity/Hashtag/HashtagList/HashtagLink
1882,Activity:Like List:ItemFavoriteList:date,Tiktok,Activity:Like List:ItemFavoriteList:date,,date,"[""Activity"", ""Like List"", ""ItemFavoriteList"", ""date""]","[""Activity"", ""Like List"", ""ItemFavoriteList""]","[""date""]",list,string,,No,pre-trial,Activity/Like List/ItemFavoriteList/date
1883,Activity:Like List:ItemFavoriteList:link,Tiktok,Activity:Like List:ItemFavoriteList:link,,link,"[""Activity"", ""Like List"", ""ItemFavoriteList"", ""link""]","[""Activity"", ""Like List"", ""ItemFavoriteList""]","[""link""]",list,string,,No,pre-trial,Activity/Like List/ItemFavoriteList/link
1884,Activity:Search History:SearchList:Date,Tiktok,Activity:Search History:SearchList:Date,,Date,"[""Activity"", ""Search History"", ""SearchList"", ""Date""]","[""Activity"", ""Search History"", ""SearchList""]","[""Date""]",list,string,,No,pre-trial,Activity/Search History/SearchList/Date
1885,Activity:Search History:SearchList:SearchTerm,Tiktok,Activity:Search History:SearchList:SearchTerm,,SearchTerm,"[""Activity"", ""Search History"", ""SearchList"", ""SearchTerm""]","[""Activity"", ""Search History"", ""SearchList""]","[""SearchTerm""]",list,string,,No,pre-trial,Activity/Search History/SearchList/SearchTerm
1886,Activity:Share History:ShareHistoryList:Date,Tiktok,Activity:Share History:ShareHistoryList:Date,,Date,"[""Activity"", ""Share History"", ""ShareHistoryList"", ""Date""]","[""Activity"", ""Share History"", ""ShareHistoryList""]","[""Date""]",list,string,,No,pre-trial,Activity/Share History/ShareHistoryList/Date
1887,Activity:Share History:ShareHistoryList:SharedContent,Tiktok,Activity:Share History:ShareHistoryList:SharedContent,,SharedContent,"[""Activity"", ""Share History"", ""ShareHistoryList"", ""SharedContent""]","[""Activity"", ""Share History"", ""ShareHistoryList""]","[""SharedContent""]",list,string,,No,pre-trial,Activity/Share History/ShareHistoryList/SharedContent
1888,Activity:Share History:ShareHistoryList:Link,Tiktok,Activity:Share History:ShareHistoryList:Link,,Link,"[""Activity"", ""Share History"", ""ShareHistoryList"", ""Link""]","[""Activity"", ""Share History"", ""ShareHistoryList""]","[""Link""]",list,string,,No,pre-trial,Activity/Share History/ShareHistoryList/Link
1889,Activity:Video Browsing History:VideoList:Date,Tiktok,Activity:Video Browsing History:VideoList:Date,,Date,"[""Activity"", ""Video Browsing History"", ""VideoList"", ""Date""]","[""Activity"", ""Video Browsing History"", ""VideoList""]","[""Date""]",list,string,,No,pre-trial,Activity/Video Browsing History/VideoList/Date
1890,Activity:Video Browsing History:VideoList:Link,Tiktok,Activity:Video Browsing History:VideoList:Link,,Link,"[""Activity"", ""Video Browsing History"", ""VideoList"", ""Link""]","[""Activity"", ""Video Browsing History"", ""VideoList""]","[""Link""]",list,string,,No,pre-trial,Activity/Video Browsing History/VideoList/Link
1891,App Settings:Block:BlockList:Date,Tiktok,App Settings:Block:BlockList:Date,,Date,"[""App Settings"", ""Block"", ""BlockList"", ""Date""]","[""App Settings"", ""Block"", ""BlockList""]","[""Date""]",list,string,,No,pre-trial,App Settings/Block/BlockList/Date
1892,App Settings:Block:BlockList:UserName,Tiktok,App Settings:Block:BlockList:UserName,,UserName,"[""App Settings"", ""Block"", ""BlockList"", ""UserName""]","[""App Settings"", ""Block"", ""BlockList""]","[""UserName""]",list,string,,No,pre-trial,App Settings/Block/BlockList/UserName
1893,Comment:Comments:CommentsList:date,Tiktok,Comment:Comments:CommentsList:date,,date,"[""Comment"", ""Comments"", ""CommentsList"", ""date""]","[""Comment"", ""Comments"", ""CommentsList""]","[""date""]",list,string,,No,pre-trial,Comment/Comments/CommentsList/date
1894,Comment:Comments:CommentsList:comment,Tiktok,Comment:Comments:CommentsList:comment,,comment,"[""Comment"", ""Comments"", ""CommentsList"", ""comment""]","[""Comment"", ""Comments"", ""CommentsList""]","[""comment""]",list,string,,No,pre-trial,Comment/Comments/CommentsList/comment
1895,Comment:Comments:CommentsList:photo,Tiktok,Comment:Comments:CommentsList:photo,,photo,"[""Comment"", ""Comments"", ""CommentsList"", ""photo""]","[""Comment"", ""Comments"", ""CommentsList""]","[""photo""]",list,string,,No,pre-trial,Comment/Comments/CommentsList/photo
1896,Comment:Comments:CommentsList:url,Tiktok,Comment:Comments:CommentsList:url,,url,"[""Comment"", ""Comments"", ""CommentsList"", ""url""]","[""Comment"", ""Comments"", ""CommentsList""]","[""url""]",list,string,,No,pre-trial,Comment/Comments/CommentsList/url
1897,Tiktok Live:Go Live Settings:SettingsMap:Hide comments that contain the following keywords from your LIVE,Tiktok,Tiktok Live:Go Live Settings:SettingsMap:Hide comments that contain the following keywords from your LIVE,,Hide comments that contain the following keywords from your LIVE,"[""Tiktok Live"", ""Go Live Settings"", ""SettingsMap"", ""Hide comments that contain the following keywords from your LIVE""]","[""Tiktok Live"", ""Go Live Settings"", ""SettingsMap"", ""Hide comments that contain the following keywords from your LIVE""]",[],list,array,,Yes,pre-trial,Tiktok Live/Go Live Settings/SettingsMap/Hide comments that contain the following keywords from your LIVE
1898,Tiktok Live:Go Live Settings:SettingsMap:People you assigned to moderate your LIVE,Tiktok,Tiktok Live:Go Live Settings:SettingsMap:People you assigned to moderate your LIVE,,People you assigned to moderate your LIVE,"[""Tiktok Live"", ""Go Live Settings"", ""SettingsMap"", ""People you assigned to moderate your LIVE""]","[""Tiktok Live"", ""Go Live Settings"", ""SettingsMap"", ""People you assigned to moderate your LIVE""]",[],list,array,,Yes,pre-trial,Tiktok Live/Go Live Settings/SettingsMap/People you assigned to moderate your LIVE
1899,Video:Videos:VideoList:Date,Tiktok,Video:Videos:VideoList:Date,,Date,"[""Video"", ""Videos"", ""VideoList"", ""Date""]","[""Video"", ""Videos"", ""VideoList""]","[""Date""]",list,string,,No,pre-trial,Video/Videos/VideoList/Date
1900,Video:Videos:VideoList:Link,Tiktok,Video:Videos:VideoList:Link,,Link,"[""Video"", ""Videos"", ""VideoList"", ""Link""]","[""Video"", ""Videos"", ""VideoList""]","[""Link""]",list,string,,No,pre-trial,Video/Videos/VideoList/Link
1901,Video:Videos:VideoList:Likes,Tiktok,Video:Videos:VideoList:Likes,,Likes,"[""Video"", ""Videos"", ""VideoList"", ""Likes""]","[""Video"", ""Videos"", ""VideoList""]","[""Likes""]",list,string,,No,pre-trial,Video/Videos/VideoList/Likes
1902,Video:Videos:VideoList:WhoCanView,Tiktok,Video:Videos:VideoList:WhoCanView,,WhoCanView,"[""Video"", ""Videos"", ""VideoList"", ""WhoCanView""]","[""Video"", ""Videos"", ""VideoList""]","[""WhoCanView""]",list,string,,No,pre-trial,Video/Videos/VideoList/WhoCanView
1903,Video:Videos:VideoList:AllowComments,Tiktok,Video:Videos:VideoList:AllowComments,,AllowComments,"[""Video"", ""Videos"", ""VideoList"", ""AllowComments""]","[""Video"", ""Videos"", ""VideoList""]","[""AllowComments""]",list,string,,No,pre-trial,Video/Videos/VideoList/AllowComments
1904,Video:Videos:VideoList:AllowStitches,Tiktok,Video:Videos:VideoList:AllowStitches,,AllowStitches,"[""Video"", ""Videos"", ""VideoList"", ""AllowStitches""]","[""Video"", ""Videos"", ""VideoList""]","[""AllowStitches""]",list,string,,No,pre-trial,Video/Videos/VideoList/AllowStitches
1905,Video:Videos:VideoList:AllowDuets,Tiktok,Video:Videos:VideoList:AllowDuets,,AllowDuets,"[""Video"", ""Videos"", ""VideoList"", ""AllowDuets""]","[""Video"", ""Videos"", ""VideoList""]","[""AllowDuets""]",list,string,,No,pre-trial,Video/Videos/VideoList/AllowDuets
1906,Video:Videos:VideoList:AllowStickers,Tiktok,Video:Videos:VideoList:AllowStickers,,AllowStickers,"[""Video"", ""Videos"", ""VideoList"", ""AllowStickers""]","[""Video"", ""Videos"", ""VideoList""]","[""AllowStickers""]",list,string,,No,pre-trial,Video/Videos/VideoList/AllowStickers
1907,Video:Videos:VideoList:AllowSharingToStory,Tiktok,Video:Videos:VideoList:AllowSharingToStory,,AllowSharingToStory,"[""Video"", ""Videos"", ""VideoList"", ""AllowSharingToStory""]","[""Video"", ""Videos"", ""VideoList""]","[""AllowSharingToStory""]",list,string,,No,pre-trial,Video/Videos/VideoList/AllowSharingToStory
1908,Video:Videos:VideoList:ContentDisclosure,Tiktok,Video:Videos:VideoList:ContentDisclosure,,ContentDisclosure,"[""Video"", ""Videos"", ""VideoList"", ""ContentDisclosure""]","[""Video"", ""Videos"", ""VideoList""]","[""ContentDisclosure""]",list,string,,No,pre-trial,Video/Videos/VideoList/ContentDisclosure
1909,Video:Videos:VideoList:AIGeneratedContent,Tiktok,Video:Videos:VideoList:AIGeneratedContent,,AIGeneratedContent,"[""Video"", ""Videos"", ""VideoList"", ""AIGeneratedContent""]","[""Video"", ""Videos"", ""VideoList""]","[""AIGeneratedContent""]",list,string,,No,pre-trial,Video/Videos/VideoList/AIGeneratedContent
1910,Video:Videos:VideoList:Sound,Tiktok,Video:Videos:VideoList:Sound,,Sound,"[""Video"", ""Videos"", ""VideoList"", ""Sound""]","[""Video"", ""Videos"", ""VideoList""]","[""Sound""]",list,string,,No,pre-trial,Video/Videos/VideoList/Sound
1911,Video:Videos:VideoList:Location,Tiktok,Video:Videos:VideoList:Location,,Location,"[""Video"", ""Videos"", ""VideoList"", ""Location""]","[""Video"", ""Videos"", ""VideoList""]","[""Location""]",list,string,,No,pre-trial,Video/Videos/VideoList/Location
1912,Video:Videos:VideoList:Title,Tiktok,Video:Videos:VideoList:Title,,Title,"[""Video"", ""Videos"", ""VideoList"", ""Title""]","[""Video"", ""Videos"", ""VideoList""]","[""Title""]",list,string,,No,pre-trial,Video/Videos/VideoList/Title
1913,Video:Videos:VideoList:AddYoursText,Tiktok,Video:Videos:VideoList:AddYoursText,,AddYoursText,"[""Video"", ""Videos"", ""VideoList"", ""AddYoursText""]","[""Video"", ""Videos"", ""VideoList""]","[""AddYoursText""]",list,string,,No,pre-trial,Video/Videos/VideoList/AddYoursText
1914,Activity:Follower List:FansList:Date,Tiktok,Activity:Follower List:FansList:Date,,Date,"[""Activity"", ""Follower List"", ""FansList"", ""Date""]","[""Activity"", ""Follower List"", ""FansList""]","[""Date""]",list,string,,No,pre-trial,Activity/Follower List/FansList/Date
1915,Activity:Follower List:FansList:UserName,Tiktok,Activity:Follower List:FansList:UserName,,UserName,"[""Activity"", ""Follower List"", ""FansList"", ""UserName""]","[""Activity"", ""Follower List"", ""FansList""]","[""UserName""]",list,string,,No,pre-trial,Activity/Follower List/FansList/UserName
1916,Ads and data:Instant Form Ads Responses:ResponsesList,Tiktok,Ads and data:Instant Form Ads Responses:ResponsesList,,ResponsesList,"[""Ads and data"", ""Instant Form Ads Responses"", ""ResponsesList""]",[],"[""Ads and data"", ""Instant Form Ads Responses"", ""ResponsesList""]",static,object,,No,pre-trial,Ads and data/Instant Form Ads Responses/ResponsesList
1917,App Settings:Block List:BlockList,Tiktok,App Settings:Block List:BlockList,,BlockList,"[""App Settings"", ""Block List"", ""BlockList""]",[],"[""App Settings"", ""Block List"", ""BlockList""]",static,object,,No,pre-trial,App Settings/Block List/BlockList
1918,Comment:Comments:CommentsList,Tiktok,Comment:Comments:CommentsList,,CommentsList,"[""Comment"", ""Comments"", ""CommentsList""]",[],"[""Comment"", ""Comments"", ""CommentsList""]",static,object,,No,pre-trial,Comment/Comments/CommentsList
1919,Post:Posts:VideoList,Tiktok,Post:Posts:VideoList,,VideoList,"[""Post"", ""Posts"", ""VideoList""]",[],"[""Post"", ""Posts"", ""VideoList""]",static,object,,No,pre-trial,Post/Posts/VideoList
1920,Tiktok Live:Go Live History:GoLiveList,Tiktok,Tiktok Live:Go Live History:GoLiveList,,GoLiveList,"[""Tiktok Live"", ""Go Live History"", ""GoLiveList""]",[],"[""Tiktok Live"", ""Go Live History"", ""GoLiveList""]",static,object,,No,pre-trial,Tiktok Live/Go Live History/GoLiveList
1921,Your Activity:Favorite Effects:FavoriteEffectsList,Tiktok,Your Activity:Favorite Effects:FavoriteEffectsList,,FavoriteEffectsList,"[""Your Activity"", ""Favorite Effects"", ""FavoriteEffectsList""]",[],"[""Your Activity"", ""Favorite Effects"", ""FavoriteEffectsList""]",static,object,,No,pre-trial,Your Activity/Favorite Effects/FavoriteEffectsList
1922,Your Activity:Favorite Hashtags:FavoriteHashtagList,Tiktok,Your Activity:Favorite Hashtags:FavoriteHashtagList,,FavoriteHashtagList,"[""Your Activity"", ""Favorite Hashtags"", ""FavoriteHashtagList""]",[],"[""Your Activity"", ""Favorite Hashtags"", ""FavoriteHashtagList""]",static,object,,No,pre-trial,Your Activity/Favorite Hashtags/FavoriteHashtagList
1923,Your Activity:Favorite Sounds:FavoriteSoundList,Tiktok,Your Activity:Favorite Sounds:FavoriteSoundList,,FavoriteSoundList,"[""Your Activity"", ""Favorite Sounds"", ""FavoriteSoundList""]",[],"[""Your Activity"", ""Favorite Sounds"", ""FavoriteSoundList""]",static,object,,No,pre-trial,Your Activity/Favorite Sounds/FavoriteSoundList
1924,Your Activity:Favorite Videos:FavoriteVideoList,Tiktok,Your Activity:Favorite Videos:FavoriteVideoList,,FavoriteVideoList,"[""Your Activity"", ""Favorite Videos"", ""FavoriteVideoList""]",[],"[""Your Activity"", ""Favorite Videos"", ""FavoriteVideoList""]",static,object,,No,pre-trial,Your Activity/Favorite Videos/FavoriteVideoList
1925,Your Activity:Follower:FansList,Tiktok,Your Activity:Follower:FansList,,FansList,"[""Your Activity"", ""Follower"", ""FansList""]",[],"[""Your Activity"", ""Follower"", ""FansList""]",static,object,,No,pre-trial,Your Activity/Follower/FansList
1926,Your Activity:Following:Following,Tiktok,Your Activity:Following:Following,,Following,"[""Your Activity"", ""Following"", ""Following""]",[],"[""Your Activity"", ""Following"", ""Following""]",static,object,,No,pre-trial,Your Activity/Following/Following
1927,Your Activity:Hashtag:HashtagList,Tiktok,Your Activity:Hashtag:HashtagList,,HashtagList,"[""Your Activity"", ""Hashtag"", ""HashtagList""]",[],"[""Your Activity"", ""Hashtag"", ""HashtagList""]",static,object,,No,pre-trial,Your Activity/Hashtag/HashtagList
1928,Your Activity:Like List:ItemFavoriteList,Tiktok,Your Activity:Like List:ItemFavoriteList,,ItemFavoriteList,"[""Your Activity"", ""Like List"", ""ItemFavoriteList""]",[],"[""Your Activity"", ""Like List"", ""ItemFavoriteList""]",static,object,,No,pre-trial,Your Activity/Like List/ItemFavoriteList
1929,Profile:Profile Info:ProfileMap:likesReceived,Tiktok,Profile:Profile Information:ProfileMap:likesReceived,,likesReceived,"[""Profile"", ""Profile Info"", ""ProfileMap"", ""likesReceived""]",[],"[""Profile"", ""Profile Info"", ""ProfileMap"", ""likesReceived""]",static,string,,No,pre-trial,Profile/Profile Info/ProfileMap/likesReceived
1930,Profile:Profile Info:ProfileMap:userName,Tiktok,Profile:Profile Information:ProfileMap:userName,,userName,"[""Profile"", ""Profile Info"", ""ProfileMap"", ""userName""]",[],"[""Profile"", ""Profile Info"", ""ProfileMap"", ""userName""]",static,string,,No,pre-trial,Profile/Profile Info/ProfileMap/userName
1931,Tiktok Live:Go Live Settings:SettingsMap:Hide comments that contain the following keywords from your LIVE,Tiktok,Tiktok Live:Go Live Settings:SettingsMap:Hide comments that contain the following keywords from your LIVE,,Hide comments that contain the following keywords from your LIVE,"[""Tiktok Live"", ""Go Live Settings"", ""SettingsMap"", ""Hide comments that contain the following keywords from your LIVE""]",[],"[""Tiktok Live"", ""Go Live Settings"", ""SettingsMap"", ""Hide comments that contain the following keywords from your LIVE""]",static,array,,Yes,pre-trial,Tiktok Live/Go Live Settings/SettingsMap/Hide comments that contain the following keywords from your LIVE
1932,Tiktok Live:Go Live Settings:SettingsMap:People you assigned to moderate your LIVE,Tiktok,Tiktok Live:Go Live Settings:SettingsMap:People you assigned to moderate your LIVE,,People you assigned to moderate your LIVE,"[""Tiktok Live"", ""Go Live Settings"", ""SettingsMap"", ""People you assigned to moderate your LIVE""]",[],"[""Tiktok Live"", ""Go Live Settings"", ""SettingsMap"", ""People you assigned to moderate your LIVE""]",static,array,,Yes,pre-trial,Tiktok Live/Go Live Settings/SettingsMap/People you assigned to moderate your LIVE
1933,Your Activity:Activity Summary:ActivitySummaryMap:videosCommentedOnSinceAccountRegistration,Tiktok,Activity:Activity Summary:ActivitySummaryMap:videosCommentedOnSinceAccountRegistration,,videosCommentedOnSinceAccountRegistration,"[""Your Activity"", ""Activity Summary"", ""ActivitySummaryMap"", ""videosCommentedOnSinceAccountRegistration""]",[],"[""Your Activity"", ""Activity Summary"", ""ActivitySummaryMap"", ""videosCommentedOnSinceAccountRegistration""]",static,number,,No,pre-trial,Your Activity/Activity Summary/ActivitySummaryMap/videosCommentedOnSinceAccountRegistration
1934,Your Activity:Activity Summary:ActivitySummaryMap:videosSharedSinceAccountRegistration,Tiktok,Activity:Activity Summary:ActivitySummaryMap:videosSharedSinceAccountRegistration,,videosSharedSinceAccountRegistration,"[""Your Activity"", ""Activity Summary"", ""ActivitySummaryMap"", ""videosSharedSinceAccountRegistration""]",[],"[""Your Activity"", ""Activity Summary"", ""ActivitySummaryMap"", ""videosSharedSinceAccountRegistration""]",static,number,,No,pre-trial,Your Activity/Activity Summary/ActivitySummaryMap/videosSharedSinceAccountRegistration
1935,Your Activity:Activity Summary:ActivitySummaryMap:videosWatchedToTheEndSinceAccountRegistration,Tiktok,Activity:Activity Summary:ActivitySummaryMap:videosWatchedToTheEndSinceAccountRegistration,,videosWatchedToTheEndSinceAccountRegistration,"[""Your Activity"", ""Activity Summary"", ""ActivitySummaryMap"", ""videosWatchedToTheEndSinceAccountRegistration""]",[],"[""Your Activity"", ""Activity Summary"", ""ActivitySummaryMap"", ""videosWatchedToTheEndSinceAccountRegistration""]",static,number,,No,pre-trial,Your Activity/Activity Summary/ActivitySummaryMap/videosWatchedToTheEndSinceAccountRegistration
1936,App Settings:Settings:SettingsMap:Content Preferences:Keyword filters for videos in Following feed,Tiktok,App Settings:Settings:SettingsMap:Content Preferences:Keyword filters for videos in Following feed,,Keyword filters for videos in Following feed,"[""App Settings"", ""Settings"", ""SettingsMap"", ""Content Preferences"", ""Keyword filters for videos in Following feed""]",[],"[""App Settings"", ""Settings"", ""SettingsMap"", ""Content Preferences"", ""Keyword filters for videos in Following feed""]",static,object,,Yes,pre-trial,App Settings/Settings/SettingsMap/Content Preferences/Keyword filters for videos in Following feed
1937,App Settings:Settings:SettingsMap:Content Preferences:Keyword filters for videos in For You feed,Tiktok,App Settings:Settings:SettingsMap:Content Preferences:Keyword filters for videos in For You feed,,Keyword filters for videos in For You feed,"[""App Settings"", ""Settings"", ""SettingsMap"", ""Content Preferences"", ""Keyword filters for videos in For You feed""]",[],"[""App Settings"", ""Settings"", ""SettingsMap"", ""Content Preferences"", ""Keyword filters for videos in For You feed""]",static,object,,Yes,pre-trial,App Settings/Settings/SettingsMap/Content Preferences/Keyword filters for videos in For You feed
1938,App Settings:Settings:SettingsMap:Content Preferences:Video Languages Preferences,Tiktok,App Settings:Settings:SettingsMap:Content Preferences:Video Languages Preferences,,Video Languages Preferences,"[""App Settings"", ""Settings"", ""SettingsMap"", ""Content Preferences"", ""Video Languages Preferences""]",[],"[""App Settings"", ""Settings"", ""SettingsMap"", ""Content Preferences"", ""Video Languages Preferences""]",static,object,,Yes,pre-trial,App Settings/Settings/SettingsMap/Content Preferences/Video Languages Preferences
1939,Your Activity:Searches:SearchList:Date,Tiktok,Activity:Search History:SearchList:Date,,Date,"[""Your Activity"", ""Searches"", ""SearchList"", ""Date""]","[""Your Activity"", ""Searches"", ""SearchList""]","[""Date""]",list,string,,No,pre-trial,Your Activity/Searches/SearchList/Date
1940,Your Activity:Searches:SearchList:SearchTerm,Tiktok,Activity:Search History:SearchList:SearchTerm,,SearchTerm,"[""Your Activity"", ""Searches"", ""SearchList"", ""SearchTerm""]","[""Your Activity"", ""Searches"", ""SearchList""]","[""SearchTerm""]",list,string,,No,pre-trial,Your Activity/Searches/SearchList/SearchTerm
1941,Your Activity:Watch History:VideoList:Date,Tiktok,Activity:Video Browsing History:VideoList:Date,,Date,"[""Your Activity"", ""Watch History"", ""VideoList"", ""Date""]","[""Your Activity"", ""Watch History"", ""VideoList""]","[""Date""]",list,string,,No,pre-trial,Your Activity/Watch History/VideoList/Date
1942,Your Activity:Watch History:VideoList:Link,Tiktok,Activity:Video Browsing History:VideoList:Link,,Link,"[""Your Activity"", ""Watch History"", ""VideoList"", ""Link""]","[""Your Activity"", ""Watch History"", ""VideoList""]","[""Link""]",list,string,,No,pre-trial,Your Activity/Watch History/VideoList/Link
1943,App Settings:Settings:SettingsMap:Personalized Ads,Tiktok,App Settings:Settings:SettingsMap:Personalized Ads,,Personalized Ads,"[""App Settings"", ""Settings"", ""SettingsMap"", ""Personalized Ads""]",[],"[""App Settings"", ""Settings"", ""SettingsMap"", ""Personalized Ads""]",static,string,,No,pre-trial,App Settings/Settings/SettingsMap/Personalized Ads
1944,App Settings:Settings:SettingsMap:Content Preferences:Keyword filters for videos in Following feed,Tiktok,App Settings:Settings:SettingsMap:Content Preferences:Keyword filters for videos in Following feed,,Keyword filters for videos in Following feed,"[""App Settings"", ""Settings"", ""SettingsMap"", ""Content Preferences"", ""Keyword filters for videos in Following feed""]",[],"[""App Settings"", ""Settings"", ""SettingsMap"", ""Content Preferences"", ""Keyword filters for videos in Following feed""]",static,array,,Yes,pre-trial,App Settings/Settings/SettingsMap/Content Preferences/Keyword filters for videos in Following feed
1945,App Settings:Settings:SettingsMap:Content Preferences:Keyword filters for videos in For You feed,Tiktok,App Settings:Settings:SettingsMap:Content Preferences:Keyword filters for videos in For You feed,,Keyword filters for videos in For You feed,"[""App Settings"", ""Settings"", ""SettingsMap"", ""Content Preferences"", ""Keyword filters for videos in For You feed""]",[],"[""App Settings"", ""Settings"", ""SettingsMap"", ""Content Preferences"", ""Keyword filters for videos in For You feed""]",static,array,,Yes,pre-trial,App Settings/Settings/SettingsMap/Content Preferences/Keyword filters for videos in For You feed
1946,App Settings:Settings:SettingsMap:Content Preferences:Video Languages Preferences,Tiktok,App Settings:Settings:SettingsMap:Content Preferences:Video Languages Preferences,,Video Languages Preferences,"[""App Settings"", ""Settings"", ""SettingsMap"", ""Content Preferences"", ""Video Languages Preferences""]",[],"[""App Settings"", ""Settings"", ""SettingsMap"", ""Content Preferences"", ""Video Languages Preferences""]",static,array,,Yes,pre-trial,App Settings/Settings/SettingsMap/Content Preferences/Video Languages Preferences
1947,Post:Posts:VideoList:Date,Tiktok,Video:Videos:VideoList:Date,,Date,"[""Post"", ""Posts"", ""VideoList"", ""Date""]","[""Post"", ""Posts"", ""VideoList""]","[""Date""]",list,string,,No,pre-trial,Post/Posts/VideoList/Date
1948,Post:Posts:VideoList:Link,Tiktok,Video:Videos:VideoList:Link,,Link,"[""Post"", ""Posts"", ""VideoList"", ""Link""]","[""Post"", ""Posts"", ""VideoList""]","[""Link""]",list,string,,No,pre-trial,Post/Posts/VideoList/Link
1949,Post:Posts:VideoList:Likes,Tiktok,Video:Videos:VideoList:Likes,,Likes,"[""Post"", ""Posts"", ""VideoList"", ""Likes""]","[""Post"", ""Posts"", ""VideoList""]","[""Likes""]",list,string,,No,pre-trial,Post/Posts/VideoList/Likes
1950,Post:Posts:VideoList:WhoCanView,Tiktok,Video:Videos:VideoList:WhoCanView,,WhoCanView,"[""Post"", ""Posts"", ""VideoList"", ""WhoCanView""]","[""Post"", ""Posts"", ""VideoList""]","[""WhoCanView""]",list,string,,No,pre-trial,Post/Posts/VideoList/WhoCanView
1951,Post:Posts:VideoList:AllowComments,Tiktok,Video:Videos:VideoList:AllowComments,,AllowComments,"[""Post"", ""Posts"", ""VideoList"", ""AllowComments""]","[""Post"", ""Posts"", ""VideoList""]","[""AllowComments""]",list,string,,No,pre-trial,Post/Posts/VideoList/AllowComments
1952,Post:Posts:VideoList:AllowStitches,Tiktok,Video:Videos:VideoList:AllowStitches,,AllowStitches,"[""Post"", ""Posts"", ""VideoList"", ""AllowStitches""]","[""Post"", ""Posts"", ""VideoList""]","[""AllowStitches""]",list,string,,No,pre-trial,Post/Posts/VideoList/AllowStitches
1953,Post:Posts:VideoList:AllowDuets,Tiktok,Video:Videos:VideoList:AllowDuets,,AllowDuets,"[""Post"", ""Posts"", ""VideoList"", ""AllowDuets""]","[""Post"", ""Posts"", ""VideoList""]","[""AllowDuets""]",list,string,,No,pre-trial,Post/Posts/VideoList/AllowDuets
1954,Post:Posts:VideoList:AllowStickers,Tiktok,Video:Videos:VideoList:AllowStickers,,AllowStickers,"[""Post"", ""Posts"", ""VideoList"", ""AllowStickers""]","[""Post"", ""Posts"", ""VideoList""]","[""AllowStickers""]",list,string,,No,pre-trial,Post/Posts/VideoList/AllowStickers
1955,Post:Posts:VideoList:AllowSharingToStory,Tiktok,Video:Videos:VideoList:AllowSharingToStory,,AllowSharingToStory,"[""Post"", ""Posts"", ""VideoList"", ""AllowSharingToStory""]","[""Post"", ""Posts"", ""VideoList""]","[""AllowSharingToStory""]",list,string,,No,pre-trial,Post/Posts/VideoList/AllowSharingToStory
1956,Post:Posts:VideoList:ContentDisclosure,Tiktok,Video:Videos:VideoList:ContentDisclosure,,ContentDisclosure,"[""Post"", ""Posts"", ""VideoList"", ""ContentDisclosure""]","[""Post"", ""Posts"", ""VideoList""]","[""ContentDisclosure""]",list,string,,No,pre-trial,Post/Posts/VideoList/ContentDisclosure
1957,Post:Posts:VideoList:AIGeneratedContent,Tiktok,Video:Videos:VideoList:AIGeneratedContent,,AIGeneratedContent,"[""Post"", ""Posts"", ""VideoList"", ""AIGeneratedContent""]","[""Post"", ""Posts"", ""VideoList""]","[""AIGeneratedContent""]",list,string,,No,pre-trial,Post/Posts/VideoList/AIGeneratedContent
1958,Post:Posts:VideoList:Sound,Tiktok,Video:Videos:VideoList:Sound,,Sound,"[""Post"", ""Posts"", ""VideoList"", ""Sound""]","[""Post"", ""Posts"", ""VideoList""]","[""Sound""]",list,string,,No,pre-trial,Post/Posts/VideoList/Sound
1959,Post:Posts:VideoList:Location,Tiktok,Video:Videos:VideoList:Location,,Location,"[""Post"", ""Posts"", ""VideoList"", ""Location""]","[""Post"", ""Posts"", ""VideoList""]","[""Location""]",list,string,,No,pre-trial,Post/Posts/VideoList/Location
1960,Post:Posts:VideoList:Title,Tiktok,Video:Videos:VideoList:Title,,Title,"[""Post"", ""Posts"", ""VideoList"", ""Title""]","[""Post"", ""Posts"", ""VideoList""]","[""Title""]",list,string,,No,pre-trial,Post/Posts/VideoList/Title
1961,Post:Posts:VideoList:AddYoursText,Tiktok,Video:Videos:VideoList:AddYoursText,,AddYoursText,"[""Post"", ""Posts"", ""VideoList"", ""AddYoursText""]","[""Post"", ""Posts"", ""VideoList""]","[""AddYoursText""]",list,string,,No,pre-trial,Post/Posts/VideoList/AddYoursText
1962,Your Activity:Favorite Effects:FavoriteEffectsList:Date,Tiktok,Your Activity:Favorite Effects:FavoriteEffectsList:Date,,Date,"[""Your Activity"", ""Favorite Effects"", ""FavoriteEffectsList"", ""Date""]","[""Your Activity"", ""Favorite Effects"", ""FavoriteEffectsList""]","[""Date""]",list,string,,No,pre-trial,Your Activity/Favorite Effects/FavoriteEffectsList/Date
1963,Your Activity:Favorite Effects:FavoriteEffectsList:EffectLink,Tiktok,Your Activity:Favorite Effects:FavoriteEffectsList:EffectLink,,EffectLink,"[""Your Activity"", ""Favorite Effects"", ""FavoriteEffectsList"", ""EffectLink""]","[""Your Activity"", ""Favorite Effects"", ""FavoriteEffectsList""]","[""EffectLink""]",list,string,,No,pre-trial,Your Activity/Favorite Effects/FavoriteEffectsList/EffectLink
1964,Your Activity:Favorite Sounds:FavoriteSoundList:Date,Tiktok,Your Activity:Favorite Sounds:FavoriteSoundList:Date,,Date,"[""Your Activity"", ""Favorite Sounds"", ""FavoriteSoundList"", ""Date""]","[""Your Activity"", ""Favorite Sounds"", ""FavoriteSoundList""]","[""Date""]",list,string,,No,pre-trial,Your Activity/Favorite Sounds/FavoriteSoundList/Date
1965,Your Activity:Favorite Sounds:FavoriteSoundList:Link,Tiktok,Your Activity:Favorite Sounds:FavoriteSoundList:Link,,Link,"[""Your Activity"", ""Favorite Sounds"", ""FavoriteSoundList"", ""Link""]","[""Your Activity"", ""Favorite Sounds"", ""FavoriteSoundList""]","[""Link""]",list,string,,No,pre-trial,Your Activity/Favorite Sounds/FavoriteSoundList/Link
1966,Your Activity:Favorite Videos:FavoriteVideoList:Date,Tiktok,Activity:Favorite Videos:FavoriteVideoList:Date,,Date,"[""Your Activity"", ""Favorite Videos"", ""FavoriteVideoList"", ""Date""]","[""Your Activity"", ""Favorite Videos"", ""FavoriteVideoList""]","[""Date""]",list,string,,No,pre-trial,Your Activity/Favorite Videos/FavoriteVideoList/Date
1967,Your Activity:Favorite Videos:FavoriteVideoList:Link,Tiktok,Activity:Favorite Videos:FavoriteVideoList:Link,,Link,"[""Your Activity"", ""Favorite Videos"", ""FavoriteVideoList"", ""Link""]","[""Your Activity"", ""Favorite Videos"", ""FavoriteVideoList""]","[""Link""]",list,string,,No,pre-trial,Your Activity/Favorite Videos/FavoriteVideoList/Link
1968,Your Activity:Follower:FansList:Date,Tiktok,Activity:Follower List:FansList:Date,,Date,"[""Your Activity"", ""Follower"", ""FansList"", ""Date""]","[""Your Activity"", ""Follower"", ""FansList""]","[""Date""]",list,string,,No,pre-trial,Your Activity/Follower/FansList/Date
1969,Your Activity:Follower:FansList:UserName,Tiktok,Activity:Follower List:FansList:UserName,,UserName,"[""Your Activity"", ""Follower"", ""FansList"", ""UserName""]","[""Your Activity"", ""Follower"", ""FansList""]","[""UserName""]",list,string,,No,pre-trial,Your Activity/Follower/FansList/UserName
1970,Your Activity:Following:Following:Date,Tiktok,Activity:Following List:Following:Date,,Date,"[""Your Activity"", ""Following"", ""Following"", ""Date""]","[""Your Activity"", ""Following"", ""Following""]","[""Date""]",list,string,,No,pre-trial,Your Activity/Following/Following/Date
1971,Your Activity:Following:Following:UserName,Tiktok,Activity:Following List:Following:UserName,,UserName,"[""Your Activity"", ""Following"", ""Following"", ""UserName""]","[""Your Activity"", ""Following"", ""Following""]","[""UserName""]",list,string,,No,pre-trial,Your Activity/Following/Following/UserName
1972,Your Activity:Hashtag:HashtagList:HashtagName,Tiktok,Activity:Hashtag:HashtagList:HashtagName,,HashtagName,"[""Your Activity"", ""Hashtag"", ""HashtagList"", ""HashtagName""]","[""Your Activity"", ""Hashtag"", ""HashtagList""]","[""HashtagName""]",list,string,,No,pre-trial,Your Activity/Hashtag/HashtagList/HashtagName
1973,Your Activity:Hashtag:HashtagList:HashtagLink,Tiktok,Activity:Hashtag:HashtagList:HashtagLink,,HashtagLink,"[""Your Activity"", ""Hashtag"", ""HashtagList"", ""HashtagLink""]","[""Your Activity"", ""Hashtag"", ""HashtagList""]","[""HashtagLink""]",list,string,,No,pre-trial,Your Activity/Hashtag/HashtagList/HashtagLink
1974,Your Activity:Like List:ItemFavoriteList:date,Tiktok,Activity:Like List:ItemFavoriteList:date,,date,"[""Your Activity"", ""Like List"", ""ItemFavoriteList"", ""date""]","[""Your Activity"", ""Like List"", ""ItemFavoriteList""]","[""date""]",list,string,,No,pre-trial,Your Activity/Like List/ItemFavoriteList/date
1975,Your Activity:Like List:ItemFavoriteList:link,Tiktok,Activity:Like List:ItemFavoriteList:link,,link,"[""Your Activity"", ""Like List"", ""ItemFavoriteList"", ""link""]","[""Your Activity"", ""Like List"", ""ItemFavoriteList""]","[""link""]",list,string,,No,pre-trial,Your Activity/Like List/ItemFavoriteList/link
1976,Your Activity:Favorite Hashtags:FavoriteHashtagList,Tiktok,Your Activity:Favorite Hashtags:FavoriteHashtagList,,FavoriteHashtagList,"[""Your Activity"", ""Favorite Hashtags"", ""FavoriteHashtagList""]",[],"[""Your Activity"", ""Favorite Hashtags"", ""FavoriteHashtagList""]",static,object,,Yes,11/11/2025,Your Activity/Favorite Hashtags/FavoriteHashtagList
1977,Your Activity:Follower:FansList,Tiktok,Your Activity:Follower:FansList,,FansList,"[""Your Activity"", ""Follower"", ""FansList""]",[],"[""Your Activity"", ""Follower"", ""FansList""]",static,object,,Yes,11/11/2025,Your Activity/Follower/FansList
1978,App Settings:Settings:SettingsMap:Allow Reuse of Content,Tiktok,App Settings:Settings:SettingsMap:Allow Reuse of Content,,Allow Reuse of Content,"[""App Settings"", ""Settings"", ""SettingsMap"", ""Allow Reuse of Content""]",[],"[""App Settings"", ""Settings"", ""SettingsMap"", ""Allow Reuse of Content""]",static,string,,No,11/11/2025,App Settings/Settings/SettingsMap/Allow Reuse of Content
1979,Profile:Profile Info:ProfileMap:followerCount,Tiktok,Profile:Profile Info:ProfileMap:followerCount,,followerCount,"[""Profile"", ""Profile Info"", ""ProfileMap"", ""followerCount""]",[],"[""Profile"", ""Profile Info"", ""ProfileMap"", ""followerCount""]",static,number,,No,11/11/2025,Profile/Profile Info/ProfileMap/followerCount
1980,Profile:Profile Info:ProfileMap:followingCount,Tiktok,Profile:Profile Info:ProfileMap:followingCount,,followingCount,"[""Profile"", ""Profile Info"", ""ProfileMap"", ""followingCount""]",[],"[""Profile"", ""Profile Info"", ""ProfileMap"", ""followingCount""]",static,number,,No,11/11/2025,Profile/Profile Info/ProfileMap/followingCount
1981,Tiktok Live:Watch Live History:WatchLiveMap:$NUMBER:WatchTime,Tiktok,Tiktok Live:Watch Live History:WatchLiveMap:$NUMBER:WatchTime,,WatchTime,"[""Tiktok Live"", ""Watch Live History"", ""WatchLiveMap"", ""$NUMBER"", ""WatchTime""]",[],"[""Tiktok Live"", ""Watch Live History"", ""WatchLiveMap"", ""$NUMBER"", ""WatchTime""]",static,string,,No,11/11/2025,Tiktok Live/Watch Live History/WatchLiveMap/$NUMBER/WatchTime
1982,Tiktok Live:Watch Live History:WatchLiveMap:$NUMBER:Link,Tiktok,Tiktok Live:Watch Live History:WatchLiveMap:$NUMBER:Link,,Link,"[""Tiktok Live"", ""Watch Live History"", ""WatchLiveMap"", ""$NUMBER"", ""Link""]",[],"[""Tiktok Live"", ""Watch Live History"", ""WatchLiveMap"", ""$NUMBER"", ""Link""]",static,string,,No,11/11/2025,Tiktok Live/Watch Live History/WatchLiveMap/$NUMBER/Link
1983,Your Activity:Favorite Collection:FavoriteCollectionList,Tiktok,Your Activity:Favorite Collection:FavoriteCollectionList,,FavoriteCollectionList,"[""Your Activity"", ""Favorite Collection"", ""FavoriteCollectionList""]","[""Your Activity"", ""Favorite Collection"", ""FavoriteCollectionList""]",[],list,array,,No,11/11/2025,Your Activity/Favorite Collection/FavoriteCollectionList
1984,Your Activity:Favorite Hashtags:FavoriteHashtagList,Tiktok,Your Activity:Favorite Hashtags:FavoriteHashtagList,,FavoriteHashtagList,"[""Your Activity"", ""Favorite Hashtags"", ""FavoriteHashtagList""]","[""Your Activity"", ""Favorite Hashtags"", ""FavoriteHashtagList""]",[],list,array,,Yes,11/11/2025,Your Activity/Favorite Hashtags/FavoriteHashtagList
1985,Your Activity:Follower:FansList,Tiktok,Your Activity:Follower:FansList,,FansList,"[""Your Activity"", ""Follower"", ""FansList""]","[""Your Activity"", ""Follower"", ""FansList""]",[],list,array,,Yes,11/11/2025,Your Activity/Follower/FansList
1986,App Settings:Block List:BlockList:Date,Tiktok,App Settings:Block List:BlockList:Date,,Date,"[""App Settings"", ""Block List"", ""BlockList"", ""Date""]","[""App Settings"", ""Block List"", ""BlockList""]","[""Date""]",list,string,,No,11/11/2025,App Settings/Block List/BlockList/Date
1987,App Settings:Block List:BlockList:UserName,Tiktok,App Settings:Block List:BlockList:UserName,,UserName,"[""App Settings"", ""Block List"", ""BlockList"", ""UserName""]","[""App Settings"", ""Block List"", ""BlockList""]","[""UserName""]",list,string,,No,11/11/2025,App Settings/Block List/BlockList/UserName
1988,Your Activity:Share History:ShareHistoryList:Date,Tiktok,Activity:Share History:ShareHistoryList:Date,,Date,"[""Your Activity"", ""Share History"", ""ShareHistoryList"", ""Date""]","[""Your Activity"", ""Share History"", ""ShareHistoryList""]","[""Date""]",list,string,,No,11/11/2025,Your Activity/Share History/ShareHistoryList/Date
1989,Your Activity:Share History:ShareHistoryList:SharedContent,Tiktok,Activity:Share History:ShareHistoryList:SharedContent,,SharedContent,"[""Your Activity"", ""Share History"", ""ShareHistoryList"", ""SharedContent""]","[""Your Activity"", ""Share History"", ""ShareHistoryList""]","[""SharedContent""]",list,string,,No,11/11/2025,Your Activity/Share History/ShareHistoryList/SharedContent
1990,Your Activity:Share History:ShareHistoryList:Link,Tiktok,Activity:Share History:ShareHistoryList:Link,,Link,"[""Your Activity"", ""Share History"", ""ShareHistoryList"", ""Link""]","[""Your Activity"", ""Share History"", ""ShareHistoryList""]","[""Link""]",list,string,,No,11/11/2025,Your Activity/Share History/ShareHistoryList/Link
1991,App Settings:Settings:SettingsMap:Content Preferences:Keyword filters for videos in Following feed,Tiktok,App Settings:Settings:SettingsMap:Content Preferences:Keyword filters for videos in Following feed,,Keyword filters for videos in Following feed,"[""App Settings"", ""Settings"", ""SettingsMap"", ""Content Preferences"", ""Keyword filters for videos in Following feed""]","[""App Settings"", ""Settings"", ""SettingsMap"", ""Content Preferences"", ""Keyword filters for videos in Following feed""]",[],list,array,,Yes,11/11/2025,App Settings/Settings/SettingsMap/Content Preferences/Keyword filters for videos in Following feed
1992,App Settings:Settings:SettingsMap:Content Preferences:Keyword filters for videos in For You feed,Tiktok,App Settings:Settings:SettingsMap:Content Preferences:Keyword filters for videos in For You feed,,Keyword filters for videos in For You feed,"[""App Settings"", ""Settings"", ""SettingsMap"", ""Content Preferences"", ""Keyword filters for videos in For You feed""]","[""App Settings"", ""Settings"", ""SettingsMap"", ""Content Preferences"", ""Keyword filters for videos in For You feed""]",[],list,array,,Yes,11/11/2025,App Settings/Settings/SettingsMap/Content Preferences/Keyword filters for videos in For You feed
1993,App Settings:Settings:SettingsMap:Content Preferences:Video Languages Preferences,Tiktok,App Settings:Settings:SettingsMap:Content Preferences:Video Languages Preferences,,Video Languages Preferences,"[""App Settings"", ""Settings"", ""SettingsMap"", ""Content Preferences"", ""Video Languages Preferences""]","[""App Settings"", ""Settings"", ""SettingsMap"", ""Content Preferences"", ""Video Languages Preferences""]",[],list,array,,Yes,11/11/2025,App Settings/Settings/SettingsMap/Content Preferences/Video Languages Preferences
1994,Tiktok Live:Watch Live History:WatchLiveMap:$NUMBER:Comments:CommentTime,Tiktok,Tiktok Live:Watch Live History:WatchLiveMap:$NUMBER:Comments:CommentTime,,CommentTime,"[""Tiktok Live"", ""Watch Live History"", ""WatchLiveMap"", ""$NUMBER"", ""Comments"", ""CommentTime""]","[""Tiktok Live"", ""Watch Live History"", ""WatchLiveMap"", ""$NUMBER"", ""Comments""]","[""CommentTime""]",list,string,,No,11/11/2025,Tiktok Live/Watch Live History/WatchLiveMap/$NUMBER/Comments/CommentTime
1995,Tiktok Live:Watch Live History:WatchLiveMap:$NUMBER:Comments:CommentContent,Tiktok,Tiktok Live:Watch Live History:WatchLiveMap:$NUMBER:Comments:CommentContent,,CommentContent,"[""Tiktok Live"", ""Watch Live History"", ""WatchLiveMap"", ""$NUMBER"", ""Comments"", ""CommentContent""]","[""Tiktok Live"", ""Watch Live History"", ""WatchLiveMap"", ""$NUMBER"", ""Comments""]","[""CommentContent""]",list,string,,No,11/11/2025,Tiktok Live/Watch Live History/WatchLiveMap/$NUMBER/Comments/CommentContent
1996,Tiktok Live:Watch Live History:WatchLiveMap:$NUMBER:Comments:RawTime,Tiktok,Tiktok Live:Watch Live History:WatchLiveMap:$NUMBER:Comments:RawTime,,RawTime,"[""Tiktok Live"", ""Watch Live History"", ""WatchLiveMap"", ""$NUMBER"", ""Comments"", ""RawTime""]","[""Tiktok Live"", ""Watch Live History"", ""WatchLiveMap"", ""$NUMBER"", ""Comments""]","[""RawTime""]",list,number,,No,11/11/2025,Tiktok Live/Watch Live History/WatchLiveMap/$NUMBER/Comments/RawTime
