,platform,final_path,id,keepID
182,Facebook,preferences/feed/snooze.json/media,preferences:feed:snooze:media,feed:snooze:media
183,Facebook,preferences/feed/snooze.json/fbid,preferences:feed:snooze:fbid,feed:snooze:fbid
186,Facebook,your_facebook_activity/other_activity/your_video_consumption_summary.json/media,your_facebook_activity:other_activity:your_video_consumption_summary:media,other_activity:your_video_consumption_summary:media
187,Facebook,your_facebook_activity/other_activity/your_video_consumption_summary.json/fbid,your_facebook_activity:other_activity:your_video_consumption_summary:fbid,other_activity:your_video_consumption_summary:fbid
221,Facebook,your_facebook_activity/posts/edits_you_made_to_posts.json/timestamp,your_facebook_activity:posts:edits_you_made_to_posts:timestamp,posts:edits_you_made_to_posts:timestamp
222,Facebook,your_facebook_activity/posts/edits_you_made_to_posts.json/media,your_facebook_activity:posts:edits_you_made_to_posts:media,posts:edits_you_made_to_posts:media
223,Facebook,your_facebook_activity/posts/edits_you_made_to_posts.json/fbid,your_facebook_activity:posts:edits_you_made_to_posts:fbid,posts:edits_you_made_to_posts:fbid
224,Facebook,your_facebook_activity/other_activity/time_spent_on_facebook.json/timestamp,your_facebook_activity:other_activity:time_spent_on_facebook:timestamp,other_activity:time_spent_on_facebook:timestamp
225,Facebook,your_facebook_activity/other_activity/time_spent_on_facebook.json/media,your_facebook_activity:other_activity:time_spent_on_facebook:media,other_activity:time_spent_on_facebook:media
226,Facebook,your_facebook_activity/other_activity/time_spent_on_facebook.json/fbid,your_facebook_activity:other_activity:time_spent_on_facebook:fbid,other_activity:time_spent_on_facebook:fbid
228,Facebook,your_facebook_activity/comments_and_reactions/your_comment_edits.json/timestamp,your_facebook_activity:comments_and_reactions:your_comment_edits:timestamp,comments_and_reactions:your_comment_edits:timestamp
229,Facebook,your_facebook_activity/comments_and_reactions/your_comment_edits.json/media,your_facebook_activity:comments_and_reactions:your_comment_edits:media,comments_and_reactions:your_comment_edits:media
230,Facebook,your_facebook_activity/comments_and_reactions/your_comment_edits.json/fbid,your_facebook_activity:comments_and_reactions:your_comment_edits:fbid,comments_and_reactions:your_comment_edits:fbid
241,Facebook,logged_information/interactions/groups_you've_visited.json/timestamp,interactions:groups_you've_visited:timestamp,your_interactions_on_facebook:groups_you_ve_visited:timestamp
242,Facebook,logged_information/interactions/groups_you've_visited.json/media,interactions:groups_you've_visited:media,your_interactions_on_facebook:groups_you_ve_visited:media
243,Facebook,logged_information/interactions/groups_you've_visited.json/fbid,interactions:groups_you've_visited:fbid,your_interactions_on_facebook:groups_you_ve_visited:fbid
245,Facebook,your_facebook_activity/comments_and_reactions/likes_and_reactions_1.json/timestamp,your_facebook_activity:comments_and_reactions:likes_and_reactions_1:timestamp,comments_and_reactions:likes_and_reactions_1:timestamp
246,Facebook,your_facebook_activity/comments_and_reactions/likes_and_reactions.json/timestamp,your_facebook_activity:comments_and_reactions:likes_and_reactions:timestamp,comments_and_reactions:likes_and_reactions:timestamp
247,Facebook,your_facebook_activity/comments_and_reactions/likes_and_reactions.json/media,your_facebook_activity:comments_and_reactions:likes_and_reactions:media,comments_and_reactions:likes_and_reactions:media
248,Facebook,your_facebook_activity/comments_and_reactions/likes_and_reactions.json/fbid,your_facebook_activity:comments_and_reactions:likes_and_reactions:fbid,comments_and_reactions:likes_and_reactions:fbid
256,Facebook,ads_information/advertisers_you've_interacted_with.json/history_v2/timestamp,ads_information:advertisers_you've_interacted_with:history_v2:timestamp,ads_information:advertisers_you_ve_interacted_with:timestamp
282,Facebook,preferences/feed/controls.json/controls/name,preferences:feed:controls:controls:name,feed:controls:controls:name
283,Facebook,preferences/feed/controls.json/controls/description,preferences:feed:controls:controls:description,feed:controls:description
285,Facebook,preferences/feed/snooze.json/label_values/label,preferences:feed:snooze:label_values:label,feed:snooze:label
286,Facebook,preferences/feed/snooze.json/label_values/value,preferences:feed:snooze:label_values:value,feed:snooze:value
293,Facebook,your_facebook_activity/posts/your_videos.json/videos_v2/uri,your_facebook_activity:posts:your_videos:videos_v2:uri,posts:your_videos:uri
294,Facebook,your_facebook_activity/posts/your_videos.json/videos_v2/creation_timestamp,your_facebook_activity:posts:your_videos:videos_v2:creation_timestamp,posts:your_videos:creation_timestamp
295,Facebook,your_facebook_activity/posts/your_videos.json/videos_v2/title,your_facebook_activity:posts:your_videos:videos_v2:title,posts:your_videos:title
296,Facebook,your_facebook_activity/posts/your_videos.json/videos_v2/description,your_facebook_activity:posts:your_videos:videos_v2:description,posts:your_videos:description
297,Facebook,your_facebook_activity/posts/your_videos.json/videos_v2/dubbing_info,your_facebook_activity:posts:your_videos:videos_v2:dubbing_info,posts:your_videos:dubbing_info
298,Facebook,your_facebook_activity/posts/your_videos.json/videos_v2/media_variants,your_facebook_activity:posts:your_videos:videos_v2:media_variants,posts:your_videos:media_variants
300,Facebook,your_facebook_activity/other_activity/your_video_consumption_summary.json/label_values/label,your_facebook_activity:other_activity:your_video_consumption_summary:label_values:label,other_activity:your_video_consumption_summary:label
301,Facebook,your_facebook_activity/comments_and_reactions/comments.json/comments_v2/timestamp,your_facebook_activity:comments_and_reactions:comments:comments_v2:timestamp,comments_and_reactions:comments:comments_v2:timestamp
304,Facebook,your_facebook_activity/groups/your_comments_in_groups.json/group_comments_v2/timestamp,your_facebook_activity:groups:your_comments_in_groups:group_comments_v2:timestamp,groups:your_comments_in_groups:group_comments_v2:timestamp
305,Facebook,your_facebook_activity/groups/your_group_membership_activity.json/groups_joined_v2/timestamp,your_facebook_activity:groups:your_group_membership_activity:groups_joined_v2:timestamp,groups:your_group_membership_activity:timestamp
306,Facebook,your_facebook_activity/groups/your_group_membership_activity.json/groups_joined_v2/title,your_facebook_activity:groups:your_group_membership_activity:groups_joined_v2:title,groups:your_group_membership_activity:title
313,Facebook,your_facebook_activity/saved_items_and_collections/your_saved_items.json/saves_v2/timestamp,your_facebook_activity:saved_items_and_collections:your_saved_items:saves_v2:timestamp,saved_items_and_collections:your_saved_items:timestamp
314,Facebook,your_facebook_activity/saved_items_and_collections/your_saved_items.json/saves_v2/title,your_facebook_activity:saved_items_and_collections:your_saved_items:saves_v2:title,saved_items_and_collections:your_saved_items:title
317,Facebook,your_facebook_activity/stories/story_reactions.json/stories_feedback_v2/title,your_facebook_activity:stories:story_reactions:stories_feedback_v2:title,stories:story_reactions:title
321,Facebook,your_facebook_activity/pages/pages_you've_liked.json/page_likes_v2/name,your_facebook_activity:pages:pages_you've_liked:page_likes_v2:name,pages:pages_you've_liked:name
322,Facebook,your_facebook_activity/pages/pages_you've_liked.json/page_likes_v2/timestamp,your_facebook_activity:pages:pages_you've_liked:page_likes_v2:timestamp,pages:pages_you've_liked:timestamp
323,Facebook,your_facebook_activity/pages/pages_you've_liked.json/page_likes_v2/url,your_facebook_activity:pages:pages_you've_liked:page_likes_v2:url,pages:pages_you've_liked:url
332,Facebook,your_facebook_activity/pages/pages_and_profiles_you_follow.json/pages_followed_v2/timestamp,your_facebook_activity:pages:pages_and_profiles_you_follow:pages_followed_v2:timestamp,pages:pages_and_profiles_you_follow:timestamp
333,Facebook,your_facebook_activity/pages/pages_and_profiles_you_follow.json/pages_followed_v2/title,your_facebook_activity:pages:pages_and_profiles_you_follow:pages_followed_v2:title,pages:pages_and_profiles_you_follow:title
340,Facebook,your_facebook_activity/groups/group_posts_and_comments.json/group_posts_v2/timestamp,your_facebook_activity:groups:group_posts_and_comments:group_posts_v2:timestamp,groups:group_posts_and_comments:timestamp
341,Facebook,your_facebook_activity/groups/group_posts_and_comments.json/group_posts_v2/title,your_facebook_activity:groups:group_posts_and_comments:group_posts_v2:title,groups:group_posts_and_comments:group_posts_v2:title
358,Facebook,your_facebook_activity/posts/edits_you_made_to_posts.json/label_values/label,your_facebook_activity:posts:edits_you_made_to_posts:label_values:label,posts:edits_you_made_to_posts:label
359,Facebook,your_facebook_activity/posts/edits_you_made_to_posts.json/label_values/value,your_facebook_activity:posts:edits_you_made_to_posts:label_values:value,posts:edits_you_made_to_posts:value
360,Facebook,your_facebook_activity/other_activity/time_spent_on_facebook.json/label_values/label,your_facebook_activity:other_activity:time_spent_on_facebook:label_values:label,other_activity:time_spent_on_facebook:label_values:label
361,Facebook,your_facebook_activity/comments_and_reactions/your_comment_edits.json/label_values/label,your_facebook_activity:comments_and_reactions:your_comment_edits:label_values:label,comments_and_reactions:your_comment_edits:label
362,Facebook,your_facebook_activity/comments_and_reactions/your_comment_edits.json/label_values/value,your_facebook_activity:comments_and_reactions:your_comment_edits:label_values:value,comments_and_reactions:your_comment_edits:value
363,Facebook,your_facebook_activity/polls/your_poll_votes.json/label_values/label,polls:your_poll_votes:label,polls:your_poll_votes:label_values:label
364,Facebook,your_facebook_activity/polls/your_poll_votes.json/label_values/value,polls:your_poll_votes:value,polls:your_poll_votes:label_values:value
370,Facebook,logged_information/interactions/groups_you've_visited.json/label_values/label,interactions:groups_you've_visited:label,your_interactions_on_facebook:groups_you_ve_visited:label
371,Facebook,logged_information/interactions/groups_you've_visited.json/label_values/value,interactions:groups_you've_visited:value,your_interactions_on_facebook:groups_you_ve_visited:value
372,Facebook,your_facebook_activity/comments_and_reactions/likes_and_reactions.json/label_values/label,your_facebook_activity:comments_and_reactions:likes_and_reactions:label_values:label,comments_and_reactions:likes_and_reactions:label_values:label
373,Facebook,your_facebook_activity/comments_and_reactions/likes_and_reactions.json/label_values/value,your_facebook_activity:comments_and_reactions:likes_and_reactions:label_values:value,comments_and_reactions:likes_and_reactions:label_values:value
385,Facebook,your_facebook_activity/pages/pages_and_profiles_you_follow.json/pages_followed_v2/data/name,your_facebook_activity:pages:pages_and_profiles_you_follow:pages_followed_v2:data:name,pages:pages_and_profiles_you_follow:name
395,Facebook,your_facebook_activity/comments_and_reactions/likes_and_reactions_1.json/data/reaction/reaction,your_facebook_activity:comments_and_reactions:likes_and_reactions_1:data:reaction:reaction,comments_and_reactions:likes_and_reactions_1:reaction
400,Facebook,your_facebook_activity/comments_and_reactions/comments.json/comments_v2/data/comment/timestamp,your_facebook_activity:comments_and_reactions:comments:comments_v2:data:comment:timestamp,comments_and_reactions:comments:comment:timestamp
401,Facebook,your_facebook_activity/comments_and_reactions/comments.json/comments_v2/data/comment/comment,your_facebook_activity:comments_and_reactions:comments:comments_v2:data:comment:comment,comments_and_reactions:comments:comment
402,Facebook,your_facebook_activity/groups/your_comments_in_groups.json/group_comments_v2/data/comment/timestamp,your_facebook_activity:groups:your_comments_in_groups:group_comments_v2:data:comment:timestamp,groups:your_comments_in_groups:comment:timestamp
403,Facebook,your_facebook_activity/groups/your_comments_in_groups.json/group_comments_v2/data/comment/comment,your_facebook_activity:groups:your_comments_in_groups:group_comments_v2:data:comment:comment,groups:your_comments_in_groups:comment
404,Facebook,your_facebook_activity/groups/your_comments_in_groups.json/group_comments_v2/data/comment/group,your_facebook_activity:groups:your_comments_in_groups:group_comments_v2:data:comment:group,groups:your_comments_in_groups:group
414,Facebook,your_facebook_activity/other_activity/time_spent_on_facebook.json/label_values/vec/dict/label,your_facebook_activity:other_activity:time_spent_on_facebook:label_values:vec:dict:label,other_activity:time_spent_on_facebook:vec:dict:label
415,Facebook,your_facebook_activity/other_activity/time_spent_on_facebook.json/label_values/vec/dict/timestamp_value,your_facebook_activity:other_activity:time_spent_on_facebook:label_values:vec:dict:timestamp_value,other_activity:time_spent_on_facebook:dict:timestamp_value
416,Facebook,your_facebook_activity/posts/your_videos.json/videos_v2/media_metadata/video_metadata/exif_data/upload_timestamp,your_facebook_activity:posts:your_videos:videos_v2:media_metadata:video_metadata:exif_data:upload_timestamp,posts:your_videos:upload_timestamp
426,Facebook,your_facebook_activity/comments_and_reactions/your_comment_active_days.json/media,your_facebook_activity:comments_and_reactions:your_comment_active_days:media,comments_and_reactions:your_comment_active_days:media
427,Facebook,your_facebook_activity/comments_and_reactions/your_comment_active_days.json/fbid,your_facebook_activity:comments_and_reactions:your_comment_active_days:fbid,comments_and_reactions:your_comment_active_days:fbid
432,Facebook,ads_information/advertisers_you've_interacted_with.json/timestamp,ads_information:advertisers_you've_interacted_with:timestamp,ads_information:advertisers_you_ve_interacted_with:timestamp
437,Facebook,logged_information/your_interactions_on_facebook/groups_you've_visited.json/timestamp,your_interactions_on_facebook:groups_you've_visited:timestamp,your_interactions_on_facebook:groups_you_ve_visited:timestamp
438,Facebook,logged_information/your_interactions_on_facebook/groups_you've_visited.json/media,your_interactions_on_facebook:groups_you've_visited:media,your_interactions_on_facebook:groups_you_ve_visited:media
439,Facebook,logged_information/your_interactions_on_facebook/groups_you've_visited.json/fbid,your_interactions_on_facebook:groups_you've_visited:fbid,your_interactions_on_facebook:groups_you_ve_visited:fbid
443,Facebook,your_facebook_activity/comments_and_reactions/your_comment_active_days.json/label_values/label,your_facebook_activity:comments_and_reactions:your_comment_active_days:label_values:label,comments_and_reactions:your_comment_active_days:label
444,Facebook,your_facebook_activity/comments_and_reactions/your_comment_active_days.json/label_values/value,your_facebook_activity:comments_and_reactions:your_comment_active_days:label_values:value,comments_and_reactions:your_comment_active_days:value
447,Facebook,logged_information/your_interactions_on_facebook/recently_visited.json/visited_things_v2/name,your_interactions_on_facebook:recently_visited:visited_things_v2:name,interactions:recently_visited:visited_things_v2:name
448,Facebook,logged_information/your_interactions_on_facebook/recently_visited.json/visited_things_v2/description,your_interactions_on_facebook:recently_visited:description,interactions:recently_visited:description
449,Facebook,logged_information/your_interactions_on_facebook/recently_viewed.json/recently_viewed/name,your_interactions_on_facebook:recently_viewed:recently_viewed:name,interactions:recently_viewed:recently_viewed:name
450,Facebook,logged_information/your_interactions_on_facebook/recently_viewed.json/recently_viewed/description,your_interactions_on_facebook:recently_viewed:recently_viewed:description,interactions:recently_viewed:recently_viewed:description
454,Facebook,logged_information/your_interactions_on_facebook/groups_you've_visited.json/label_values/label,your_interactions_on_facebook:groups_you've_visited:label,your_interactions_on_facebook:groups_you_ve_visited:label
455,Facebook,logged_information/your_interactions_on_facebook/groups_you've_visited.json/label_values/value,your_interactions_on_facebook:groups_you've_visited:value,your_interactions_on_facebook:groups_you_ve_visited:value
457,Facebook,your_facebook_activity/groups/group_posts_and_comments.json/group_posts_v2/data/post,your_facebook_activity:groups:group_posts_and_comments:group_posts_v2:data:post,groups:group_posts_and_comments:post
458,Facebook,your_facebook_activity/groups/your_group_membership_activity.json/groups_joined_v2/data/name,your_facebook_activity:groups:your_group_membership_activity:groups_joined_v2:data:name,groups:your_group_membership_activity:name
459,Facebook,logged_information/your_interactions_on_facebook/recently_visited.json/visited_things_v2/entries/timestamp,your_interactions_on_facebook:recently_visited:timestamp,interactions:recently_visited:timestamp
461,Facebook,logged_information/your_interactions_on_facebook/recently_viewed.json/recently_viewed/entries/timestamp,your_interactions_on_facebook:recently_viewed:recently_viewed:entries:timestamp,interactions:recently_viewed:recently_viewed:entries:timestamp
462,Facebook,logged_information/your_interactions_on_facebook/recently_visited.json/visited_things_v2/entries/data/name,your_interactions_on_facebook:recently_visited:data:name,interactions:recently_visited:data:name
463,Facebook,logged_information/your_interactions_on_facebook/recently_visited.json/visited_things_v2/entries/data/uri,your_interactions_on_facebook:recently_visited:uri,interactions:recently_visited:uri
464,Facebook,logged_information/your_interactions_on_facebook/recently_viewed.json/recently_viewed/entries/data/name,your_interactions_on_facebook:recently_viewed:recently_viewed:entries:data:name,interactions:recently_viewed:recently_viewed:entries:data:name
465,Facebook,logged_information/your_interactions_on_facebook/recently_viewed.json/recently_viewed/entries/data/uri,your_interactions_on_facebook:recently_viewed:recently_viewed:entries:data:uri,interactions:recently_viewed:recently_viewed:entries:data:uri
501,Facebook,your_facebook_activity/other_activity/time_spent_on_facebook.json/timestamp,your_facebook_activity:other_activity:time_spent_on_facebook:timestamp,other_activity:time_spent_on_facebook:timestamp
502,Facebook,your_facebook_activity/other_activity/time_spent_on_facebook.json/fbid,your_facebook_activity:other_activity:time_spent_on_facebook:fbid,other_activity:time_spent_on_facebook:fbid
521,Facebook,your_facebook_activity/other_activity/time_spent_on_facebook.json/media,your_facebook_activity:other_activity:time_spent_on_facebook:media,other_activity:time_spent_on_facebook:media
523,Facebook,your_facebook_activity/other_activity/your_video_consumption_summary.json/media,your_facebook_activity:other_activity:your_video_consumption_summary:media,other_activity:your_video_consumption_summary:media
536,Facebook,your_facebook_activity/comments_and_reactions/likes_and_reactions.json/media,your_facebook_activity:comments_and_reactions:likes_and_reactions:media,comments_and_reactions:likes_and_reactions:media
550,Facebook,your_facebook_activity/pages/pages_you_ve_liked.json/page_likes_v2/name,pages:pages_you_ve_liked:name,pages:pages_you've_liked:name
551,Facebook,your_facebook_activity/pages/pages_you_ve_liked.json/page_likes_v2/timestamp,pages:pages_you_ve_liked:timestamp,pages:pages_you've_liked:timestamp
552,Facebook,your_facebook_activity/pages/pages_you_ve_liked.json/page_likes_v2/url,pages:pages_you_ve_liked:url,pages:pages_you've_liked:url
571,Facebook,connections/followers/who_you_ve_followed.json/following_v3/name,followers:who_you_ve_followed:name,followers:who_you've_followed:name
572,Facebook,connections/followers/who_you_ve_followed.json/following_v3/timestamp,followers:who_you_ve_followed:timestamp,followers:who_you've_followed:timestamp
582,Facebook,ads_information/advertisers_you_ve_interacted_with.json/history_v2/title,ads_information:advertisers_you_ve_interacted_with:title,ads_information:advertisers_you've_interacted_with:title
583,Facebook,ads_information/advertisers_you_ve_interacted_with.json/history_v2/action,ads_information:advertisers_you_ve_interacted_with:action,ads_information:advertisers_you've_interacted_with:action
597,Facebook,logged_information/your_interactions_on_facebook/recently_viewed.json/recently_viewed/children/name,your_interactions_on_facebook:recently_viewed:children:name,interactions:recently_viewed:children:name
598,Facebook,logged_information/your_interactions_on_facebook/recently_viewed.json/recently_viewed/children/description,your_interactions_on_facebook:recently_viewed:children:description,interactions:recently_viewed:children:description
606,Facebook,logged_information/your_interactions_on_facebook/recently_viewed.json/recently_viewed/children/entries/timestamp,your_interactions_on_facebook:recently_viewed:children:entries:timestamp,interactions:recently_viewed:children:entries:timestamp
607,Facebook,logged_information/your_interactions_on_facebook/recently_visited.json/visited_things_v2/entries/data/value,your_interactions_on_facebook:recently_visited:value,interactions:recently_visited:value
617,Facebook,logged_information/your_interactions_on_facebook/recently_viewed.json/recently_viewed/children/entries/data/value,your_interactions_on_facebook:recently_viewed:value,interactions:recently_viewed:value
618,Facebook,logged_information/your_interactions_on_facebook/recently_viewed.json/recently_viewed/children/entries/data/name,your_interactions_on_facebook:recently_viewed:children:entries:data:name,interactions:recently_viewed:children:entries:data:name
619,Facebook,logged_information/your_interactions_on_facebook/recently_viewed.json/recently_viewed/children/entries/data/uri,your_interactions_on_facebook:recently_viewed:children:entries:data:uri,interactions:recently_viewed:children:entries:data:uri
623,Facebook,your_activity_across_facebook/other_activity/your_recently_followed_history.json/media,your_activity_across_facebook:other_activity:your_recently_followed_history:media,your_facebook_activity:other_activity:your_recently_followed_history:media
628,Facebook,your_activity_across_facebook/posts/your_posts__check_ins__photos_and_videos_1.json/timestamp,your_activity_across_facebook:posts:your_posts__check_ins__photos_and_videos_1:timestamp,your_facebook_activity:posts:your_posts__check_ins__photos_and_videos_1:timestamp
629,Facebook,your_activity_across_facebook/comments_and_reactions/likes_and_reactions_1.json/timestamp,your_activity_across_facebook:comments_and_reactions:likes_and_reactions_1:timestamp,comments_and_reactions:likes_and_reactions_1:timestamp
630,Facebook,your_activity_across_facebook/groups/group_posts_and_comments.json/group_posts_v2/timestamp,your_activity_across_facebook:groups:group_posts_and_comments:group_posts_v2:timestamp,groups:group_posts_and_comments:timestamp
631,Facebook,your_activity_across_facebook/groups/group_posts_and_comments.json/group_posts_v2/title,your_activity_across_facebook:groups:group_posts_and_comments:group_posts_v2:title,groups:group_posts_and_comments:group_posts_v2:title
632,Facebook,your_activity_across_facebook/groups/your_group_membership_activity.json/groups_joined_v2/timestamp,your_activity_across_facebook:groups:your_group_membership_activity:groups_joined_v2:timestamp,groups:your_group_membership_activity:timestamp
633,Facebook,your_activity_across_facebook/groups/your_group_membership_activity.json/groups_joined_v2/title,your_activity_across_facebook:groups:your_group_membership_activity:groups_joined_v2:title,groups:your_group_membership_activity:title
634,Facebook,your_activity_across_facebook/groups/your_groups.json/groups_admined_v2/name,your_activity_across_facebook:groups:your_groups:groups_admined_v2:name,your_facebook_activity:groups:your_groups:groups_admined_v2:name
635,Facebook,your_activity_across_facebook/groups/your_groups.json/groups_admined_v2/timestamp,your_activity_across_facebook:groups:your_groups:groups_admined_v2:timestamp,your_facebook_activity:groups:your_groups:groups_admined_v2:timestamp
636,Facebook,your_activity_across_facebook/pages/pages_and_profiles_you_follow.json/pages_followed_v2/timestamp,your_activity_across_facebook:pages:pages_and_profiles_you_follow:pages_followed_v2:timestamp,pages:pages_and_profiles_you_follow:timestamp
637,Facebook,your_activity_across_facebook/pages/pages_and_profiles_you_follow.json/pages_followed_v2/title,your_activity_across_facebook:pages:pages_and_profiles_you_follow:pages_followed_v2:title,pages:pages_and_profiles_you_follow:title
638,Facebook,your_activity_across_facebook/pages/pages_you've_liked.json/page_likes_v2/name,your_activity_across_facebook:pages:pages_you've_liked:page_likes_v2:name,pages:pages_you've_liked:name
639,Facebook,your_activity_across_facebook/pages/pages_you've_liked.json/page_likes_v2/timestamp,your_activity_across_facebook:pages:pages_you've_liked:page_likes_v2:timestamp,pages:pages_you've_liked:timestamp
640,Facebook,your_activity_across_facebook/pages/pages_you've_liked.json/page_likes_v2/url,your_activity_across_facebook:pages:pages_you've_liked:page_likes_v2:url,pages:pages_you've_liked:url
641,Facebook,your_activity_across_facebook/polls/polls_you_voted_on.json/poll_votes_v2/timestamp,your_activity_across_facebook:polls:polls_you_voted_on:poll_votes_v2:timestamp,your_facebook_activity:polls:polls_you_voted_on:poll_votes_v2:timestamp
642,Facebook,your_activity_across_facebook/polls/polls_you_voted_on.json/poll_votes_v2/title,your_activity_across_facebook:polls:polls_you_voted_on:poll_votes_v2:title,your_facebook_activity:polls:polls_you_voted_on:poll_votes_v2:title
643,Facebook,your_activity_across_facebook/other_activity/your_recently_followed_history.json/label_values/label,your_activity_across_facebook:other_activity:your_recently_followed_history:label_values:label,your_facebook_activity:other_activity:your_recently_followed_history:label_values:label
646,Facebook,your_activity_across_facebook/groups/your_comments_in_groups.json/group_comments_v2/timestamp,your_activity_across_facebook:groups:your_comments_in_groups:group_comments_v2:timestamp,groups:your_comments_in_groups:group_comments_v2:timestamp
647,Facebook,your_activity_across_facebook/comments_and_reactions/comments.json/comments_v2/timestamp,your_activity_across_facebook:comments_and_reactions:comments:comments_v2:timestamp,comments_and_reactions:comments:comments_v2:timestamp
648,Facebook,your_activity_across_facebook/posts/your_posts__check_ins__photos_and_videos_1.json/data/post,your_activity_across_facebook:posts:your_posts__check_ins__photos_and_videos_1:data:post,your_facebook_activity:posts:your_posts__check_ins__photos_and_videos_1:data:post
649,Facebook,your_activity_across_facebook/groups/group_posts_and_comments.json/group_posts_v2/data/post,your_activity_across_facebook:groups:group_posts_and_comments:group_posts_v2:data:post,groups:group_posts_and_comments:post
650,Facebook,your_activity_across_facebook/groups/your_group_membership_activity.json/groups_joined_v2/data/name,your_activity_across_facebook:groups:your_group_membership_activity:groups_joined_v2:data:name,groups:your_group_membership_activity:name
651,Facebook,your_activity_across_facebook/pages/pages_and_profiles_you_follow.json/pages_followed_v2/data/name,your_activity_across_facebook:pages:pages_and_profiles_you_follow:pages_followed_v2:data:name,pages:pages_and_profiles_you_follow:name
652,Facebook,your_activity_across_facebook/comments_and_reactions/likes_and_reactions_1.json/data/reaction/reaction,your_activity_across_facebook:comments_and_reactions:likes_and_reactions_1:data:reaction:reaction,comments_and_reactions:likes_and_reactions_1:reaction
653,Facebook,your_activity_across_facebook/other_activity/your_recently_followed_history.json/label_values/vec/dict/label,your_activity_across_facebook:other_activity:your_recently_followed_history:label_values:vec:dict:label,your_facebook_activity:other_activity:your_recently_followed_history:label_values:vec:dict:label
654,Facebook,your_activity_across_facebook/other_activity/your_recently_followed_history.json/label_values/vec/dict/value,your_activity_across_facebook:other_activity:your_recently_followed_history:label_values:vec:dict:value,your_facebook_activity:other_activity:your_recently_followed_history:label_values:vec:dict:value
655,Facebook,your_activity_across_facebook/groups/your_comments_in_groups.json/group_comments_v2/data/comment/timestamp,your_activity_across_facebook:groups:your_comments_in_groups:group_comments_v2:data:comment:timestamp,groups:your_comments_in_groups:comment:timestamp
656,Facebook,your_activity_across_facebook/groups/your_comments_in_groups.json/group_comments_v2/data/comment/comment,your_activity_across_facebook:groups:your_comments_in_groups:group_comments_v2:data:comment:comment,groups:your_comments_in_groups:comment
657,Facebook,your_activity_across_facebook/groups/your_comments_in_groups.json/group_comments_v2/data/comment/group,your_activity_across_facebook:groups:your_comments_in_groups:group_comments_v2:data:comment:group,groups:your_comments_in_groups:group
658,Facebook,your_activity_across_facebook/comments_and_reactions/comments.json/comments_v2/data/comment/timestamp,your_activity_across_facebook:comments_and_reactions:comments:comments_v2:data:comment:timestamp,comments_and_reactions:comments:comment:timestamp
659,Facebook,your_activity_across_facebook/comments_and_reactions/comments.json/comments_v2/data/comment/comment,your_activity_across_facebook:comments_and_reactions:comments:comments_v2:data:comment:comment,comments_and_reactions:comments:comment
660,Facebook,your_activity_across_facebook/posts/your_posts__check_ins__photos_and_videos_1.json/attachments/data/external_context/url,your_activity_across_facebook:posts:your_posts__check_ins__photos_and_videos_1:attachments:data:external_context:url,your_facebook_activity:posts:your_posts__check_ins__photos_and_videos_1:attachments:data:external_context:url
662,Facebook,logged_information/your_interactions_on_facebook/recently_viewed.json/recently_viewed/children/entries/data/watch_time,your_interactions_on_facebook:recently_viewed:watch_time,interactions:recently_viewed:watch_time
663,Facebook,your_activity_across_facebook/polls/polls_you_voted_on.json/poll_votes_v2/attachments/data/poll/options/option,your_activity_across_facebook:polls:polls_you_voted_on:attachments:data:poll:options:option,your_facebook_activity:polls:polls_you_voted_on:attachments:data:poll:options:option
664,Facebook,your_activity_across_facebook/polls/polls_you_voted_on.json/poll_votes_v2/attachments/data/poll/options/voted,your_activity_across_facebook:polls:polls_you_voted_on:attachments:data:poll:options:voted,your_facebook_activity:polls:polls_you_voted_on:attachments:data:poll:options:voted
726,Facebook,personal_information/profile_information/preferences/preferences/privacy_settings.json/media,profile_information:preferences:preferences:privacy_settings:media,preferences:preferences:privacy_settings:media
727,Facebook,personal_information/profile_information/preferences/preferences/privacy_settings.json/fbid,profile_information:preferences:preferences:privacy_settings:fbid,preferences:preferences:privacy_settings:fbid
728,Facebook,personal_information/profile_information/preferences/preferences/your_story_highlights.json/media,profile_information:preferences:preferences:your_story_highlights:media,preferences:preferences:your_story_highlights:media
729,Facebook,personal_information/profile_information/preferences/preferences/your_story_highlights.json/fbid,profile_information:preferences:preferences:your_story_highlights:fbid,preferences:preferences:your_story_highlights:fbid
730,Facebook,personal_information/profile_information/preferences/preferences/reels_preferences.json/media,profile_information:preferences:preferences:reels_preferences:media,preferences:preferences:reels_preferences:media
731,Facebook,personal_information/profile_information/preferences/preferences/reels_preferences.json/fbid,profile_information:preferences:preferences:reels_preferences:fbid,preferences:preferences:reels_preferences:fbid
732,Facebook,personal_information/profile_information/preferences/preferences/your_watch_settings.json/media,profile_information:preferences:preferences:your_watch_settings:media,preferences:preferences:your_watch_settings:media
733,Facebook,personal_information/profile_information/preferences/preferences/your_watch_settings.json/fbid,profile_information:preferences:preferences:your_watch_settings:fbid,preferences:preferences:your_watch_settings:fbid
734,Facebook,personal_information/profile_information/preferences/feed/snooze.json/media,profile_information:preferences:feed:snooze:media,feed:snooze:media
735,Facebook,personal_information/profile_information/preferences/feed/snooze.json/fbid,profile_information:preferences:feed:snooze:fbid,feed:snooze:fbid
736,Facebook,personal_information/profile_information/your_facebook_activity/other_activity/your_recently_followed_history.json/media,profile_information:your_facebook_activity:other_activity:your_recently_followed_history:media,your_facebook_activity:other_activity:your_recently_followed_history:media
737,Facebook,personal_information/profile_information/your_facebook_activity/other_activity/your_recently_followed_history.json/fbid,profile_information:your_facebook_activity:other_activity:your_recently_followed_history:fbid,your_facebook_activity:other_activity:your_recently_followed_history:fbid
738,Facebook,personal_information/profile_information/your_facebook_activity/other_activity/your_information_download_requests.json/timestamp,profile_information:your_facebook_activity:other_activity:your_information_download_requests:timestamp,your_facebook_activity:other_activity:your_information_download_requests:timestamp
739,Facebook,personal_information/profile_information/your_facebook_activity/other_activity/your_video_consumption_summary.json/media,profile_information:your_facebook_activity:other_activity:your_video_consumption_summary:media,other_activity:your_video_consumption_summary:media
740,Facebook,personal_information/profile_information/your_facebook_activity/other_activity/your_video_consumption_summary.json/fbid,profile_information:your_facebook_activity:other_activity:your_video_consumption_summary:fbid,other_activity:your_video_consumption_summary:fbid
741,Facebook,personal_information/profile_information/your_facebook_activity/comments_and_reactions/your_comment_active_days.json/media,profile_information:your_facebook_activity:comments_and_reactions:your_comment_active_days:media,comments_and_reactions:your_comment_active_days:media
742,Facebook,personal_information/profile_information/your_facebook_activity/comments_and_reactions/your_comment_active_days.json/fbid,profile_information:your_facebook_activity:comments_and_reactions:your_comment_active_days:fbid,comments_and_reactions:your_comment_active_days:fbid
747,Facebook,personal_information/profile_information/your_facebook_activity/posts/posts_on_other_pages_and_profiles.json/timestamp,profile_information:your_facebook_activity:posts:posts_on_other_pages_and_profiles:timestamp,your_facebook_activity:posts:posts_on_other_pages_and_profiles:timestamp
748,Facebook,personal_information/profile_information/your_facebook_activity/posts/posts_on_other_pages_and_profiles.json/media,profile_information:your_facebook_activity:posts:posts_on_other_pages_and_profiles:media,your_facebook_activity:posts:posts_on_other_pages_and_profiles:media
749,Facebook,personal_information/profile_information/your_facebook_activity/posts/posts_on_other_pages_and_profiles.json/fbid,profile_information:your_facebook_activity:posts:posts_on_other_pages_and_profiles:fbid,your_facebook_activity:posts:posts_on_other_pages_and_profiles:fbid
750,Facebook,personal_information/profile_information/your_facebook_activity/posts/content_sharing_links_you_have_created.json/timestamp,profile_information:your_facebook_activity:posts:content_sharing_links_you_have_created:timestamp,your_facebook_activity:posts:content_sharing_links_you_have_created:timestamp
751,Facebook,personal_information/profile_information/your_facebook_activity/posts/content_sharing_links_you_have_created.json/media,profile_information:your_facebook_activity:posts:content_sharing_links_you_have_created:media,your_facebook_activity:posts:content_sharing_links_you_have_created:media
752,Facebook,personal_information/profile_information/your_facebook_activity/posts/content_sharing_links_you_have_created.json/fbid,profile_information:your_facebook_activity:posts:content_sharing_links_you_have_created:fbid,your_facebook_activity:posts:content_sharing_links_you_have_created:fbid
753,Facebook,personal_information/profile_information/your_facebook_activity/other_activity/time_spent_on_facebook.json/timestamp,profile_information:your_facebook_activity:other_activity:time_spent_on_facebook:timestamp,other_activity:time_spent_on_facebook:timestamp
754,Facebook,personal_information/profile_information/your_facebook_activity/other_activity/time_spent_on_facebook.json/media,profile_information:your_facebook_activity:other_activity:time_spent_on_facebook:media,other_activity:time_spent_on_facebook:media
755,Facebook,personal_information/profile_information/your_facebook_activity/other_activity/time_spent_on_facebook.json/fbid,profile_information:your_facebook_activity:other_activity:time_spent_on_facebook:fbid,other_activity:time_spent_on_facebook:fbid
756,Facebook,personal_information/profile_information/your_facebook_activity/comments_and_reactions/likes_and_reactions_1.json/timestamp,profile_information:your_facebook_activity:comments_and_reactions:likes_and_reactions_1:timestamp,comments_and_reactions:likes_and_reactions_1:timestamp
757,Facebook,personal_information/profile_information/your_facebook_activity/comments_and_reactions/your_comment_edits.json/timestamp,profile_information:your_facebook_activity:comments_and_reactions:your_comment_edits:timestamp,comments_and_reactions:your_comment_edits:timestamp
758,Facebook,personal_information/profile_information/your_facebook_activity/comments_and_reactions/your_comment_edits.json/media,profile_information:your_facebook_activity:comments_and_reactions:your_comment_edits:media,comments_and_reactions:your_comment_edits:media
759,Facebook,personal_information/profile_information/your_facebook_activity/comments_and_reactions/your_comment_edits.json/fbid,profile_information:your_facebook_activity:comments_and_reactions:your_comment_edits:fbid,comments_and_reactions:your_comment_edits:fbid
760,Facebook,personal_information/profile_information/your_facebook_activity/posts/edits_you_made_to_posts.json/timestamp,profile_information:your_facebook_activity:posts:edits_you_made_to_posts:timestamp,posts:edits_you_made_to_posts:timestamp
761,Facebook,personal_information/profile_information/your_facebook_activity/posts/edits_you_made_to_posts.json/media,profile_information:your_facebook_activity:posts:edits_you_made_to_posts:media,posts:edits_you_made_to_posts:media
762,Facebook,personal_information/profile_information/your_facebook_activity/posts/edits_you_made_to_posts.json/fbid,profile_information:your_facebook_activity:posts:edits_you_made_to_posts:fbid,posts:edits_you_made_to_posts:fbid
763,Facebook,personal_information/profile_information/your_facebook_activity/comments_and_reactions/likes_and_reactions.json/timestamp,profile_information:your_facebook_activity:comments_and_reactions:likes_and_reactions:timestamp,comments_and_reactions:likes_and_reactions:timestamp
764,Facebook,personal_information/profile_information/your_facebook_activity/comments_and_reactions/likes_and_reactions.json/media,profile_information:your_facebook_activity:comments_and_reactions:likes_and_reactions:media,comments_and_reactions:likes_and_reactions:media
765,Facebook,personal_information/profile_information/your_facebook_activity/comments_and_reactions/likes_and_reactions.json/fbid,profile_information:your_facebook_activity:comments_and_reactions:likes_and_reactions:fbid,comments_and_reactions:likes_and_reactions:fbid
766,Facebook,personal_information/profile_information/your_facebook_activity/posts/your_posts__check_ins__photos_and_videos_1.json/timestamp,profile_information:your_facebook_activity:posts:your_posts__check_ins__photos_and_videos_1:timestamp,your_facebook_activity:posts:your_posts__check_ins__photos_and_videos_1:timestamp
767,Facebook,personal_information/profile_information/preferences/preferences/privacy_settings.json/label_values/label,profile_information:preferences:preferences:privacy_settings:label_values:label,preferences:preferences:privacy_settings:label_values:label
768,Facebook,personal_information/profile_information/preferences/preferences/your_story_highlights.json/label_values/label,profile_information:preferences:preferences:your_story_highlights:label_values:label,preferences:preferences:your_story_highlights:label_values:label
769,Facebook,personal_information/profile_information/preferences/preferences/your_story_highlights.json/label_values/value,profile_information:preferences:preferences:your_story_highlights:label_values:value,preferences:preferences:your_story_highlights:label_values:value
770,Facebook,personal_information/profile_information/preferences/preferences/reels_preferences.json/label_values/label,profile_information:preferences:preferences:reels_preferences:label_values:label,preferences:preferences:reels_preferences:label_values:label
771,Facebook,personal_information/profile_information/preferences/preferences/reels_preferences.json/label_values/value,profile_information:preferences:preferences:reels_preferences:label_values:value,preferences:preferences:reels_preferences:label_values:value
772,Facebook,personal_information/profile_information/preferences/preferences/video.json/watch_videos_v2/video_title,profile_information:preferences:preferences:video:watch_videos_v2:video_title,preferences:preferences:video:watch_videos_v2:video_title
773,Facebook,personal_information/profile_information/preferences/preferences/video.json/watch_videos_v2/user_action,profile_information:preferences:preferences:video:watch_videos_v2:user_action,preferences:preferences:video:watch_videos_v2:user_action
774,Facebook,personal_information/profile_information/preferences/preferences/video.json/watch_videos_v2/action_time,profile_information:preferences:preferences:video:watch_videos_v2:action_time,preferences:preferences:video:watch_videos_v2:action_time
775,Facebook,personal_information/profile_information/preferences/preferences/video.json/watch_videos_v2/feedback_collection,profile_information:preferences:preferences:video:watch_videos_v2:feedback_collection,preferences:preferences:video:watch_videos_v2:feedback_collection
776,Facebook,personal_information/profile_information/preferences/preferences/your_watch_settings.json/label_values/label,profile_information:preferences:preferences:your_watch_settings:label_values:label,preferences:preferences:your_watch_settings:label_values:label
777,Facebook,personal_information/profile_information/preferences/preferences/your_watch_settings.json/label_values/value,profile_information:preferences:preferences:your_watch_settings:label_values:value,preferences:preferences:your_watch_settings:label_values:value
778,Facebook,personal_information/profile_information/preferences/feed/controls.json/controls/name,profile_information:preferences:feed:controls:controls:name,feed:controls:controls:name
779,Facebook,personal_information/profile_information/preferences/feed/controls.json/controls/description,profile_information:preferences:feed:controls:controls:description,feed:controls:description
780,Facebook,personal_information/profile_information/preferences/feed/snooze.json/label_values/label,profile_information:preferences:feed:snooze:label_values:label,feed:snooze:label
781,Facebook,personal_information/profile_information/preferences/feed/snooze.json/label_values/value,profile_information:preferences:feed:snooze:label_values:value,feed:snooze:value
782,Facebook,personal_information/profile_information/your_facebook_activity/posts/your_videos.json/videos_v2/uri,profile_information:your_facebook_activity:posts:your_videos:videos_v2:uri,posts:your_videos:uri
783,Facebook,personal_information/profile_information/your_facebook_activity/posts/your_videos.json/videos_v2/creation_timestamp,profile_information:your_facebook_activity:posts:your_videos:videos_v2:creation_timestamp,posts:your_videos:creation_timestamp
784,Facebook,personal_information/profile_information/your_facebook_activity/posts/your_videos.json/videos_v2/title,profile_information:your_facebook_activity:posts:your_videos:videos_v2:title,posts:your_videos:title
785,Facebook,personal_information/profile_information/your_facebook_activity/posts/your_videos.json/videos_v2/description,profile_information:your_facebook_activity:posts:your_videos:videos_v2:description,posts:your_videos:description
786,Facebook,personal_information/profile_information/your_facebook_activity/posts/your_videos.json/videos_v2/dubbing_info,profile_information:your_facebook_activity:posts:your_videos:videos_v2:dubbing_info,posts:your_videos:dubbing_info
787,Facebook,personal_information/profile_information/your_facebook_activity/posts/your_videos.json/videos_v2/media_variants,profile_information:your_facebook_activity:posts:your_videos:videos_v2:media_variants,posts:your_videos:media_variants
788,Facebook,personal_information/profile_information/your_facebook_activity/other_activity/your_recently_followed_history.json/label_values/label,profile_information:your_facebook_activity:other_activity:your_recently_followed_history:label_values:label,your_facebook_activity:other_activity:your_recently_followed_history:label_values:label
789,Facebook,personal_information/profile_information/your_facebook_activity/other_activity/your_video_consumption_summary.json/label_values/label,profile_information:your_facebook_activity:other_activity:your_video_consumption_summary:label_values:label,other_activity:your_video_consumption_summary:label
790,Facebook,personal_information/profile_information/your_facebook_activity/comments_and_reactions/comments.json/comments_v2/timestamp,profile_information:your_facebook_activity:comments_and_reactions:comments:comments_v2:timestamp,comments_and_reactions:comments:comments_v2:timestamp
791,Facebook,personal_information/profile_information/your_facebook_activity/comments_and_reactions/your_comment_active_days.json/label_values/label,profile_information:your_facebook_activity:comments_and_reactions:your_comment_active_days:label_values:label,comments_and_reactions:your_comment_active_days:label
792,Facebook,personal_information/profile_information/your_facebook_activity/comments_and_reactions/your_comment_active_days.json/label_values/value,profile_information:your_facebook_activity:comments_and_reactions:your_comment_active_days:label_values:value,comments_and_reactions:your_comment_active_days:value
793,Facebook,personal_information/profile_information/your_facebook_activity/groups/your_comments_in_groups.json/group_comments_v2/timestamp,profile_information:your_facebook_activity:groups:your_comments_in_groups:group_comments_v2:timestamp,groups:your_comments_in_groups:group_comments_v2:timestamp
794,Facebook,personal_information/profile_information/your_facebook_activity/groups/your_group_membership_activity.json/groups_joined_v2/timestamp,profile_information:your_facebook_activity:groups:your_group_membership_activity:groups_joined_v2:timestamp,groups:your_group_membership_activity:timestamp
795,Facebook,personal_information/profile_information/your_facebook_activity/groups/your_group_membership_activity.json/groups_joined_v2/title,profile_information:your_facebook_activity:groups:your_group_membership_activity:groups_joined_v2:title,groups:your_group_membership_activity:title
796,Facebook,personal_information/profile_information/your_facebook_activity/saved_items_and_collections/your_saved_items.json/saves_v2/timestamp,profile_information:your_facebook_activity:saved_items_and_collections:your_saved_items:saves_v2:timestamp,saved_items_and_collections:your_saved_items:timestamp
797,Facebook,personal_information/profile_information/your_facebook_activity/saved_items_and_collections/your_saved_items.json/saves_v2/title,profile_information:your_facebook_activity:saved_items_and_collections:your_saved_items:saves_v2:title,saved_items_and_collections:your_saved_items:title
798,Facebook,personal_information/profile_information/your_facebook_activity/stories/story_reactions.json/stories_feedback_v2/title,profile_information:your_facebook_activity:stories:story_reactions:stories_feedback_v2:title,stories:story_reactions:title
799,Facebook,personal_information/profile_information/your_facebook_activity/pages/pages_you've_liked.json/page_likes_v2/name,profile_information:your_facebook_activity:pages:pages_you've_liked:page_likes_v2:name,pages:pages_you've_liked:name
800,Facebook,personal_information/profile_information/your_facebook_activity/pages/pages_you've_liked.json/page_likes_v2/timestamp,profile_information:your_facebook_activity:pages:pages_you've_liked:page_likes_v2:timestamp,pages:pages_you've_liked:timestamp
801,Facebook,personal_information/profile_information/your_facebook_activity/pages/pages_you've_liked.json/page_likes_v2/url,profile_information:your_facebook_activity:pages:pages_you've_liked:page_likes_v2:url,pages:pages_you've_liked:url
802,Facebook,personal_information/profile_information/your_facebook_activity/pages/pages_and_profiles_you_follow.json/pages_followed_v2/timestamp,profile_information:your_facebook_activity:pages:pages_and_profiles_you_follow:pages_followed_v2:timestamp,pages:pages_and_profiles_you_follow:timestamp
803,Facebook,personal_information/profile_information/your_facebook_activity/pages/pages_and_profiles_you_follow.json/pages_followed_v2/title,profile_information:your_facebook_activity:pages:pages_and_profiles_you_follow:pages_followed_v2:title,pages:pages_and_profiles_you_follow:title
804,Facebook,personal_information/profile_information/your_facebook_activity/posts/posts_on_other_pages_and_profiles.json/label_values/label,profile_information:your_facebook_activity:posts:posts_on_other_pages_and_profiles:label_values:label,your_facebook_activity:posts:posts_on_other_pages_and_profiles:label_values:label
805,Facebook,personal_information/profile_information/your_facebook_activity/posts/posts_on_other_pages_and_profiles.json/label_values/value,profile_information:your_facebook_activity:posts:posts_on_other_pages_and_profiles:label_values:value,your_facebook_activity:posts:posts_on_other_pages_and_profiles:label_values:value
806,Facebook,personal_information/profile_information/your_facebook_activity/posts/content_sharing_links_you_have_created.json/label_values/label,profile_information:your_facebook_activity:posts:content_sharing_links_you_have_created:label_values:label,your_facebook_activity:posts:content_sharing_links_you_have_created:label_values:label
807,Facebook,personal_information/profile_information/your_facebook_activity/posts/content_sharing_links_you_have_created.json/label_values/value,profile_information:your_facebook_activity:posts:content_sharing_links_you_have_created:label_values:value,your_facebook_activity:posts:content_sharing_links_you_have_created:label_values:value
808,Facebook,personal_information/profile_information/your_facebook_activity/posts/content_sharing_links_you_have_created.json/label_values/href,profile_information:your_facebook_activity:posts:content_sharing_links_you_have_created:label_values:href,your_facebook_activity:posts:content_sharing_links_you_have_created:label_values:href
809,Facebook,personal_information/profile_information/your_facebook_activity/other_activity/time_spent_on_facebook.json/label_values/label,profile_information:your_facebook_activity:other_activity:time_spent_on_facebook:label_values:label,other_activity:time_spent_on_facebook:label_values:label
810,Facebook,personal_information/profile_information/your_facebook_activity/comments_and_reactions/your_comment_edits.json/label_values/label,profile_information:your_facebook_activity:comments_and_reactions:your_comment_edits:label_values:label,comments_and_reactions:your_comment_edits:label
811,Facebook,personal_information/profile_information/your_facebook_activity/comments_and_reactions/your_comment_edits.json/label_values/value,profile_information:your_facebook_activity:comments_and_reactions:your_comment_edits:label_values:value,comments_and_reactions:your_comment_edits:value
812,Facebook,personal_information/profile_information/your_facebook_activity/posts/edits_you_made_to_posts.json/label_values/label,profile_information:your_facebook_activity:posts:edits_you_made_to_posts:label_values:label,posts:edits_you_made_to_posts:label
813,Facebook,personal_information/profile_information/your_facebook_activity/posts/edits_you_made_to_posts.json/label_values/value,profile_information:your_facebook_activity:posts:edits_you_made_to_posts:label_values:value,posts:edits_you_made_to_posts:value
814,Facebook,personal_information/profile_information/your_facebook_activity/comments_and_reactions/likes_and_reactions.json/label_values/label,profile_information:your_facebook_activity:comments_and_reactions:likes_and_reactions:label_values:label,comments_and_reactions:likes_and_reactions:label_values:label
815,Facebook,personal_information/profile_information/your_facebook_activity/comments_and_reactions/likes_and_reactions.json/label_values/value,profile_information:your_facebook_activity:comments_and_reactions:likes_and_reactions:label_values:value,comments_and_reactions:likes_and_reactions:label_values:value
816,Facebook,personal_information/profile_information/your_facebook_activity/posts/your_posts__check_ins__photos_and_videos_1.json/data/update_timestamp,profile_information:your_facebook_activity:posts:your_posts__check_ins__photos_and_videos_1:data:update_timestamp,your_facebook_activity:posts:your_posts__check_ins__photos_and_videos_1:data:update_timestamp
818,Facebook,personal_information/profile_information/preferences/preferences/privacy_settings.json/label_values/dict/label,profile_information:preferences:preferences:privacy_settings:label_values:dict:label,preferences:preferences:privacy_settings:label_values:dict:label
819,Facebook,personal_information/profile_information/preferences/preferences/privacy_settings.json/label_values/dict/value,profile_information:preferences:preferences:privacy_settings:label_values:dict:value,preferences:preferences:privacy_settings:label_values:dict:value
821,Facebook,personal_information/profile_information/your_facebook_activity/groups/your_group_membership_activity.json/groups_joined_v2/data/name,profile_information:your_facebook_activity:groups:your_group_membership_activity:groups_joined_v2:data:name,groups:your_group_membership_activity:name
822,Facebook,personal_information/profile_information/your_facebook_activity/pages/pages_and_profiles_you_follow.json/pages_followed_v2/data/name,profile_information:your_facebook_activity:pages:pages_and_profiles_you_follow:pages_followed_v2:data:name,pages:pages_and_profiles_you_follow:name
823,Facebook,personal_information/profile_information/your_facebook_activity/comments_and_reactions/likes_and_reactions_1.json/data/reaction/reaction,profile_information:your_facebook_activity:comments_and_reactions:likes_and_reactions_1:data:reaction:reaction,comments_and_reactions:likes_and_reactions_1:reaction
838,Facebook,personal_information/profile_information/your_facebook_activity/other_activity/your_recently_followed_history.json/label_values/vec/dict/label,profile_information:your_facebook_activity:other_activity:your_recently_followed_history:label_values:vec:dict:label,your_facebook_activity:other_activity:your_recently_followed_history:label_values:vec:dict:label
839,Facebook,personal_information/profile_information/your_facebook_activity/other_activity/your_recently_followed_history.json/label_values/vec/dict/value,profile_information:your_facebook_activity:other_activity:your_recently_followed_history:label_values:vec:dict:value,your_facebook_activity:other_activity:your_recently_followed_history:label_values:vec:dict:value
840,Facebook,personal_information/profile_information/your_facebook_activity/comments_and_reactions/comments.json/comments_v2/data/comment/timestamp,profile_information:your_facebook_activity:comments_and_reactions:comments:comments_v2:data:comment:timestamp,comments_and_reactions:comments:comment:timestamp
841,Facebook,personal_information/profile_information/your_facebook_activity/comments_and_reactions/comments.json/comments_v2/data/comment/comment,profile_information:your_facebook_activity:comments_and_reactions:comments:comments_v2:data:comment:comment,comments_and_reactions:comments:comment
842,Facebook,personal_information/profile_information/your_facebook_activity/groups/your_comments_in_groups.json/group_comments_v2/data/comment/timestamp,profile_information:your_facebook_activity:groups:your_comments_in_groups:group_comments_v2:data:comment:timestamp,groups:your_comments_in_groups:comment:timestamp
843,Facebook,personal_information/profile_information/your_facebook_activity/groups/your_comments_in_groups.json/group_comments_v2/data/comment/comment,profile_information:your_facebook_activity:groups:your_comments_in_groups:group_comments_v2:data:comment:comment,groups:your_comments_in_groups:comment
844,Facebook,personal_information/profile_information/your_facebook_activity/groups/your_comments_in_groups.json/group_comments_v2/data/comment/group,profile_information:your_facebook_activity:groups:your_comments_in_groups:group_comments_v2:data:comment:group,groups:your_comments_in_groups:group
845,Facebook,personal_information/profile_information/your_facebook_activity/other_activity/time_spent_on_facebook.json/label_values/vec/dict/label,profile_information:your_facebook_activity:other_activity:time_spent_on_facebook:label_values:vec:dict:label,other_activity:time_spent_on_facebook:vec:dict:label
846,Facebook,personal_information/profile_information/your_facebook_activity/other_activity/time_spent_on_facebook.json/label_values/vec/dict/timestamp_value,profile_information:your_facebook_activity:other_activity:time_spent_on_facebook:label_values:vec:dict:timestamp_value,other_activity:time_spent_on_facebook:dict:timestamp_value
847,Facebook,personal_information/profile_information/your_facebook_activity/posts/your_posts__check_ins__photos_and_videos_1.json/attachments/data/external_context/url,profile_information:your_facebook_activity:posts:your_posts__check_ins__photos_and_videos_1:attachments:data:external_context:url,your_facebook_activity:posts:your_posts__check_ins__photos_and_videos_1:attachments:data:external_context:url
848,Facebook,personal_information/profile_information/your_facebook_activity/posts/your_videos.json/videos_v2/media_metadata/video_metadata/exif_data/upload_timestamp,profile_information:your_facebook_activity:posts:your_videos:videos_v2:media_metadata:video_metadata:exif_data:upload_timestamp,posts:your_videos:upload_timestamp
855,Facebook,your_facebook_activity/other_activity/your_recently_followed_history.json/fbid,other_activity:your_recently_followed_history:fbid,your_facebook_activity:other_activity:your_recently_followed_history:fbid
859,Facebook,preferences/preferences/reels_preferences.json/fbid,preferences:reels_preferences:fbid,preferences:preferences:reels_preferences:fbid
860,Facebook,preferences/preferences/your_story_highlights.json/fbid,preferences:your_story_highlights:fbid,preferences:preferences:your_story_highlights:fbid
861,Facebook,preferences/preferences/your_watch_settings.json/fbid,preferences:your_watch_settings:fbid,preferences:preferences:your_watch_settings:fbid
862,Facebook,preferences/preferences/privacy_settings.json/fbid,preferences:privacy_settings:fbid,preferences:preferences:privacy_settings:fbid
870,Facebook,your_facebook_activity/other_activity/your_recently_followed_history.json/media,other_activity:your_recently_followed_history:media,your_facebook_activity:other_activity:your_recently_followed_history:media
874,Facebook,preferences/preferences/reels_preferences.json/media,preferences:reels_preferences:media,preferences:preferences:reels_preferences:media
875,Facebook,preferences/preferences/your_story_highlights.json/media,preferences:your_story_highlights:media,preferences:preferences:your_story_highlights:media
876,Facebook,preferences/preferences/your_watch_settings.json/media,preferences:your_watch_settings:media,preferences:preferences:your_watch_settings:media
877,Facebook,preferences/preferences/privacy_settings.json/media,preferences:privacy_settings:media,preferences:preferences:privacy_settings:media
894,Facebook,your_facebook_activity/posts/posts_on_other_pages_and_profiles.json/timestamp,posts:posts_on_other_pages_and_profiles:timestamp,your_facebook_activity:posts:posts_on_other_pages_and_profiles:timestamp
895,Facebook,your_facebook_activity/posts/posts_on_other_pages_and_profiles.json/media,posts:posts_on_other_pages_and_profiles:media,your_facebook_activity:posts:posts_on_other_pages_and_profiles:media
896,Facebook,your_facebook_activity/posts/posts_on_other_pages_and_profiles.json/fbid,posts:posts_on_other_pages_and_profiles:fbid,your_facebook_activity:posts:posts_on_other_pages_and_profiles:fbid
899,Facebook,your_facebook_activity/posts/content_sharing_links_you_have_created.json/timestamp,posts:content_sharing_links_you_have_created:timestamp,your_facebook_activity:posts:content_sharing_links_you_have_created:timestamp
900,Facebook,your_facebook_activity/posts/content_sharing_links_you_have_created.json/media,posts:content_sharing_links_you_have_created:media,your_facebook_activity:posts:content_sharing_links_you_have_created:media
901,Facebook,your_facebook_activity/posts/content_sharing_links_you_have_created.json/fbid,posts:content_sharing_links_you_have_created:fbid,your_facebook_activity:posts:content_sharing_links_you_have_created:fbid
902,Facebook,your_facebook_activity/posts/your_posts__check_ins__photos_and_videos_1.json/timestamp,posts:your_posts__check_ins__photos_and_videos_1:timestamp,your_facebook_activity:posts:your_posts__check_ins__photos_and_videos_1:timestamp
904,Facebook,logged_information/interactions/groups_you've_visited.json/media,interactions:groups_you've_visited:media,your_interactions_on_facebook:groups_you_ve_visited:media
907,Facebook,ads_information/advertisers_you've_interacted_with.json/history_v2/timestamp,ads_information:advertisers_you've_interacted_with:timestamp,ads_information:advertisers_you_ve_interacted_with:timestamp
913,Facebook,your_facebook_activity/other_activity/your_recently_followed_history.json/label_values/label,other_activity:your_recently_followed_history:label_values:label,your_facebook_activity:other_activity:your_recently_followed_history:label_values:label
941,Facebook,preferences/preferences/video.json/watch_videos_v2/video_title,preferences:video:video_title,preferences:preferences:video:watch_videos_v2:video_title
942,Facebook,preferences/preferences/video.json/watch_videos_v2/user_action,preferences:video:user_action,preferences:preferences:video:watch_videos_v2:user_action
943,Facebook,preferences/preferences/video.json/watch_videos_v2/action_time,preferences:video:action_time,preferences:preferences:video:watch_videos_v2:action_time
944,Facebook,preferences/preferences/video.json/watch_videos_v2/feedback_collection,preferences:video:feedback_collection,preferences:preferences:video:watch_videos_v2:feedback_collection
945,Facebook,preferences/preferences/reels_preferences.json/label_values/label,preferences:reels_preferences:label,preferences:preferences:reels_preferences:label_values:label
946,Facebook,preferences/preferences/reels_preferences.json/label_values/value,preferences:reels_preferences:value,preferences:preferences:reels_preferences:label_values:value
947,Facebook,preferences/preferences/your_story_highlights.json/label_values/label,preferences:your_story_highlights:label,preferences:preferences:your_story_highlights:label_values:label
948,Facebook,preferences/preferences/your_story_highlights.json/label_values/value,preferences:your_story_highlights:value,preferences:preferences:your_story_highlights:label_values:value
951,Facebook,preferences/preferences/your_watch_settings.json/label_values/label,preferences:your_watch_settings:label,preferences:preferences:your_watch_settings:label_values:label
952,Facebook,preferences/preferences/your_watch_settings.json/label_values/value,preferences:your_watch_settings:value,preferences:preferences:your_watch_settings:label_values:value
953,Facebook,preferences/preferences/privacy_settings.json/label_values/label,preferences:privacy_settings:label_values:label,preferences:preferences:privacy_settings:label_values:label
956,Facebook,your_facebook_activity/groups/your_actions_on_violating_content_in_your_groups.json/label_values/label,groups:your_actions_on_violating_content_in_your_groups:label_values:label,groups:your_actions_on_violating_content_in_your_groups:label
971,Facebook,your_facebook_activity/posts/posts_on_other_pages_and_profiles.json/label_values/label,posts:posts_on_other_pages_and_profiles:label_values:label,your_facebook_activity:posts:posts_on_other_pages_and_profiles:label_values:label
972,Facebook,your_facebook_activity/posts/posts_on_other_pages_and_profiles.json/label_values/value,posts:posts_on_other_pages_and_profiles:label_values:value,your_facebook_activity:posts:posts_on_other_pages_and_profiles:label_values:value
979,Facebook,your_facebook_activity/posts/content_sharing_links_you_have_created.json/label_values/label,posts:content_sharing_links_you_have_created:label,your_facebook_activity:posts:content_sharing_links_you_have_created:label_values:label
980,Facebook,your_facebook_activity/posts/content_sharing_links_you_have_created.json/label_values/value,posts:content_sharing_links_you_have_created:value,your_facebook_activity:posts:content_sharing_links_you_have_created:label_values:value
981,Facebook,your_facebook_activity/posts/content_sharing_links_you_have_created.json/label_values/href,posts:content_sharing_links_you_have_created:href,your_facebook_activity:posts:content_sharing_links_you_have_created:label_values:href
982,Facebook,your_facebook_activity/posts/your_posts__check_ins__photos_and_videos_1.json/data/update_timestamp,posts:your_posts__check_ins__photos_and_videos_1:update_timestamp,your_facebook_activity:posts:your_posts__check_ins__photos_and_videos_1:data:update_timestamp
983,Facebook,your_facebook_activity/posts/your_posts__check_ins__photos_and_videos_1.json/data/post,posts:your_posts__check_ins__photos_and_videos_1:post,your_facebook_activity:posts:your_posts__check_ins__photos_and_videos_1:data:post
985,Facebook,connections/friends/your_post_audiences.json/label_values/label,friends:your_post_audiences:label_values:label,friends:your_post_audiences:label
986,Facebook,connections/friends/your_post_audiences.json/label_values/value,friends:your_post_audiences:label_values:value,friends:your_post_audiences:value
987,Facebook,connections/friends/your_post_audiences.json/label_values/title,friends:your_post_audiences:label_values:title,friends:your_post_audiences:title
996,Facebook,preferences/preferences/privacy_settings.json/label_values/dict/label,preferences:privacy_settings:dict:label,preferences:preferences:privacy_settings:label_values:dict:label
997,Facebook,preferences/preferences/privacy_settings.json/label_values/dict/value,preferences:privacy_settings:value,preferences:preferences:privacy_settings:label_values:dict:value
1007,Facebook,ads_information/ad_preferences.json/label_values/dict/dict/label,ads_information:ad_preferences:dict:dict:label,ads_information:ad_preferences:dict:label
1008,Facebook,ads_information/ad_preferences.json/label_values/dict/dict/value,ads_information:ad_preferences:dict:dict:value,ads_information:ad_preferences:dict:value
1015,Facebook,your_facebook_activity/other_activity/your_recently_followed_history.json/label_values/vec/dict/label,other_activity:your_recently_followed_history:dict:label,your_facebook_activity:other_activity:your_recently_followed_history:label_values:vec:dict:label
1016,Facebook,your_facebook_activity/other_activity/your_recently_followed_history.json/label_values/vec/dict/value,other_activity:your_recently_followed_history:value,your_facebook_activity:other_activity:your_recently_followed_history:label_values:vec:dict:value
1027,Facebook,your_facebook_activity/posts/your_posts__check_ins__photos_and_videos_1.json/attachments/data/external_context/url,posts:your_posts__check_ins__photos_and_videos_1:external_context:url,your_facebook_activity:posts:your_posts__check_ins__photos_and_videos_1:attachments:data:external_context:url
1078,Facebook,your_facebook_activity/groups/group_invites_you've_received.json/label_values/label,groups:group_invites_you've_received:label_values:label,groups:group_invites_you've_received:label
1177,Instagram,your_instagram_activity/story_sticker_interactions/story_likes.json/story_activities_story_likes/title,story_sticker_interactions:story_likes:title,story_interactions:story_likes:title
1204,Instagram,your_instagram_activity/story_sticker_interactions/story_likes.json/story_activities_story_likes/string_list_data/timestamp,story_sticker_interactions:story_likes:timestamp,story_interactions:story_likes:timestamp
1219,Instagram,security_and_login_information/login_and_profile_creation/instagram_signup_details.json/account_history_registration_info/string_map_data/Time/timestamp,login_and_profile_creation:instagram_signup_details:Time:timestamp,login_and_profile_creation:signup_details:Time:timestamp
1232,Instagram,preferences/media_settings/consents.json/timestamp,media_settings:consents:timestamp,settings:consents:timestamp
1233,Instagram,preferences/media_settings/consents.json/media,media_settings:consents:media,settings:consents:media
1234,Instagram,preferences/media_settings/consents.json/fbid,media_settings:consents:fbid,settings:consents:fbid
1235,Instagram,preferences/media_settings/consents.json/ent_name,media_settings:consents:ent_name,settings:consents:ent_name
1238,Instagram,preferences/media_settings/consents.json/label_values/ent_field_name,media_settings:consents:ent_field_name,settings:consents:ent_field_name
1239,Instagram,preferences/media_settings/consents.json/label_values/label,media_settings:consents:label,settings:consents:label
1240,Instagram,preferences/media_settings/consents.json/label_values/timestamp_value,media_settings:consents:timestamp_value,settings:consents:timestamp_value
1241,Instagram,preferences/media_settings/comments_allowed_from.json/settings_allow_comments_from/title,media_settings:comments_allowed_from:title,settings:comments_allowed_from:title
1248,Instagram,preferences/media_settings/comments_allowed_from.json/settings_allow_comments_from/string_map_data/Comments Allowed From/href,media_settings:comments_allowed_from:href,settings:comments_allowed_from:href
1249,Instagram,preferences/media_settings/comments_allowed_from.json/settings_allow_comments_from/string_map_data/Comments Allowed From/value,media_settings:comments_allowed_from:value,settings:comments_allowed_from:value
1250,Instagram,preferences/media_settings/comments_allowed_from.json/settings_allow_comments_from/string_map_data/Comments Allowed From/timestamp,media_settings:comments_allowed_from:timestamp,settings:comments_allowed_from:timestamp
1261,Instagram,your_instagram_activity/media/posts_1.json/title,media:posts_1:title,content:posts_1:title
1272,Instagram,your_instagram_activity/media/stories.json/ig_stories/uri,media:stories:uri,content:stories:uri
1273,Instagram,your_instagram_activity/media/stories.json/ig_stories/creation_timestamp,media:stories:creation_timestamp,content:stories:creation_timestamp
1274,Instagram,your_instagram_activity/media/stories.json/ig_stories/title,media:stories:title,content:stories:title
1275,Instagram,your_instagram_activity/media/stories.json/ig_stories/dubbing_info,media:stories:dubbing_info,content:stories:dubbing_info
1276,Instagram,your_instagram_activity/media/stories.json/ig_stories/media_variants,media:stories:media_variants,content:stories:media_variants
1286,Instagram,your_instagram_activity/media/posts_1.json/media/uri,media:posts_1:uri,content:posts_1:uri
1288,Instagram,your_instagram_activity/media/posts_1.json/media/title,media:posts_1:media:title,content:posts_1:media:title
1303,Instagram,your_instagram_activity/media/stories.json/ig_stories/cross_post_source/source_app,media:stories:source_app,content:stories:source_app
1314,Instagram,your_instagram_activity/media/posts_1.json/media/cross_post_source/source_app,media:posts_1:source_app,content:posts_1:source_app
1343,Instagram,your_instagram_activity/media/stories.json/ig_stories/media_metadata/video_metadata/exif_data/date_time_digitized,media:stories:date_time_digitized,content:stories:video_metadata:exif_data:date_time_digitized
1344,Instagram,your_instagram_activity/media/stories.json/ig_stories/media_metadata/video_metadata/exif_data/date_time_original,media:stories:date_time_original,content:stories:video_metadata:exif_data:date_time_original
1345,Instagram,your_instagram_activity/media/stories.json/ig_stories/media_metadata/video_metadata/exif_data/source_type,media:stories:source_type,content:stories:video_metadata:exif_data:source_type
1348,Instagram,your_instagram_activity/content/posts_1.json/creation_timestamp,content:posts_1:creation_timestamp,media:posts_1:creation_timestamp
1352,Instagram,your_instagram_activity/content/posts_1.json/media/creation_timestamp,content:posts_1:media:creation_timestamp,media:posts_1:media:creation_timestamp
1354,Instagram,your_instagram_activity/story_sticker_interactions/polls.json/story_activities_polls/title,story_sticker_interactions:polls:title,story_interactions:polls:title
1360,Instagram,your_instagram_activity/story_sticker_interactions/polls.json/story_activities_polls/string_list_data/value,story_sticker_interactions:polls:value,story_interactions:polls:value
1361,Instagram,your_instagram_activity/story_sticker_interactions/polls.json/story_activities_polls/string_list_data/timestamp,story_sticker_interactions:polls:timestamp,story_interactions:polls:timestamp
1391,Instagram,logged_information/link_history/your_link_history_settings.json/timestamp,link_history:your_link_history_settings:timestamp,new
1392,Instagram,logged_information/link_history/your_link_history_settings.json/media,link_history:your_link_history_settings:media,new
1393,Instagram,logged_information/link_history/your_link_history_settings.json/fbid,link_history:your_link_history_settings:fbid,new
1401,Instagram,your_instagram_activity/story_interactions/emoji_sliders.json/story_activities_emoji_sliders/title,story_interactions:emoji_sliders:title,story_sticker_interactions:emoji_sliders:title
1402,Instagram,your_instagram_activity/story_interactions/quizzes.json/story_activities_quizzes/title,story_interactions:quizzes:title,story_sticker_interactions:quizzes:title
1409,Instagram,logged_information/link_history/your_link_history_settings.json/label_values/label,link_history:your_link_history_settings:label,new
1410,Instagram,logged_information/link_history/your_link_history_settings.json/label_values/timestamp_value,link_history:your_link_history_settings:timestamp_value,new
1413,Instagram,your_instagram_activity/media/posts_1.json/media/uri,media:posts_1:media:uri,content:posts_1:uri
1419,Instagram,your_instagram_activity/story_interactions/emoji_sliders.json/story_activities_emoji_sliders/string_list_data/value,story_interactions:emoji_sliders:value,story_sticker_interactions:emoji_sliders:value
1420,Instagram,your_instagram_activity/story_interactions/emoji_sliders.json/story_activities_emoji_sliders/string_list_data/timestamp,story_interactions:emoji_sliders:timestamp,story_sticker_interactions:emoji_sliders:timestamp
1421,Instagram,your_instagram_activity/story_interactions/quizzes.json/story_activities_quizzes/string_list_data/value,story_interactions:quizzes:value,story_sticker_interactions:quizzes:value
1422,Instagram,your_instagram_activity/story_interactions/quizzes.json/story_activities_quizzes/string_list_data/timestamp,story_interactions:quizzes:timestamp,story_sticker_interactions:quizzes:timestamp
1439,Instagram,your_instagram_activity/media/stories.json/ig_stories/media_metadata/video_metadata/music_genre,media:stories:video_metadata:music_genre,content:stories:music_genre
1521,Instagram,your_instagram_activity/media/stories.json/ig_stories/media_metadata/video_metadata/exif_data/source_type,media:stories:video_metadata:exif_data:source_type,content:stories:video_metadata:exif_data:source_type
1522,Instagram,your_instagram_activity/media/stories.json/ig_stories/media_metadata/video_metadata/exif_data/date_time_original,media:stories:video_metadata:exif_data:date_time_original,content:stories:video_metadata:exif_data:date_time_original
1523,Instagram,your_instagram_activity/media/stories.json/ig_stories/media_metadata/video_metadata/exif_data/date_time_digitized,media:stories:video_metadata:exif_data:date_time_digitized,content:stories:video_metadata:exif_data:date_time_digitized
1524,Instagram,your_instagram_activity/media/stories.json/ig_stories/media_metadata/photo_metadata/exif_data/source_type,media:stories:photo_metadata:exif_data:source_type,content:stories:photo_metadata:exif_data:source_type
1525,Instagram,your_instagram_activity/media/stories.json/ig_stories/media_metadata/photo_metadata/exif_data/date_time_original,media:stories:photo_metadata:exif_data:date_time_original,content:stories:photo_metadata:exif_data:date_time_original
1526,Instagram,your_instagram_activity/media/stories.json/ig_stories/media_metadata/photo_metadata/exif_data/date_time_digitized,media:stories:photo_metadata:exif_data:date_time_digitized,content:stories:photo_metadata:exif_data:date_time_digitized
1555,Instagram,your_instagram_activity/media/reels.json/ig_reels_media/media/uri,media:reels:media:uri,media:reels:uri
1556,Instagram,your_instagram_activity/media/reels.json/ig_reels_media/media/creation_timestamp,media:reels:media:creation_timestamp,media:reels:creation_timestamp
1660,Youtube,istoric/istoricul căutărilor.json/header,istoricul căutărilor:header,search-history:header
1661,Youtube,istoric/istoricul căutărilor.json/title,istoricul căutărilor:title,search-history:title
1662,Youtube,istoric/istoricul căutărilor.json/titleUrl,istoricul căutărilor:titleUrl,search-history:titleUrl
1663,Youtube,istoric/istoricul căutărilor.json/description,istoricul căutărilor:description,search-history:description
1664,Youtube,istoric/istoricul căutărilor.json/time,istoricul căutărilor:time,search-history:time
1665,Youtube,istoric/istoricul căutărilor.json/products,istoricul căutărilor:products,search-history:products
1666,Youtube,istoric/istoricul căutărilor.json/activityControls,istoricul căutărilor:activityControls,search-history:activityControls
1667,Youtube,istoric/istoricul-vizionărilor.json/header,istoricul-vizionărilor:header,watch-history:header
1668,Youtube,istoric/istoricul-vizionărilor.json/title,istoricul-vizionărilor:title,watch-history:title
1669,Youtube,istoric/istoricul-vizionărilor.json/titleUrl,istoricul-vizionărilor:titleUrl,watch-history:titleUrl
1670,Youtube,istoric/istoricul-vizionărilor.json/time,istoricul-vizionărilor:time,watch-history:time
1671,Youtube,istoric/istoricul-vizionărilor.json/products,istoricul-vizionărilor:products,watch-history:products
1672,Youtube,istoric/istoricul-vizionărilor.json/activityControls,istoricul-vizionărilor:activityControls,watch-history:activityControls
1673,Youtube,istoric/istoricul căutărilor.json/details/name,istoricul căutărilor:name,search-history:name
1674,Youtube,istoric/istoricul-vizionărilor.json/subtitles/name,istoricul-vizionărilor:name,watch-history:subtitles:name
1675,Youtube,istoric/istoricul-vizionărilor.json/subtitles/url,istoricul-vizionărilor:url,watch-history:subtitles:url
1676,Youtube,geschiedenis/kijkgeschiedenis.json/header,kijkgeschiedenis:header,watch-history:header
1677,Youtube,geschiedenis/kijkgeschiedenis.json/title,kijkgeschiedenis:title,watch-history:title
1678,Youtube,geschiedenis/kijkgeschiedenis.json/titleUrl,kijkgeschiedenis:titleUrl,watch-history:titleUrl
1679,Youtube,geschiedenis/kijkgeschiedenis.json/time,kijkgeschiedenis:time,watch-history:time
1680,Youtube,geschiedenis/kijkgeschiedenis.json/products,kijkgeschiedenis:products,watch-history:products
1681,Youtube,geschiedenis/kijkgeschiedenis.json/activityControls,kijkgeschiedenis:activityControls,watch-history:activityControls
1682,Youtube,geschiedenis/zoekgeschiedenis.json/header,zoekgeschiedenis:header,search-history:header
1683,Youtube,geschiedenis/zoekgeschiedenis.json/title,zoekgeschiedenis:title,search-history:title
1684,Youtube,geschiedenis/zoekgeschiedenis.json/titleUrl,zoekgeschiedenis:titleUrl,search-history:titleUrl
1685,Youtube,geschiedenis/zoekgeschiedenis.json/time,zoekgeschiedenis:time,search-history:time
1686,Youtube,geschiedenis/zoekgeschiedenis.json/products,zoekgeschiedenis:products,search-history:products
1687,Youtube,geschiedenis/zoekgeschiedenis.json/activityControls,zoekgeschiedenis:activityControls,search-history:activityControls
1688,Youtube,geschiedenis/kijkgeschiedenis.json/subtitles/name,kijkgeschiedenis:name,watch-history:subtitles:name
1689,Youtube,geschiedenis/kijkgeschiedenis.json/subtitles/url,kijkgeschiedenis:url,watch-history:subtitles:url
1702,Youtube,historial/historial-de-búsqueda.json/header,historial-de-búsqueda:header,search-history:header
1703,Youtube,historial/historial-de-búsqueda.json/title,historial-de-búsqueda:title,search-history:title
1704,Youtube,historial/historial-de-búsqueda.json/titleUrl,historial-de-búsqueda:titleUrl,search-history:titleUrl
1705,Youtube,historial/historial-de-búsqueda.json/description,historial-de-búsqueda:description,search-history:description
1706,Youtube,historial/historial-de-búsqueda.json/time,historial-de-búsqueda:time,search-history:time
1707,Youtube,historial/historial-de-búsqueda.json/products,historial-de-búsqueda:products,search-history:products
1708,Youtube,historial/historial-de-búsqueda.json/activityControls,historial-de-búsqueda:activityControls,search-history:activityControls
1709,Youtube,historial/historial-de-reproducciones.json/header,historial-de-reproducciones:header,watch-history:header
1710,Youtube,historial/historial-de-reproducciones.json/title,historial-de-reproducciones:title,watch-history:title
1711,Youtube,historial/historial-de-reproducciones.json/titleUrl,historial-de-reproducciones:titleUrl,watch-history:titleUrl
1712,Youtube,historial/historial-de-reproducciones.json/time,historial-de-reproducciones:time,watch-history:time
1713,Youtube,historial/historial-de-reproducciones.json/products,historial-de-reproducciones:products,watch-history:products
1714,Youtube,historial/historial-de-reproducciones.json/activityControls,historial-de-reproducciones:activityControls,watch-history:activityControls
1715,Youtube,historial/historial-de-búsqueda.json/details/name,historial-de-búsqueda:name,search-history:name
1716,Youtube,historial/historial-de-reproducciones.json/subtitles/name,historial-de-reproducciones:subtitles:name,watch-history:subtitles:name
1717,Youtube,historial/historial-de-reproducciones.json/subtitles/url,historial-de-reproducciones:url,watch-history:url
1718,Youtube,istoric/istoricul căutărilor.json/header,istoricul căutărilor:header,search-history:header
1719,Youtube,istoric/istoricul căutărilor.json/title,istoricul căutărilor:title,search-history:title
1720,Youtube,istoric/istoricul căutărilor.json/titleUrl,istoricul căutărilor:titleUrl,search-history:titleUrl
1721,Youtube,istoric/istoricul căutărilor.json/time,istoricul căutărilor:time,search-history:time
1722,Youtube,istoric/istoricul căutărilor.json/products,istoricul căutărilor:products,search-history:products
1723,Youtube,istoric/istoricul căutărilor.json/activityControls,istoricul căutărilor:activityControls,search-history:activityControls
1724,Youtube,istoric/istoricul-vizionărilor.json/header,istoricul-vizionărilor:header,watch-history:header
1725,Youtube,istoric/istoricul-vizionărilor.json/title,istoricul-vizionărilor:title,watch-history:title
1726,Youtube,istoric/istoricul-vizionărilor.json/titleUrl,istoricul-vizionărilor:titleUrl,watch-history:titleUrl
1727,Youtube,istoric/istoricul-vizionărilor.json/time,istoricul-vizionărilor:time,watch-history:time
1728,Youtube,istoric/istoricul-vizionărilor.json/products,istoricul-vizionărilor:products,watch-history:products
1729,Youtube,istoric/istoricul-vizionărilor.json/activityControls,istoricul-vizionărilor:activityControls,watch-history:activityControls
1730,Youtube,istoric/istoricul-vizionărilor.json/subtitles/name,istoricul-vizionărilor:name,watch-history:subtitles:name
1731,Youtube,istoric/istoricul-vizionărilor.json/subtitles/url,istoricul-vizionărilor:url,watch-history:subtitles:url
1748,Youtube,istorija/paieškos istorija.json/header,paieškos istorija:header,search-history:header
1749,Youtube,istorija/paieškos istorija.json/title,paieškos istorija:title,search-history:title
1750,Youtube,istorija/paieškos istorija.json/titleUrl,paieškos istorija:titleUrl,search-history:titleUrl
1751,Youtube,istorija/paieškos istorija.json/time,paieškos istorija:time,search-history:time
1752,Youtube,istorija/paieškos istorija.json/products,paieškos istorija:products,search-history:products
1753,Youtube,istorija/paieškos istorija.json/activityControls,paieškos istorija:activityControls,search-history:activityControls
1754,Youtube,istorija/žiūrėjimo istorija.json/header,žiūrėjimo istorija:header,watch-history:header
1755,Youtube,istorija/žiūrėjimo istorija.json/title,žiūrėjimo istorija:title,watch-history:title
1756,Youtube,istorija/žiūrėjimo istorija.json/titleUrl,žiūrėjimo istorija:titleUrl,watch-history:titleUrl
1757,Youtube,istorija/žiūrėjimo istorija.json/time,žiūrėjimo istorija:time,watch-history:time
1758,Youtube,istorija/žiūrėjimo istorija.json/products,žiūrėjimo istorija:products,watch-history:products
1759,Youtube,istorija/žiūrėjimo istorija.json/activityControls,žiūrėjimo istorija:activityControls,watch-history:activityControls
1760,Youtube,istorija/žiūrėjimo istorija.json/subtitles/name,žiūrėjimo istorija:name,watch-history:subtitles:name
1761,Youtube,istorija/žiūrėjimo istorija.json/subtitles/url,žiūrėjimo istorija:url,watch-history:subtitles:url
1762,Youtube,istorija/paieškos istorija.json/header,paieškos istorija:header,search-history:header
1763,Youtube,istorija/paieškos istorija.json/title,paieškos istorija:title,search-history:title
1764,Youtube,istorija/paieškos istorija.json/titleUrl,paieškos istorija:titleUrl,search-history:titleUrl
1765,Youtube,istorija/paieškos istorija.json/description,paieškos istorija:description,search-history:description
1766,Youtube,istorija/paieškos istorija.json/time,paieškos istorija:time,search-history:time
1767,Youtube,istorija/paieškos istorija.json/products,paieškos istorija:products,search-history:products
1768,Youtube,istorija/paieškos istorija.json/activityControls,paieškos istorija:activityControls,search-history:activityControls
1769,Youtube,istorija/žiūrėjimo istorija.json/header,žiūrėjimo istorija:header,watch-history:header
1770,Youtube,istorija/žiūrėjimo istorija.json/title,žiūrėjimo istorija:title,watch-history:title
1771,Youtube,istorija/žiūrėjimo istorija.json/titleUrl,žiūrėjimo istorija:titleUrl,watch-history:titleUrl
1772,Youtube,istorija/žiūrėjimo istorija.json/description,žiūrėjimo istorija:description,watch-history:description
1773,Youtube,istorija/žiūrėjimo istorija.json/time,žiūrėjimo istorija:time,watch-history:time
1774,Youtube,istorija/žiūrėjimo istorija.json/products,žiūrėjimo istorija:products,watch-history:products
1775,Youtube,istorija/žiūrėjimo istorija.json/activityControls,žiūrėjimo istorija:activityControls,watch-history:activityControls
1776,Youtube,istorija/paieškos istorija.json/details/name,paieškos istorija:name,search-history:name
1777,Youtube,istorija/žiūrėjimo istorija.json/details/name,žiūrėjimo istorija:name,watch-history:details:name
1778,Youtube,historial/historial-de-búsqueda.json/header,historial-de-búsqueda:header,search-history:header
1779,Youtube,historial/historial-de-búsqueda.json/title,historial-de-búsqueda:title,search-history:title
1780,Youtube,historial/historial-de-búsqueda.json/titleUrl,historial-de-búsqueda:titleUrl,search-history:titleUrl
1781,Youtube,historial/historial-de-búsqueda.json/time,historial-de-búsqueda:time,search-history:time
1782,Youtube,historial/historial-de-búsqueda.json/products,historial-de-búsqueda:products,search-history:products
1783,Youtube,historial/historial-de-búsqueda.json/activityControls,historial-de-búsqueda:activityControls,search-history:activityControls
1784,Youtube,historial/historial-de-reproducciones.json/details/name,historial-de-reproducciones:details:name,watch-history:details:name
1786,Youtube,geschiedenis/zoekgeschiedenis.json/description,zoekgeschiedenis:description,search-history:description
1787,Youtube,geschiedenis/zoekgeschiedenis.json/details/name,zoekgeschiedenis:name,search-history:name
1788,Youtube,Takeout/YouTube i YouTube Music/historial/historial de cerques.json/header,historial de cerques:header,search-history:header
1789,Youtube,Takeout/YouTube i YouTube Music/historial/historial de cerques.json/title,historial de cerques:title,search-history:title
1790,Youtube,Takeout/YouTube i YouTube Music/historial/historial de cerques.json/titleUrl,historial de cerques:titleUrl,search-history:titleUrl
1791,Youtube,Takeout/YouTube i YouTube Music/historial/historial de cerques.json/description,historial de cerques:description,search-history:description
1792,Youtube,Takeout/YouTube i YouTube Music/historial/historial de cerques.json/time,historial de cerques:time,search-history:time
1793,Youtube,Takeout/YouTube i YouTube Music/historial/historial de cerques.json/products,historial de cerques:products,search-history:products
1794,Youtube,Takeout/YouTube i YouTube Music/historial/historial de cerques.json/activityControls,historial de cerques:activityControls,search-history:activityControls
1795,Youtube,Takeout/YouTube i YouTube Music/historial/historial de visualitzacions.json/header,historial de visualitzacions:header,watch-history:header
1796,Youtube,Takeout/YouTube i YouTube Music/historial/historial de visualitzacions.json/title,historial de visualitzacions:title,watch-history:title
1797,Youtube,Takeout/YouTube i YouTube Music/historial/historial de visualitzacions.json/titleUrl,historial de visualitzacions:titleUrl,watch-history:titleUrl
1798,Youtube,Takeout/YouTube i YouTube Music/historial/historial de visualitzacions.json/time,historial de visualitzacions:time,watch-history:time
1799,Youtube,Takeout/YouTube i YouTube Music/historial/historial de visualitzacions.json/products,historial de visualitzacions:products,watch-history:products
1800,Youtube,Takeout/YouTube i YouTube Music/historial/historial de visualitzacions.json/activityControls,historial de visualitzacions:activityControls,watch-history:activityControls
1801,Youtube,Takeout/YouTube i YouTube Music/historial/historial de cerques.json/details/name,historial de cerques:name,search-history:name
1802,Youtube,Takeout/YouTube i YouTube Music/historial/historial de visualitzacions.json/subtitles/name,historial de visualitzacions:name,watch-history:subtitles:name
1803,Youtube,Takeout/YouTube i YouTube Music/historial/historial de visualitzacions.json/subtitles/url,historial de visualitzacions:url,watch-history:url
1804,Youtube,Takeout/YouTube y YouTube Music/historial/historial-de-búsqueda.json/header,historial-de-búsqueda:header,search-history:header
1805,Youtube,Takeout/YouTube y YouTube Music/historial/historial-de-búsqueda.json/title,historial-de-búsqueda:title,search-history:title
1806,Youtube,Takeout/YouTube y YouTube Music/historial/historial-de-búsqueda.json/titleUrl,historial-de-búsqueda:titleUrl,search-history:titleUrl
1807,Youtube,Takeout/YouTube y YouTube Music/historial/historial-de-búsqueda.json/description,historial-de-búsqueda:description,search-history:description
1808,Youtube,Takeout/YouTube y YouTube Music/historial/historial-de-búsqueda.json/time,historial-de-búsqueda:time,search-history:time
1809,Youtube,Takeout/YouTube y YouTube Music/historial/historial-de-búsqueda.json/products,historial-de-búsqueda:products,search-history:products
1810,Youtube,Takeout/YouTube y YouTube Music/historial/historial-de-búsqueda.json/activityControls,historial-de-búsqueda:activityControls,search-history:activityControls
1811,Youtube,Takeout/YouTube y YouTube Music/historial/historial-de-reproducciones.json/header,historial-de-reproducciones:header,watch-history:header
1812,Youtube,Takeout/YouTube y YouTube Music/historial/historial-de-reproducciones.json/title,historial-de-reproducciones:title,watch-history:title
1813,Youtube,Takeout/YouTube y YouTube Music/historial/historial-de-reproducciones.json/titleUrl,historial-de-reproducciones:titleUrl,watch-history:titleUrl
1814,Youtube,Takeout/YouTube y YouTube Music/historial/historial-de-reproducciones.json/time,historial-de-reproducciones:time,watch-history:time
1815,Youtube,Takeout/YouTube y YouTube Music/historial/historial-de-reproducciones.json/products,historial-de-reproducciones:products,watch-history:products
1816,Youtube,Takeout/YouTube y YouTube Music/historial/historial-de-reproducciones.json/activityControls,historial-de-reproducciones:activityControls,watch-history:activityControls
1817,Youtube,Takeout/YouTube y YouTube Music/historial/historial-de-búsqueda.json/details/name,historial-de-búsqueda:name,search-history:name
1818,Youtube,Takeout/YouTube y YouTube Music/historial/historial-de-reproducciones.json/subtitles/name,historial-de-reproducciones:subtitles:name,watch-history:subtitles:name
1819,Youtube,Takeout/YouTube y YouTube Music/historial/historial-de-reproducciones.json/subtitles/url,historial-de-reproducciones:url,watch-history:url
1837,Youtube,Takeout/YouTube y YouTube Music/historial/historial-de-reproducciones.json/description,historial-de-reproducciones:description,watch-history:description
1838,Youtube,Takeout/YouTube y YouTube Music/historial/historial-de-reproducciones.json/details/name,historial-de-reproducciones:details:name,watch-history:details:name
1839,Youtube,Takeout/YouTube y YouTube Music/historial de videos/historial de búsquedas.json/header,historial de búsquedas:header,search-history:header
1840,Youtube,Takeout/YouTube y YouTube Music/historial de videos/historial de búsquedas.json/title,historial de búsquedas:title,search-history:title
1841,Youtube,Takeout/YouTube y YouTube Music/historial de videos/historial de búsquedas.json/titleUrl,historial de búsquedas:titleUrl,search-history:titleUrl
1842,Youtube,Takeout/YouTube y YouTube Music/historial de videos/historial de búsquedas.json/time,historial de búsquedas:time,search-history:time
1843,Youtube,Takeout/YouTube y YouTube Music/historial de videos/historial de búsquedas.json/products,historial de búsquedas:products,search-history:products
1844,Youtube,Takeout/YouTube y YouTube Music/historial de videos/historial de búsquedas.json/activityControls,historial de búsquedas:activityControls,search-history:activityControls
1845,Youtube,Takeout/YouTube y YouTube Music/historial de videos/historial de reproducciones.json/header,historial de reproducciones:header,watch-history:header
1846,Youtube,Takeout/YouTube y YouTube Music/historial de videos/historial de reproducciones.json/title,historial de reproducciones:title,watch-history:title
1847,Youtube,Takeout/YouTube y YouTube Music/historial de videos/historial de reproducciones.json/time,historial de reproducciones:time,watch-history:time
1848,Youtube,Takeout/YouTube y YouTube Music/historial de videos/historial de reproducciones.json/products,historial de reproducciones:products,watch-history:products
1849,Youtube,Takeout/YouTube y YouTube Music/historial de videos/historial de reproducciones.json/activityControls,historial de reproducciones:activityControls,watch-history:activityControls
1850,Youtube,Takeout/YouTube y YouTube Music/historial de videos/historial de reproducciones.json/details/name,historial de reproducciones:name,watch-history:details:name
1929,Tiktok,Profile/Profile Info/ProfileMap/likesReceived,Profile:Profile Info:ProfileMap:likesReceived,Profile:Profile Information:ProfileMap:likesReceived
1930,Tiktok,Profile/Profile Info/ProfileMap/userName,Profile:Profile Info:ProfileMap:userName,Profile:Profile Information:ProfileMap:userName
1933,Tiktok,Your Activity/Activity Summary/ActivitySummaryMap/videosCommentedOnSinceAccountRegistration,Your Activity:Activity Summary:ActivitySummaryMap:videosCommentedOnSinceAccountRegistration,Activity:Activity Summary:ActivitySummaryMap:videosCommentedOnSinceAccountRegistration
1934,Tiktok,Your Activity/Activity Summary/ActivitySummaryMap/videosSharedSinceAccountRegistration,Your Activity:Activity Summary:ActivitySummaryMap:videosSharedSinceAccountRegistration,Activity:Activity Summary:ActivitySummaryMap:videosSharedSinceAccountRegistration
1935,Tiktok,Your Activity/Activity Summary/ActivitySummaryMap/videosWatchedToTheEndSinceAccountRegistration,Your Activity:Activity Summary:ActivitySummaryMap:videosWatchedToTheEndSinceAccountRegistration,Activity:Activity Summary:ActivitySummaryMap:videosWatchedToTheEndSinceAccountRegistration
1939,Tiktok,Your Activity/Searches/SearchList/Date,Your Activity:Searches:SearchList:Date,Activity:Search History:SearchList:Date
1940,Tiktok,Your Activity/Searches/SearchList/SearchTerm,Your Activity:Searches:SearchList:SearchTerm,Activity:Search History:SearchList:SearchTerm
1941,Tiktok,Your Activity/Watch History/VideoList/Date,Your Activity:Watch History:VideoList:Date,Activity:Video Browsing History:VideoList:Date
1942,Tiktok,Your Activity/Watch History/VideoList/Link,Your Activity:Watch History:VideoList:Link,Activity:Video Browsing History:VideoList:Link
1947,Tiktok,Post/Posts/VideoList/Date,Post:Posts:VideoList:Date,Video:Videos:VideoList:Date
1948,Tiktok,Post/Posts/VideoList/Link,Post:Posts:VideoList:Link,Video:Videos:VideoList:Link
1949,Tiktok,Post/Posts/VideoList/Likes,Post:Posts:VideoList:Likes,Video:Videos:VideoList:Likes
1950,Tiktok,Post/Posts/VideoList/WhoCanView,Post:Posts:VideoList:WhoCanView,Video:Videos:VideoList:WhoCanView
1951,Tiktok,Post/Posts/VideoList/AllowComments,Post:Posts:VideoList:AllowComments,Video:Videos:VideoList:AllowComments
1952,Tiktok,Post/Posts/VideoList/AllowStitches,Post:Posts:VideoList:AllowStitches,Video:Videos:VideoList:AllowStitches
1953,Tiktok,Post/Posts/VideoList/AllowDuets,Post:Posts:VideoList:AllowDuets,Video:Videos:VideoList:AllowDuets
1954,Tiktok,Post/Posts/VideoList/AllowStickers,Post:Posts:VideoList:AllowStickers,Video:Videos:VideoList:AllowStickers
1955,Tiktok,Post/Posts/VideoList/AllowSharingToStory,Post:Posts:VideoList:AllowSharingToStory,Video:Videos:VideoList:AllowSharingToStory
1956,Tiktok,Post/Posts/VideoList/ContentDisclosure,Post:Posts:VideoList:ContentDisclosure,Video:Videos:VideoList:ContentDisclosure
1957,Tiktok,Post/Posts/VideoList/AIGeneratedContent,Post:Posts:VideoList:AIGeneratedContent,Video:Videos:VideoList:AIGeneratedContent
1958,Tiktok,Post/Posts/VideoList/Sound,Post:Posts:VideoList:Sound,Video:Videos:VideoList:Sound
1959,Tiktok,Post/Posts/VideoList/Location,Post:Posts:VideoList:Location,Video:Videos:VideoList:Location
1960,Tiktok,Post/Posts/VideoList/Title,Post:Posts:VideoList:Title,Video:Videos:VideoList:Title
1961,Tiktok,Post/Posts/VideoList/AddYoursText,Post:Posts:VideoList:AddYoursText,Video:Videos:VideoList:AddYoursText
1966,Tiktok,Your Activity/Favorite Videos/FavoriteVideoList/Date,Your Activity:Favorite Videos:FavoriteVideoList:Date,Activity:Favorite Videos:FavoriteVideoList:Date
1967,Tiktok,Your Activity/Favorite Videos/FavoriteVideoList/Link,Your Activity:Favorite Videos:FavoriteVideoList:Link,Activity:Favorite Videos:FavoriteVideoList:Link
1968,Tiktok,Your Activity/Follower/FansList/Date,Your Activity:Follower:FansList:Date,Activity:Follower List:FansList:Date
1969,Tiktok,Your Activity/Follower/FansList/UserName,Your Activity:Follower:FansList:UserName,Activity:Follower List:FansList:UserName
1970,Tiktok,Your Activity/Following/Following/Date,Your Activity:Following:Following:Date,Activity:Following List:Following:Date
1971,Tiktok,Your Activity/Following/Following/UserName,Your Activity:Following:Following:UserName,Activity:Following List:Following:UserName
1972,Tiktok,Your Activity/Hashtag/HashtagList/HashtagName,Your Activity:Hashtag:HashtagList:HashtagName,Activity:Hashtag:HashtagList:HashtagName
1973,Tiktok,Your Activity/Hashtag/HashtagList/HashtagLink,Your Activity:Hashtag:HashtagList:HashtagLink,Activity:Hashtag:HashtagList:HashtagLink
1974,Tiktok,Your Activity/Like List/ItemFavoriteList/date,Your Activity:Like List:ItemFavoriteList:date,Activity:Like List:ItemFavoriteList:date
1975,Tiktok,Your Activity/Like List/ItemFavoriteList/link,Your Activity:Like List:ItemFavoriteList:link,Activity:Like List:ItemFavoriteList:link
1988,Tiktok,Your Activity/Share History/ShareHistoryList/Date,Your Activity:Share History:ShareHistoryList:Date,Activity:Share History:ShareHistoryList:Date
1989,Tiktok,Your Activity/Share History/ShareHistoryList/SharedContent,Your Activity:Share History:ShareHistoryList:SharedContent,Activity:Share History:ShareHistoryList:SharedContent
1990,Tiktok,Your Activity/Share History/ShareHistoryList/Link,Your Activity:Share History:ShareHistoryList:Link,Activity:Share History:ShareHistoryList:Link
