,platform,final_path,id,keepID
697,Facebook,preferences/feed/snooze.json/media,preferences:feed:snooze:media,feed:snooze:media
698,Facebook,preferences/feed/snooze.json/fbid,preferences:feed:snooze:fbid,feed:snooze:fbid
742,Facebook,your_facebook_activity/other_activity/your_video_consumption_summary.json/media,your_facebook_activity:other_activity:your_video_consumption_summary:media,other_activity:your_video_consumption_summary:media
743,Facebook,your_facebook_activity/other_activity/your_video_consumption_summary.json/fbid,your_facebook_activity:other_activity:your_video_consumption_summary:fbid,other_activity:your_video_consumption_summary:fbid
943,Facebook,your_facebook_activity/posts/edits_you_made_to_posts.json/timestamp,your_facebook_activity:posts:edits_you_made_to_posts:timestamp,posts:edits_you_made_to_posts:timestamp
944,Facebook,your_facebook_activity/posts/edits_you_made_to_posts.json/media,your_facebook_activity:posts:edits_you_made_to_posts:media,posts:edits_you_made_to_posts:media
945,Facebook,your_facebook_activity/posts/edits_you_made_to_posts.json/fbid,your_facebook_activity:posts:edits_you_made_to_posts:fbid,posts:edits_you_made_to_posts:fbid
950,Facebook,your_facebook_activity/other_activity/time_spent_on_facebook.json/timestamp,your_facebook_activity:other_activity:time_spent_on_facebook:timestamp,other_activity:time_spent_on_facebook:timestamp
951,Facebook,your_facebook_activity/other_activity/time_spent_on_facebook.json/media,your_facebook_activity:other_activity:time_spent_on_facebook:media,other_activity:time_spent_on_facebook:media
952,Facebook,your_facebook_activity/other_activity/time_spent_on_facebook.json/fbid,your_facebook_activity:other_activity:time_spent_on_facebook:fbid,other_activity:time_spent_on_facebook:fbid
964,Facebook,your_facebook_activity/comments_and_reactions/your_comment_edits.json/timestamp,your_facebook_activity:comments_and_reactions:your_comment_edits:timestamp,comments_and_reactions:your_comment_edits:timestamp
965,Facebook,your_facebook_activity/comments_and_reactions/your_comment_edits.json/media,your_facebook_activity:comments_and_reactions:your_comment_edits:media,comments_and_reactions:your_comment_edits:media
966,Facebook,your_facebook_activity/comments_and_reactions/your_comment_edits.json/fbid,your_facebook_activity:comments_and_reactions:your_comment_edits:fbid,comments_and_reactions:your_comment_edits:fbid
1027,Facebook,logged_information/interactions/groups_you've_visited.json/timestamp,interactions:groups_you've_visited:timestamp,your_interactions_on_facebook:groups_you_ve_visited:timestamp
1028,Facebook,logged_information/interactions/groups_you've_visited.json/media,interactions:groups_you've_visited:media,your_interactions_on_facebook:groups_you_ve_visited:media
1029,Facebook,logged_information/interactions/groups_you've_visited.json/fbid,interactions:groups_you've_visited:fbid,your_interactions_on_facebook:groups_you_ve_visited:fbid
1043,Facebook,your_facebook_activity/comments_and_reactions/likes_and_reactions_1.json/timestamp,your_facebook_activity:comments_and_reactions:likes_and_reactions_1:timestamp,comments_and_reactions:likes_and_reactions_1:timestamp
1045,Facebook,your_facebook_activity/comments_and_reactions/likes_and_reactions.json/timestamp,your_facebook_activity:comments_and_reactions:likes_and_reactions:timestamp,comments_and_reactions:likes_and_reactions:timestamp
1046,Facebook,your_facebook_activity/comments_and_reactions/likes_and_reactions.json/media,your_facebook_activity:comments_and_reactions:likes_and_reactions:media,comments_and_reactions:likes_and_reactions:media
1047,Facebook,your_facebook_activity/comments_and_reactions/likes_and_reactions.json/fbid,your_facebook_activity:comments_and_reactions:likes_and_reactions:fbid,comments_and_reactions:likes_and_reactions:fbid
1114,Facebook,ads_information/advertisers_you've_interacted_with.json/history_v2/timestamp,ads_information:advertisers_you've_interacted_with:history_v2:timestamp,ads_information:advertisers_you_ve_interacted_with:timestamp
1157,Facebook,preferences/feed/controls.json/controls/name,preferences:feed:controls:controls:name,feed:controls:controls:name
1158,Facebook,preferences/feed/controls.json/controls/description,preferences:feed:controls:controls:description,feed:controls:description
1160,Facebook,preferences/feed/snooze.json/label_values/label,preferences:feed:snooze:label_values:label,feed:snooze:label
1161,Facebook,preferences/feed/snooze.json/label_values/value,preferences:feed:snooze:label_values:value,feed:snooze:value
1221,Facebook,your_facebook_activity/posts/your_videos.json/videos_v2/uri,your_facebook_activity:posts:your_videos:videos_v2:uri,posts:your_videos:uri
1222,Facebook,your_facebook_activity/posts/your_videos.json/videos_v2/creation_timestamp,your_facebook_activity:posts:your_videos:videos_v2:creation_timestamp,posts:your_videos:creation_timestamp
1223,Facebook,your_facebook_activity/posts/your_videos.json/videos_v2/title,your_facebook_activity:posts:your_videos:videos_v2:title,posts:your_videos:title
1224,Facebook,your_facebook_activity/posts/your_videos.json/videos_v2/description,your_facebook_activity:posts:your_videos:videos_v2:description,posts:your_videos:description
1225,Facebook,your_facebook_activity/posts/your_videos.json/videos_v2/dubbing_info,your_facebook_activity:posts:your_videos:videos_v2:dubbing_info,posts:your_videos:dubbing_info
1226,Facebook,your_facebook_activity/posts/your_videos.json/videos_v2/media_variants,your_facebook_activity:posts:your_videos:videos_v2:media_variants,posts:your_videos:media_variants
1238,Facebook,your_facebook_activity/other_activity/your_video_consumption_summary.json/label_values/label,your_facebook_activity:other_activity:your_video_consumption_summary:label_values:label,other_activity:your_video_consumption_summary:label
1239,Facebook,your_facebook_activity/comments_and_reactions/comments.json/comments_v2/timestamp,your_facebook_activity:comments_and_reactions:comments:comments_v2:timestamp,comments_and_reactions:comments:comments_v2:timestamp
1243,Facebook,your_facebook_activity/groups/your_comments_in_groups.json/group_comments_v2/timestamp,your_facebook_activity:groups:your_comments_in_groups:group_comments_v2:timestamp,groups:your_comments_in_groups:group_comments_v2:timestamp
1245,Facebook,your_facebook_activity/groups/your_group_membership_activity.json/groups_joined_v2/timestamp,your_facebook_activity:groups:your_group_membership_activity:groups_joined_v2:timestamp,groups:your_group_membership_activity:timestamp
1246,Facebook,your_facebook_activity/groups/your_group_membership_activity.json/groups_joined_v2/title,your_facebook_activity:groups:your_group_membership_activity:groups_joined_v2:title,groups:your_group_membership_activity:title
1264,Facebook,your_facebook_activity/saved_items_and_collections/your_saved_items.json/saves_v2/timestamp,your_facebook_activity:saved_items_and_collections:your_saved_items:saves_v2:timestamp,saved_items_and_collections:your_saved_items:timestamp
1265,Facebook,your_facebook_activity/saved_items_and_collections/your_saved_items.json/saves_v2/title,your_facebook_activity:saved_items_and_collections:your_saved_items:saves_v2:title,saved_items_and_collections:your_saved_items:title
1290,Facebook,your_facebook_activity/stories/story_reactions.json/stories_feedback_v2/title,your_facebook_activity:stories:story_reactions:stories_feedback_v2:title,stories:story_reactions:title
1307,Facebook,your_facebook_activity/pages/pages_you've_liked.json/page_likes_v2/name,your_facebook_activity:pages:pages_you've_liked:page_likes_v2:name,pages:pages_you've_liked:name
1308,Facebook,your_facebook_activity/pages/pages_you've_liked.json/page_likes_v2/timestamp,your_facebook_activity:pages:pages_you've_liked:page_likes_v2:timestamp,pages:pages_you've_liked:timestamp
1309,Facebook,your_facebook_activity/pages/pages_you've_liked.json/page_likes_v2/url,your_facebook_activity:pages:pages_you've_liked:page_likes_v2:url,pages:pages_you've_liked:url
1318,Facebook,your_facebook_activity/pages/pages_and_profiles_you_follow.json/pages_followed_v2/timestamp,your_facebook_activity:pages:pages_and_profiles_you_follow:pages_followed_v2:timestamp,pages:pages_and_profiles_you_follow:timestamp
1319,Facebook,your_facebook_activity/pages/pages_and_profiles_you_follow.json/pages_followed_v2/title,your_facebook_activity:pages:pages_and_profiles_you_follow:pages_followed_v2:title,pages:pages_and_profiles_you_follow:title
1371,Facebook,your_facebook_activity/groups/group_posts_and_comments.json/group_posts_v2/timestamp,your_facebook_activity:groups:group_posts_and_comments:group_posts_v2:timestamp,groups:group_posts_and_comments:timestamp
1372,Facebook,your_facebook_activity/groups/group_posts_and_comments.json/group_posts_v2/title,your_facebook_activity:groups:group_posts_and_comments:group_posts_v2:title,groups:group_posts_and_comments:group_posts_v2:title
1422,Facebook,your_facebook_activity/posts/edits_you_made_to_posts.json/label_values/label,your_facebook_activity:posts:edits_you_made_to_posts:label_values:label,posts:edits_you_made_to_posts:label
1423,Facebook,your_facebook_activity/posts/edits_you_made_to_posts.json/label_values/value,your_facebook_activity:posts:edits_you_made_to_posts:label_values:value,posts:edits_you_made_to_posts:value
1428,Facebook,your_facebook_activity/other_activity/time_spent_on_facebook.json/label_values/label,your_facebook_activity:other_activity:time_spent_on_facebook:label_values:label,other_activity:time_spent_on_facebook:label_values:label
1436,Facebook,your_facebook_activity/comments_and_reactions/your_comment_edits.json/label_values/label,your_facebook_activity:comments_and_reactions:your_comment_edits:label_values:label,comments_and_reactions:your_comment_edits:label
1437,Facebook,your_facebook_activity/comments_and_reactions/your_comment_edits.json/label_values/value,your_facebook_activity:comments_and_reactions:your_comment_edits:label_values:value,comments_and_reactions:your_comment_edits:value
1438,Facebook,your_facebook_activity/polls/your_poll_votes.json/label_values/label,polls:your_poll_votes:label,polls:your_poll_votes:label_values:label
1439,Facebook,your_facebook_activity/polls/your_poll_votes.json/label_values/value,polls:your_poll_votes:value,polls:your_poll_votes:label_values:value
1480,Facebook,logged_information/interactions/groups_you've_visited.json/label_values/label,interactions:groups_you've_visited:label,your_interactions_on_facebook:groups_you_ve_visited:label
1481,Facebook,logged_information/interactions/groups_you've_visited.json/label_values/value,interactions:groups_you've_visited:value,your_interactions_on_facebook:groups_you_ve_visited:value
1490,Facebook,your_facebook_activity/comments_and_reactions/likes_and_reactions.json/label_values/label,your_facebook_activity:comments_and_reactions:likes_and_reactions:label_values:label,comments_and_reactions:likes_and_reactions:label_values:label
1491,Facebook,your_facebook_activity/comments_and_reactions/likes_and_reactions.json/label_values/value,your_facebook_activity:comments_and_reactions:likes_and_reactions:label_values:value,comments_and_reactions:likes_and_reactions:label_values:value
1567,Facebook,your_facebook_activity/pages/pages_and_profiles_you_follow.json/pages_followed_v2/data/name,your_facebook_activity:pages:pages_and_profiles_you_follow:pages_followed_v2:data:name,pages:pages_and_profiles_you_follow:name
1593,Facebook,your_facebook_activity/comments_and_reactions/likes_and_reactions_1.json/data/reaction/reaction,your_facebook_activity:comments_and_reactions:likes_and_reactions_1:data:reaction:reaction,comments_and_reactions:likes_and_reactions_1:reaction
1616,Facebook,your_facebook_activity/comments_and_reactions/comments.json/comments_v2/data/comment/timestamp,your_facebook_activity:comments_and_reactions:comments:comments_v2:data:comment:timestamp,comments_and_reactions:comments:comment:timestamp
1617,Facebook,your_facebook_activity/comments_and_reactions/comments.json/comments_v2/data/comment/comment,your_facebook_activity:comments_and_reactions:comments:comments_v2:data:comment:comment,comments_and_reactions:comments:comment
1619,Facebook,your_facebook_activity/groups/your_comments_in_groups.json/group_comments_v2/data/comment/timestamp,your_facebook_activity:groups:your_comments_in_groups:group_comments_v2:data:comment:timestamp,groups:your_comments_in_groups:comment:timestamp
1620,Facebook,your_facebook_activity/groups/your_comments_in_groups.json/group_comments_v2/data/comment/comment,your_facebook_activity:groups:your_comments_in_groups:group_comments_v2:data:comment:comment,groups:your_comments_in_groups:comment
1622,Facebook,your_facebook_activity/groups/your_comments_in_groups.json/group_comments_v2/data/comment/group,your_facebook_activity:groups:your_comments_in_groups:group_comments_v2:data:comment:group,groups:your_comments_in_groups:group
1637,Facebook,your_facebook_activity/other_activity/time_spent_on_facebook.json/label_values/vec/dict/label,your_facebook_activity:other_activity:time_spent_on_facebook:label_values:vec:dict:label,other_activity:time_spent_on_facebook:vec:dict:label
1638,Facebook,your_facebook_activity/other_activity/time_spent_on_facebook.json/label_values/vec/dict/timestamp_value,your_facebook_activity:other_activity:time_spent_on_facebook:label_values:vec:dict:timestamp_value,other_activity:time_spent_on_facebook:dict:timestamp_value
1646,Facebook,your_facebook_activity/posts/your_videos.json/videos_v2/media_metadata/video_metadata/exif_data/upload_timestamp,your_facebook_activity:posts:your_videos:videos_v2:media_metadata:video_metadata:exif_data:upload_timestamp,posts:your_videos:upload_timestamp
1681,Facebook,your_facebook_activity/comments_and_reactions/your_comment_active_days.json/media,your_facebook_activity:comments_and_reactions:your_comment_active_days:media,comments_and_reactions:your_comment_active_days:media
1682,Facebook,your_facebook_activity/comments_and_reactions/your_comment_active_days.json/fbid,your_facebook_activity:comments_and_reactions:your_comment_active_days:fbid,comments_and_reactions:your_comment_active_days:fbid
1712,Facebook,ads_information/advertisers_you've_interacted_with.json/timestamp,ads_information:advertisers_you've_interacted_with:timestamp,ads_information:advertisers_you_ve_interacted_with:timestamp
1717,Facebook,logged_information/your_interactions_on_facebook/groups_you've_visited.json/timestamp,your_interactions_on_facebook:groups_you've_visited:timestamp,your_interactions_on_facebook:groups_you_ve_visited:timestamp
1718,Facebook,logged_information/your_interactions_on_facebook/groups_you've_visited.json/media,your_interactions_on_facebook:groups_you've_visited:media,your_interactions_on_facebook:groups_you_ve_visited:media
1719,Facebook,logged_information/your_interactions_on_facebook/groups_you've_visited.json/fbid,your_interactions_on_facebook:groups_you've_visited:fbid,your_interactions_on_facebook:groups_you_ve_visited:fbid
1726,Facebook,your_facebook_activity/comments_and_reactions/your_comment_active_days.json/label_values/label,your_facebook_activity:comments_and_reactions:your_comment_active_days:label_values:label,comments_and_reactions:your_comment_active_days:label
1727,Facebook,your_facebook_activity/comments_and_reactions/your_comment_active_days.json/label_values/value,your_facebook_activity:comments_and_reactions:your_comment_active_days:label_values:value,comments_and_reactions:your_comment_active_days:value
1739,Facebook,logged_information/your_interactions_on_facebook/recently_visited.json/visited_things_v2/name,your_interactions_on_facebook:recently_visited:visited_things_v2:name,interactions:recently_visited:visited_things_v2:name
1740,Facebook,logged_information/your_interactions_on_facebook/recently_visited.json/visited_things_v2/description,your_interactions_on_facebook:recently_visited:description,interactions:recently_visited:description
1747,Facebook,logged_information/your_interactions_on_facebook/recently_viewed.json/recently_viewed/name,your_interactions_on_facebook:recently_viewed:recently_viewed:name,interactions:recently_viewed:recently_viewed:name
1748,Facebook,logged_information/your_interactions_on_facebook/recently_viewed.json/recently_viewed/description,your_interactions_on_facebook:recently_viewed:recently_viewed:description,interactions:recently_viewed:recently_viewed:description
1754,Facebook,logged_information/your_interactions_on_facebook/groups_you've_visited.json/label_values/label,your_interactions_on_facebook:groups_you've_visited:label,your_interactions_on_facebook:groups_you_ve_visited:label
1755,Facebook,logged_information/your_interactions_on_facebook/groups_you've_visited.json/label_values/value,your_interactions_on_facebook:groups_you've_visited:value,your_interactions_on_facebook:groups_you_ve_visited:value
1759,Facebook,your_facebook_activity/groups/group_posts_and_comments.json/group_posts_v2/data/post,your_facebook_activity:groups:group_posts_and_comments:group_posts_v2:data:post,groups:group_posts_and_comments:post
1760,Facebook,your_facebook_activity/groups/your_group_membership_activity.json/groups_joined_v2/data/name,your_facebook_activity:groups:your_group_membership_activity:groups_joined_v2:data:name,groups:your_group_membership_activity:name
1762,Facebook,logged_information/your_interactions_on_facebook/recently_visited.json/visited_things_v2/entries/timestamp,your_interactions_on_facebook:recently_visited:timestamp,interactions:recently_visited:timestamp
1779,Facebook,logged_information/your_interactions_on_facebook/recently_viewed.json/recently_viewed/entries/timestamp,your_interactions_on_facebook:recently_viewed:recently_viewed:entries:timestamp,interactions:recently_viewed:recently_viewed:entries:timestamp
1782,Facebook,logged_information/your_interactions_on_facebook/recently_visited.json/visited_things_v2/entries/data/name,your_interactions_on_facebook:recently_visited:data:name,interactions:recently_visited:data:name
1783,Facebook,logged_information/your_interactions_on_facebook/recently_visited.json/visited_things_v2/entries/data/uri,your_interactions_on_facebook:recently_visited:uri,interactions:recently_visited:uri
1787,Facebook,logged_information/your_interactions_on_facebook/recently_viewed.json/recently_viewed/entries/data/name,your_interactions_on_facebook:recently_viewed:recently_viewed:entries:data:name,interactions:recently_viewed:recently_viewed:entries:data:name
1788,Facebook,logged_information/your_interactions_on_facebook/recently_viewed.json/recently_viewed/entries/data/uri,your_interactions_on_facebook:recently_viewed:recently_viewed:entries:data:uri,interactions:recently_viewed:recently_viewed:entries:data:uri
1961,Facebook,your_facebook_activity/other_activity/time_spent_on_facebook.json/timestamp,your_facebook_activity:other_activity:time_spent_on_facebook:timestamp,other_activity:time_spent_on_facebook:timestamp
1962,Facebook,your_facebook_activity/other_activity/time_spent_on_facebook.json/fbid,your_facebook_activity:other_activity:time_spent_on_facebook:fbid,other_activity:time_spent_on_facebook:fbid
2032,Facebook,your_facebook_activity/other_activity/time_spent_on_facebook.json/media,your_facebook_activity:other_activity:time_spent_on_facebook:media,other_activity:time_spent_on_facebook:media
2037,Facebook,your_facebook_activity/other_activity/your_video_consumption_summary.json/media,your_facebook_activity:other_activity:your_video_consumption_summary:media,other_activity:your_video_consumption_summary:media
2072,Facebook,your_facebook_activity/comments_and_reactions/likes_and_reactions.json/media,your_facebook_activity:comments_and_reactions:likes_and_reactions:media,comments_and_reactions:likes_and_reactions:media
2150,Facebook,your_facebook_activity/pages/pages_you_ve_liked.json/page_likes_v2/name,pages:pages_you_ve_liked:name,pages:pages_you've_liked:name
2151,Facebook,your_facebook_activity/pages/pages_you_ve_liked.json/page_likes_v2/timestamp,pages:pages_you_ve_liked:timestamp,pages:pages_you've_liked:timestamp
2152,Facebook,your_facebook_activity/pages/pages_you_ve_liked.json/page_likes_v2/url,pages:pages_you_ve_liked:url,pages:pages_you've_liked:url
2225,Facebook,connections/followers/who_you_ve_followed.json/following_v3/name,followers:who_you_ve_followed:name,followers:who_you've_followed:name
2226,Facebook,connections/followers/who_you_ve_followed.json/following_v3/timestamp,followers:who_you_ve_followed:timestamp,followers:who_you've_followed:timestamp
2242,Facebook,ads_information/advertisers_you_ve_interacted_with.json/history_v2/title,ads_information:advertisers_you_ve_interacted_with:title,ads_information:advertisers_you've_interacted_with:title
2243,Facebook,ads_information/advertisers_you_ve_interacted_with.json/history_v2/action,ads_information:advertisers_you_ve_interacted_with:action,ads_information:advertisers_you've_interacted_with:action
2312,Facebook,logged_information/your_interactions_on_facebook/recently_viewed.json/recently_viewed/children/name,your_interactions_on_facebook:recently_viewed:children:name,interactions:recently_viewed:children:name
2313,Facebook,logged_information/your_interactions_on_facebook/recently_viewed.json/recently_viewed/children/description,your_interactions_on_facebook:recently_viewed:children:description,interactions:recently_viewed:children:description
2337,Facebook,logged_information/your_interactions_on_facebook/recently_viewed.json/recently_viewed/children/entries/timestamp,your_interactions_on_facebook:recently_viewed:children:entries:timestamp,interactions:recently_viewed:children:entries:timestamp
2338,Facebook,logged_information/your_interactions_on_facebook/recently_visited.json/visited_things_v2/entries/data/value,your_interactions_on_facebook:recently_visited:value,interactions:recently_visited:value
2373,Facebook,logged_information/your_interactions_on_facebook/recently_viewed.json/recently_viewed/children/entries/data/value,your_interactions_on_facebook:recently_viewed:value,interactions:recently_viewed:value
2374,Facebook,logged_information/your_interactions_on_facebook/recently_viewed.json/recently_viewed/children/entries/data/name,your_interactions_on_facebook:recently_viewed:children:entries:data:name,interactions:recently_viewed:children:entries:data:name
2375,Facebook,logged_information/your_interactions_on_facebook/recently_viewed.json/recently_viewed/children/entries/data/uri,your_interactions_on_facebook:recently_viewed:children:entries:data:uri,interactions:recently_viewed:children:entries:data:uri
2406,Facebook,your_activity_across_facebook/other_activity/your_recently_followed_history.json/media,your_activity_across_facebook:other_activity:your_recently_followed_history:media,your_facebook_activity:other_activity:your_recently_followed_history:media
2446,Facebook,your_activity_across_facebook/posts/your_posts__check_ins__photos_and_videos_1.json/timestamp,your_activity_across_facebook:posts:your_posts__check_ins__photos_and_videos_1:timestamp,your_facebook_activity:posts:your_posts__check_ins__photos_and_videos_1:timestamp
2448,Facebook,your_activity_across_facebook/comments_and_reactions/likes_and_reactions_1.json/timestamp,your_activity_across_facebook:comments_and_reactions:likes_and_reactions_1:timestamp,comments_and_reactions:likes_and_reactions_1:timestamp
2495,Facebook,your_activity_across_facebook/groups/group_posts_and_comments.json/group_posts_v2/timestamp,your_activity_across_facebook:groups:group_posts_and_comments:group_posts_v2:timestamp,groups:group_posts_and_comments:timestamp
2496,Facebook,your_activity_across_facebook/groups/group_posts_and_comments.json/group_posts_v2/title,your_activity_across_facebook:groups:group_posts_and_comments:group_posts_v2:title,groups:group_posts_and_comments:group_posts_v2:title
2497,Facebook,your_activity_across_facebook/groups/your_group_membership_activity.json/groups_joined_v2/timestamp,your_activity_across_facebook:groups:your_group_membership_activity:groups_joined_v2:timestamp,groups:your_group_membership_activity:timestamp
2498,Facebook,your_activity_across_facebook/groups/your_group_membership_activity.json/groups_joined_v2/title,your_activity_across_facebook:groups:your_group_membership_activity:groups_joined_v2:title,groups:your_group_membership_activity:title
2499,Facebook,your_activity_across_facebook/groups/your_groups.json/groups_admined_v2/name,your_activity_across_facebook:groups:your_groups:groups_admined_v2:name,your_facebook_activity:groups:your_groups:groups_admined_v2:name
2500,Facebook,your_activity_across_facebook/groups/your_groups.json/groups_admined_v2/timestamp,your_activity_across_facebook:groups:your_groups:groups_admined_v2:timestamp,your_facebook_activity:groups:your_groups:groups_admined_v2:timestamp
2504,Facebook,your_activity_across_facebook/pages/pages_and_profiles_you_follow.json/pages_followed_v2/timestamp,your_activity_across_facebook:pages:pages_and_profiles_you_follow:pages_followed_v2:timestamp,pages:pages_and_profiles_you_follow:timestamp
2505,Facebook,your_activity_across_facebook/pages/pages_and_profiles_you_follow.json/pages_followed_v2/title,your_activity_across_facebook:pages:pages_and_profiles_you_follow:pages_followed_v2:title,pages:pages_and_profiles_you_follow:title
2506,Facebook,your_activity_across_facebook/pages/pages_you've_liked.json/page_likes_v2/name,your_activity_across_facebook:pages:pages_you've_liked:page_likes_v2:name,pages:pages_you've_liked:name
2507,Facebook,your_activity_across_facebook/pages/pages_you've_liked.json/page_likes_v2/timestamp,your_activity_across_facebook:pages:pages_you've_liked:page_likes_v2:timestamp,pages:pages_you've_liked:timestamp
2508,Facebook,your_activity_across_facebook/pages/pages_you've_liked.json/page_likes_v2/url,your_activity_across_facebook:pages:pages_you've_liked:page_likes_v2:url,pages:pages_you've_liked:url
2509,Facebook,your_activity_across_facebook/polls/polls_you_voted_on.json/poll_votes_v2/timestamp,your_activity_across_facebook:polls:polls_you_voted_on:poll_votes_v2:timestamp,your_facebook_activity:polls:polls_you_voted_on:poll_votes_v2:timestamp
2510,Facebook,your_activity_across_facebook/polls/polls_you_voted_on.json/poll_votes_v2/title,your_activity_across_facebook:polls:polls_you_voted_on:poll_votes_v2:title,your_facebook_activity:polls:polls_you_voted_on:poll_votes_v2:title
2511,Facebook,your_activity_across_facebook/other_activity/your_recently_followed_history.json/label_values/label,your_activity_across_facebook:other_activity:your_recently_followed_history:label_values:label,your_facebook_activity:other_activity:your_recently_followed_history:label_values:label
2528,Facebook,your_activity_across_facebook/groups/your_comments_in_groups.json/group_comments_v2/timestamp,your_activity_across_facebook:groups:your_comments_in_groups:group_comments_v2:timestamp,groups:your_comments_in_groups:group_comments_v2:timestamp
2533,Facebook,your_activity_across_facebook/comments_and_reactions/comments.json/comments_v2/timestamp,your_activity_across_facebook:comments_and_reactions:comments:comments_v2:timestamp,comments_and_reactions:comments:comments_v2:timestamp
2542,Facebook,your_activity_across_facebook/posts/your_posts__check_ins__photos_and_videos_1.json/data/post,your_activity_across_facebook:posts:your_posts__check_ins__photos_and_videos_1:data:post,your_facebook_activity:posts:your_posts__check_ins__photos_and_videos_1:data:post
2567,Facebook,your_activity_across_facebook/groups/group_posts_and_comments.json/group_posts_v2/data/post,your_activity_across_facebook:groups:group_posts_and_comments:group_posts_v2:data:post,groups:group_posts_and_comments:post
2568,Facebook,your_activity_across_facebook/groups/your_group_membership_activity.json/groups_joined_v2/data/name,your_activity_across_facebook:groups:your_group_membership_activity:groups_joined_v2:data:name,groups:your_group_membership_activity:name
2569,Facebook,your_activity_across_facebook/pages/pages_and_profiles_you_follow.json/pages_followed_v2/data/name,your_activity_across_facebook:pages:pages_and_profiles_you_follow:pages_followed_v2:data:name,pages:pages_and_profiles_you_follow:name
2572,Facebook,your_activity_across_facebook/comments_and_reactions/likes_and_reactions_1.json/data/reaction/reaction,your_activity_across_facebook:comments_and_reactions:likes_and_reactions_1:data:reaction:reaction,comments_and_reactions:likes_and_reactions_1:reaction
2574,Facebook,your_activity_across_facebook/other_activity/your_recently_followed_history.json/label_values/vec/dict/label,your_activity_across_facebook:other_activity:your_recently_followed_history:label_values:vec:dict:label,your_facebook_activity:other_activity:your_recently_followed_history:label_values:vec:dict:label
2575,Facebook,your_activity_across_facebook/other_activity/your_recently_followed_history.json/label_values/vec/dict/value,your_activity_across_facebook:other_activity:your_recently_followed_history:label_values:vec:dict:value,your_facebook_activity:other_activity:your_recently_followed_history:label_values:vec:dict:value
2576,Facebook,your_activity_across_facebook/groups/your_comments_in_groups.json/group_comments_v2/data/comment/timestamp,your_activity_across_facebook:groups:your_comments_in_groups:group_comments_v2:data:comment:timestamp,groups:your_comments_in_groups:comment:timestamp
2577,Facebook,your_activity_across_facebook/groups/your_comments_in_groups.json/group_comments_v2/data/comment/comment,your_activity_across_facebook:groups:your_comments_in_groups:group_comments_v2:data:comment:comment,groups:your_comments_in_groups:comment
2579,Facebook,your_activity_across_facebook/groups/your_comments_in_groups.json/group_comments_v2/data/comment/group,your_activity_across_facebook:groups:your_comments_in_groups:group_comments_v2:data:comment:group,groups:your_comments_in_groups:group
2580,Facebook,your_activity_across_facebook/comments_and_reactions/comments.json/comments_v2/data/comment/timestamp,your_activity_across_facebook:comments_and_reactions:comments:comments_v2:data:comment:timestamp,comments_and_reactions:comments:comment:timestamp
2581,Facebook,your_activity_across_facebook/comments_and_reactions/comments.json/comments_v2/data/comment/comment,your_activity_across_facebook:comments_and_reactions:comments:comments_v2:data:comment:comment,comments_and_reactions:comments:comment
2583,Facebook,your_activity_across_facebook/posts/your_posts__check_ins__photos_and_videos_1.json/attachments/data/external_context/url,your_activity_across_facebook:posts:your_posts__check_ins__photos_and_videos_1:attachments:data:external_context:url,your_facebook_activity:posts:your_posts__check_ins__photos_and_videos_1:attachments:data:external_context:url
2592,Facebook,logged_information/your_interactions_on_facebook/recently_viewed.json/recently_viewed/children/entries/data/watch_time,your_interactions_on_facebook:recently_viewed:watch_time,interactions:recently_viewed:watch_time
2593,Facebook,your_activity_across_facebook/polls/polls_you_voted_on.json/poll_votes_v2/attachments/data/poll/options/option,your_activity_across_facebook:polls:polls_you_voted_on:attachments:data:poll:options:option,your_facebook_activity:polls:polls_you_voted_on:attachments:data:poll:options:option
2594,Facebook,your_activity_across_facebook/polls/polls_you_voted_on.json/poll_votes_v2/attachments/data/poll/options/voted,your_activity_across_facebook:polls:polls_you_voted_on:attachments:data:poll:options:voted,your_facebook_activity:polls:polls_you_voted_on:attachments:data:poll:options:voted
3074,Facebook,personal_information/profile_information/preferences/preferences/privacy_settings.json/media,profile_information:preferences:preferences:privacy_settings:media,preferences:preferences:privacy_settings:media
3075,Facebook,personal_information/profile_information/preferences/preferences/privacy_settings.json/fbid,profile_information:preferences:preferences:privacy_settings:fbid,preferences:preferences:privacy_settings:fbid
3076,Facebook,personal_information/profile_information/preferences/preferences/your_story_highlights.json/media,profile_information:preferences:preferences:your_story_highlights:media,preferences:preferences:your_story_highlights:media
3077,Facebook,personal_information/profile_information/preferences/preferences/your_story_highlights.json/fbid,profile_information:preferences:preferences:your_story_highlights:fbid,preferences:preferences:your_story_highlights:fbid
3086,Facebook,personal_information/profile_information/preferences/preferences/reels_preferences.json/media,profile_information:preferences:preferences:reels_preferences:media,preferences:preferences:reels_preferences:media
3087,Facebook,personal_information/profile_information/preferences/preferences/reels_preferences.json/fbid,profile_information:preferences:preferences:reels_preferences:fbid,preferences:preferences:reels_preferences:fbid
3090,Facebook,personal_information/profile_information/preferences/preferences/your_watch_settings.json/media,profile_information:preferences:preferences:your_watch_settings:media,preferences:preferences:your_watch_settings:media
3091,Facebook,personal_information/profile_information/preferences/preferences/your_watch_settings.json/fbid,profile_information:preferences:preferences:your_watch_settings:fbid,preferences:preferences:your_watch_settings:fbid
3095,Facebook,personal_information/profile_information/preferences/feed/snooze.json/media,profile_information:preferences:feed:snooze:media,feed:snooze:media
3096,Facebook,personal_information/profile_information/preferences/feed/snooze.json/fbid,profile_information:preferences:feed:snooze:fbid,feed:snooze:fbid
3115,Facebook,personal_information/profile_information/your_facebook_activity/other_activity/your_recently_followed_history.json/media,profile_information:your_facebook_activity:other_activity:your_recently_followed_history:media,your_facebook_activity:other_activity:your_recently_followed_history:media
3116,Facebook,personal_information/profile_information/your_facebook_activity/other_activity/your_recently_followed_history.json/fbid,profile_information:your_facebook_activity:other_activity:your_recently_followed_history:fbid,your_facebook_activity:other_activity:your_recently_followed_history:fbid
3123,Facebook,personal_information/profile_information/your_facebook_activity/other_activity/your_information_download_requests.json/timestamp,profile_information:your_facebook_activity:other_activity:your_information_download_requests:timestamp,your_facebook_activity:other_activity:your_information_download_requests:timestamp
3128,Facebook,personal_information/profile_information/your_facebook_activity/other_activity/your_video_consumption_summary.json/media,profile_information:your_facebook_activity:other_activity:your_video_consumption_summary:media,other_activity:your_video_consumption_summary:media
3129,Facebook,personal_information/profile_information/your_facebook_activity/other_activity/your_video_consumption_summary.json/fbid,profile_information:your_facebook_activity:other_activity:your_video_consumption_summary:fbid,other_activity:your_video_consumption_summary:fbid
3133,Facebook,personal_information/profile_information/your_facebook_activity/comments_and_reactions/your_comment_active_days.json/media,profile_information:your_facebook_activity:comments_and_reactions:your_comment_active_days:media,comments_and_reactions:your_comment_active_days:media
3134,Facebook,personal_information/profile_information/your_facebook_activity/comments_and_reactions/your_comment_active_days.json/fbid,profile_information:your_facebook_activity:comments_and_reactions:your_comment_active_days:fbid,comments_and_reactions:your_comment_active_days:fbid
3199,Facebook,personal_information/profile_information/your_facebook_activity/posts/posts_on_other_pages_and_profiles.json/timestamp,profile_information:your_facebook_activity:posts:posts_on_other_pages_and_profiles:timestamp,your_facebook_activity:posts:posts_on_other_pages_and_profiles:timestamp
3200,Facebook,personal_information/profile_information/your_facebook_activity/posts/posts_on_other_pages_and_profiles.json/media,profile_information:your_facebook_activity:posts:posts_on_other_pages_and_profiles:media,your_facebook_activity:posts:posts_on_other_pages_and_profiles:media
3201,Facebook,personal_information/profile_information/your_facebook_activity/posts/posts_on_other_pages_and_profiles.json/fbid,profile_information:your_facebook_activity:posts:posts_on_other_pages_and_profiles:fbid,your_facebook_activity:posts:posts_on_other_pages_and_profiles:fbid
3202,Facebook,personal_information/profile_information/your_facebook_activity/posts/content_sharing_links_you_have_created.json/timestamp,profile_information:your_facebook_activity:posts:content_sharing_links_you_have_created:timestamp,your_facebook_activity:posts:content_sharing_links_you_have_created:timestamp
3203,Facebook,personal_information/profile_information/your_facebook_activity/posts/content_sharing_links_you_have_created.json/media,profile_information:your_facebook_activity:posts:content_sharing_links_you_have_created:media,your_facebook_activity:posts:content_sharing_links_you_have_created:media
3204,Facebook,personal_information/profile_information/your_facebook_activity/posts/content_sharing_links_you_have_created.json/fbid,profile_information:your_facebook_activity:posts:content_sharing_links_you_have_created:fbid,your_facebook_activity:posts:content_sharing_links_you_have_created:fbid
3207,Facebook,personal_information/profile_information/your_facebook_activity/other_activity/time_spent_on_facebook.json/timestamp,profile_information:your_facebook_activity:other_activity:time_spent_on_facebook:timestamp,other_activity:time_spent_on_facebook:timestamp
3208,Facebook,personal_information/profile_information/your_facebook_activity/other_activity/time_spent_on_facebook.json/media,profile_information:your_facebook_activity:other_activity:time_spent_on_facebook:media,other_activity:time_spent_on_facebook:media
3209,Facebook,personal_information/profile_information/your_facebook_activity/other_activity/time_spent_on_facebook.json/fbid,profile_information:your_facebook_activity:other_activity:time_spent_on_facebook:fbid,other_activity:time_spent_on_facebook:fbid
3217,Facebook,personal_information/profile_information/your_facebook_activity/comments_and_reactions/likes_and_reactions_1.json/timestamp,profile_information:your_facebook_activity:comments_and_reactions:likes_and_reactions_1:timestamp,comments_and_reactions:likes_and_reactions_1:timestamp
3219,Facebook,personal_information/profile_information/your_facebook_activity/comments_and_reactions/your_comment_edits.json/timestamp,profile_information:your_facebook_activity:comments_and_reactions:your_comment_edits:timestamp,comments_and_reactions:your_comment_edits:timestamp
3220,Facebook,personal_information/profile_information/your_facebook_activity/comments_and_reactions/your_comment_edits.json/media,profile_information:your_facebook_activity:comments_and_reactions:your_comment_edits:media,comments_and_reactions:your_comment_edits:media
3221,Facebook,personal_information/profile_information/your_facebook_activity/comments_and_reactions/your_comment_edits.json/fbid,profile_information:your_facebook_activity:comments_and_reactions:your_comment_edits:fbid,comments_and_reactions:your_comment_edits:fbid
3241,Facebook,personal_information/profile_information/your_facebook_activity/posts/edits_you_made_to_posts.json/timestamp,profile_information:your_facebook_activity:posts:edits_you_made_to_posts:timestamp,posts:edits_you_made_to_posts:timestamp
3242,Facebook,personal_information/profile_information/your_facebook_activity/posts/edits_you_made_to_posts.json/media,profile_information:your_facebook_activity:posts:edits_you_made_to_posts:media,posts:edits_you_made_to_posts:media
3243,Facebook,personal_information/profile_information/your_facebook_activity/posts/edits_you_made_to_posts.json/fbid,profile_information:your_facebook_activity:posts:edits_you_made_to_posts:fbid,posts:edits_you_made_to_posts:fbid
3244,Facebook,personal_information/profile_information/your_facebook_activity/comments_and_reactions/likes_and_reactions.json/timestamp,profile_information:your_facebook_activity:comments_and_reactions:likes_and_reactions:timestamp,comments_and_reactions:likes_and_reactions:timestamp
3245,Facebook,personal_information/profile_information/your_facebook_activity/comments_and_reactions/likes_and_reactions.json/media,profile_information:your_facebook_activity:comments_and_reactions:likes_and_reactions:media,comments_and_reactions:likes_and_reactions:media
3246,Facebook,personal_information/profile_information/your_facebook_activity/comments_and_reactions/likes_and_reactions.json/fbid,profile_information:your_facebook_activity:comments_and_reactions:likes_and_reactions:fbid,comments_and_reactions:likes_and_reactions:fbid
3247,Facebook,personal_information/profile_information/your_facebook_activity/posts/your_posts__check_ins__photos_and_videos_1.json/timestamp,profile_information:your_facebook_activity:posts:your_posts__check_ins__photos_and_videos_1:timestamp,your_facebook_activity:posts:your_posts__check_ins__photos_and_videos_1:timestamp
3285,Facebook,personal_information/profile_information/preferences/preferences/privacy_settings.json/label_values/label,profile_information:preferences:preferences:privacy_settings:label_values:label,preferences:preferences:privacy_settings:label_values:label
3286,Facebook,personal_information/profile_information/preferences/preferences/your_story_highlights.json/label_values/label,profile_information:preferences:preferences:your_story_highlights:label_values:label,preferences:preferences:your_story_highlights:label_values:label
3287,Facebook,personal_information/profile_information/preferences/preferences/your_story_highlights.json/label_values/value,profile_information:preferences:preferences:your_story_highlights:label_values:value,preferences:preferences:your_story_highlights:label_values:value
3297,Facebook,personal_information/profile_information/preferences/preferences/reels_preferences.json/label_values/label,profile_information:preferences:preferences:reels_preferences:label_values:label,preferences:preferences:reels_preferences:label_values:label
3298,Facebook,personal_information/profile_information/preferences/preferences/reels_preferences.json/label_values/value,profile_information:preferences:preferences:reels_preferences:label_values:value,preferences:preferences:reels_preferences:label_values:value
3300,Facebook,personal_information/profile_information/preferences/preferences/video.json/watch_videos_v2/video_title,profile_information:preferences:preferences:video:watch_videos_v2:video_title,preferences:preferences:video:watch_videos_v2:video_title
3301,Facebook,personal_information/profile_information/preferences/preferences/video.json/watch_videos_v2/user_action,profile_information:preferences:preferences:video:watch_videos_v2:user_action,preferences:preferences:video:watch_videos_v2:user_action
3302,Facebook,personal_information/profile_information/preferences/preferences/video.json/watch_videos_v2/action_time,profile_information:preferences:preferences:video:watch_videos_v2:action_time,preferences:preferences:video:watch_videos_v2:action_time
3303,Facebook,personal_information/profile_information/preferences/preferences/video.json/watch_videos_v2/feedback_collection,profile_information:preferences:preferences:video:watch_videos_v2:feedback_collection,preferences:preferences:video:watch_videos_v2:feedback_collection
3304,Facebook,personal_information/profile_information/preferences/preferences/your_watch_settings.json/label_values/label,profile_information:preferences:preferences:your_watch_settings:label_values:label,preferences:preferences:your_watch_settings:label_values:label
3305,Facebook,personal_information/profile_information/preferences/preferences/your_watch_settings.json/label_values/value,profile_information:preferences:preferences:your_watch_settings:label_values:value,preferences:preferences:your_watch_settings:label_values:value
3308,Facebook,personal_information/profile_information/preferences/feed/controls.json/controls/name,profile_information:preferences:feed:controls:controls:name,feed:controls:controls:name
3309,Facebook,personal_information/profile_information/preferences/feed/controls.json/controls/description,profile_information:preferences:feed:controls:controls:description,feed:controls:description
3310,Facebook,personal_information/profile_information/preferences/feed/snooze.json/label_values/label,profile_information:preferences:feed:snooze:label_values:label,feed:snooze:label
3311,Facebook,personal_information/profile_information/preferences/feed/snooze.json/label_values/value,profile_information:preferences:feed:snooze:label_values:value,feed:snooze:value
3344,Facebook,personal_information/profile_information/your_facebook_activity/posts/your_videos.json/videos_v2/uri,profile_information:your_facebook_activity:posts:your_videos:videos_v2:uri,posts:your_videos:uri
3345,Facebook,personal_information/profile_information/your_facebook_activity/posts/your_videos.json/videos_v2/creation_timestamp,profile_information:your_facebook_activity:posts:your_videos:videos_v2:creation_timestamp,posts:your_videos:creation_timestamp
3346,Facebook,personal_information/profile_information/your_facebook_activity/posts/your_videos.json/videos_v2/title,profile_information:your_facebook_activity:posts:your_videos:videos_v2:title,posts:your_videos:title
3347,Facebook,personal_information/profile_information/your_facebook_activity/posts/your_videos.json/videos_v2/description,profile_information:your_facebook_activity:posts:your_videos:videos_v2:description,posts:your_videos:description
3348,Facebook,personal_information/profile_information/your_facebook_activity/posts/your_videos.json/videos_v2/dubbing_info,profile_information:your_facebook_activity:posts:your_videos:videos_v2:dubbing_info,posts:your_videos:dubbing_info
3349,Facebook,personal_information/profile_information/your_facebook_activity/posts/your_videos.json/videos_v2/media_variants,profile_information:your_facebook_activity:posts:your_videos:videos_v2:media_variants,posts:your_videos:media_variants
3352,Facebook,personal_information/profile_information/your_facebook_activity/other_activity/your_recently_followed_history.json/label_values/label,profile_information:your_facebook_activity:other_activity:your_recently_followed_history:label_values:label,your_facebook_activity:other_activity:your_recently_followed_history:label_values:label
3361,Facebook,personal_information/profile_information/your_facebook_activity/other_activity/your_video_consumption_summary.json/label_values/label,profile_information:your_facebook_activity:other_activity:your_video_consumption_summary:label_values:label,other_activity:your_video_consumption_summary:label
3364,Facebook,personal_information/profile_information/your_facebook_activity/comments_and_reactions/comments.json/comments_v2/timestamp,profile_information:your_facebook_activity:comments_and_reactions:comments:comments_v2:timestamp,comments_and_reactions:comments:comments_v2:timestamp
3366,Facebook,personal_information/profile_information/your_facebook_activity/comments_and_reactions/your_comment_active_days.json/label_values/label,profile_information:your_facebook_activity:comments_and_reactions:your_comment_active_days:label_values:label,comments_and_reactions:your_comment_active_days:label
3367,Facebook,personal_information/profile_information/your_facebook_activity/comments_and_reactions/your_comment_active_days.json/label_values/value,profile_information:your_facebook_activity:comments_and_reactions:your_comment_active_days:label_values:value,comments_and_reactions:your_comment_active_days:value
3368,Facebook,personal_information/profile_information/your_facebook_activity/groups/your_comments_in_groups.json/group_comments_v2/timestamp,profile_information:your_facebook_activity:groups:your_comments_in_groups:group_comments_v2:timestamp,groups:your_comments_in_groups:group_comments_v2:timestamp
3370,Facebook,personal_information/profile_information/your_facebook_activity/groups/your_group_membership_activity.json/groups_joined_v2/timestamp,profile_information:your_facebook_activity:groups:your_group_membership_activity:groups_joined_v2:timestamp,groups:your_group_membership_activity:timestamp
3371,Facebook,personal_information/profile_information/your_facebook_activity/groups/your_group_membership_activity.json/groups_joined_v2/title,profile_information:your_facebook_activity:groups:your_group_membership_activity:groups_joined_v2:title,groups:your_group_membership_activity:title
3378,Facebook,personal_information/profile_information/your_facebook_activity/saved_items_and_collections/your_saved_items.json/saves_v2/timestamp,profile_information:your_facebook_activity:saved_items_and_collections:your_saved_items:saves_v2:timestamp,saved_items_and_collections:your_saved_items:timestamp
3379,Facebook,personal_information/profile_information/your_facebook_activity/saved_items_and_collections/your_saved_items.json/saves_v2/title,profile_information:your_facebook_activity:saved_items_and_collections:your_saved_items:saves_v2:title,saved_items_and_collections:your_saved_items:title
3387,Facebook,personal_information/profile_information/your_facebook_activity/stories/story_reactions.json/stories_feedback_v2/title,profile_information:your_facebook_activity:stories:story_reactions:stories_feedback_v2:title,stories:story_reactions:title
3396,Facebook,personal_information/profile_information/your_facebook_activity/pages/pages_you've_liked.json/page_likes_v2/name,profile_information:your_facebook_activity:pages:pages_you've_liked:page_likes_v2:name,pages:pages_you've_liked:name
3397,Facebook,personal_information/profile_information/your_facebook_activity/pages/pages_you've_liked.json/page_likes_v2/timestamp,profile_information:your_facebook_activity:pages:pages_you've_liked:page_likes_v2:timestamp,pages:pages_you've_liked:timestamp
3398,Facebook,personal_information/profile_information/your_facebook_activity/pages/pages_you've_liked.json/page_likes_v2/url,profile_information:your_facebook_activity:pages:pages_you've_liked:page_likes_v2:url,pages:pages_you've_liked:url
3399,Facebook,personal_information/profile_information/your_facebook_activity/pages/pages_and_profiles_you_follow.json/pages_followed_v2/timestamp,profile_information:your_facebook_activity:pages:pages_and_profiles_you_follow:pages_followed_v2:timestamp,pages:pages_and_profiles_you_follow:timestamp
3400,Facebook,personal_information/profile_information/your_facebook_activity/pages/pages_and_profiles_you_follow.json/pages_followed_v2/title,profile_information:your_facebook_activity:pages:pages_and_profiles_you_follow:pages_followed_v2:title,pages:pages_and_profiles_you_follow:title
3424,Facebook,personal_information/profile_information/your_facebook_activity/posts/posts_on_other_pages_and_profiles.json/label_values/label,profile_information:your_facebook_activity:posts:posts_on_other_pages_and_profiles:label_values:label,your_facebook_activity:posts:posts_on_other_pages_and_profiles:label_values:label
3425,Facebook,personal_information/profile_information/your_facebook_activity/posts/posts_on_other_pages_and_profiles.json/label_values/value,profile_information:your_facebook_activity:posts:posts_on_other_pages_and_profiles:label_values:value,your_facebook_activity:posts:posts_on_other_pages_and_profiles:label_values:value
3426,Facebook,personal_information/profile_information/your_facebook_activity/posts/content_sharing_links_you_have_created.json/label_values/label,profile_information:your_facebook_activity:posts:content_sharing_links_you_have_created:label_values:label,your_facebook_activity:posts:content_sharing_links_you_have_created:label_values:label
3427,Facebook,personal_information/profile_information/your_facebook_activity/posts/content_sharing_links_you_have_created.json/label_values/value,profile_information:your_facebook_activity:posts:content_sharing_links_you_have_created:label_values:value,your_facebook_activity:posts:content_sharing_links_you_have_created:label_values:value
3428,Facebook,personal_information/profile_information/your_facebook_activity/posts/content_sharing_links_you_have_created.json/label_values/href,profile_information:your_facebook_activity:posts:content_sharing_links_you_have_created:label_values:href,your_facebook_activity:posts:content_sharing_links_you_have_created:label_values:href
3431,Facebook,personal_information/profile_information/your_facebook_activity/other_activity/time_spent_on_facebook.json/label_values/label,profile_information:your_facebook_activity:other_activity:time_spent_on_facebook:label_values:label,other_activity:time_spent_on_facebook:label_values:label
3437,Facebook,personal_information/profile_information/your_facebook_activity/comments_and_reactions/your_comment_edits.json/label_values/label,profile_information:your_facebook_activity:comments_and_reactions:your_comment_edits:label_values:label,comments_and_reactions:your_comment_edits:label
3438,Facebook,personal_information/profile_information/your_facebook_activity/comments_and_reactions/your_comment_edits.json/label_values/value,profile_information:your_facebook_activity:comments_and_reactions:your_comment_edits:label_values:value,comments_and_reactions:your_comment_edits:value
3453,Facebook,personal_information/profile_information/your_facebook_activity/posts/edits_you_made_to_posts.json/label_values/label,profile_information:your_facebook_activity:posts:edits_you_made_to_posts:label_values:label,posts:edits_you_made_to_posts:label
3454,Facebook,personal_information/profile_information/your_facebook_activity/posts/edits_you_made_to_posts.json/label_values/value,profile_information:your_facebook_activity:posts:edits_you_made_to_posts:label_values:value,posts:edits_you_made_to_posts:value
3455,Facebook,personal_information/profile_information/your_facebook_activity/comments_and_reactions/likes_and_reactions.json/label_values/label,profile_information:your_facebook_activity:comments_and_reactions:likes_and_reactions:label_values:label,comments_and_reactions:likes_and_reactions:label_values:label
3456,Facebook,personal_information/profile_information/your_facebook_activity/comments_and_reactions/likes_and_reactions.json/label_values/value,profile_information:your_facebook_activity:comments_and_reactions:likes_and_reactions:label_values:value,comments_and_reactions:likes_and_reactions:label_values:value
3457,Facebook,personal_information/profile_information/your_facebook_activity/posts/your_posts__check_ins__photos_and_videos_1.json/data/update_timestamp,profile_information:your_facebook_activity:posts:your_posts__check_ins__photos_and_videos_1:data:update_timestamp,your_facebook_activity:posts:your_posts__check_ins__photos_and_videos_1:data:update_timestamp
3465,Facebook,personal_information/profile_information/preferences/preferences/privacy_settings.json/label_values/dict/label,profile_information:preferences:preferences:privacy_settings:label_values:dict:label,preferences:preferences:privacy_settings:label_values:dict:label
3466,Facebook,personal_information/profile_information/preferences/preferences/privacy_settings.json/label_values/dict/value,profile_information:preferences:preferences:privacy_settings:label_values:dict:value,preferences:preferences:privacy_settings:label_values:dict:value
3477,Facebook,personal_information/profile_information/your_facebook_activity/groups/your_group_membership_activity.json/groups_joined_v2/data/name,profile_information:your_facebook_activity:groups:your_group_membership_activity:groups_joined_v2:data:name,groups:your_group_membership_activity:name
3483,Facebook,personal_information/profile_information/your_facebook_activity/pages/pages_and_profiles_you_follow.json/pages_followed_v2/data/name,profile_information:your_facebook_activity:pages:pages_and_profiles_you_follow:pages_followed_v2:data:name,pages:pages_and_profiles_you_follow:name
3486,Facebook,personal_information/profile_information/your_facebook_activity/comments_and_reactions/likes_and_reactions_1.json/data/reaction/reaction,profile_information:your_facebook_activity:comments_and_reactions:likes_and_reactions_1:data:reaction:reaction,comments_and_reactions:likes_and_reactions_1:reaction
3509,Facebook,personal_information/profile_information/your_facebook_activity/other_activity/your_recently_followed_history.json/label_values/vec/dict/label,profile_information:your_facebook_activity:other_activity:your_recently_followed_history:label_values:vec:dict:label,your_facebook_activity:other_activity:your_recently_followed_history:label_values:vec:dict:label
3510,Facebook,personal_information/profile_information/your_facebook_activity/other_activity/your_recently_followed_history.json/label_values/vec/dict/value,profile_information:your_facebook_activity:other_activity:your_recently_followed_history:label_values:vec:dict:value,your_facebook_activity:other_activity:your_recently_followed_history:label_values:vec:dict:value
3515,Facebook,personal_information/profile_information/your_facebook_activity/comments_and_reactions/comments.json/comments_v2/data/comment/timestamp,profile_information:your_facebook_activity:comments_and_reactions:comments:comments_v2:data:comment:timestamp,comments_and_reactions:comments:comment:timestamp
3516,Facebook,personal_information/profile_information/your_facebook_activity/comments_and_reactions/comments.json/comments_v2/data/comment/comment,profile_information:your_facebook_activity:comments_and_reactions:comments:comments_v2:data:comment:comment,comments_and_reactions:comments:comment
3518,Facebook,personal_information/profile_information/your_facebook_activity/groups/your_comments_in_groups.json/group_comments_v2/data/comment/timestamp,profile_information:your_facebook_activity:groups:your_comments_in_groups:group_comments_v2:data:comment:timestamp,groups:your_comments_in_groups:comment:timestamp
3519,Facebook,personal_information/profile_information/your_facebook_activity/groups/your_comments_in_groups.json/group_comments_v2/data/comment/comment,profile_information:your_facebook_activity:groups:your_comments_in_groups:group_comments_v2:data:comment:comment,groups:your_comments_in_groups:comment
3521,Facebook,personal_information/profile_information/your_facebook_activity/groups/your_comments_in_groups.json/group_comments_v2/data/comment/group,profile_information:your_facebook_activity:groups:your_comments_in_groups:group_comments_v2:data:comment:group,groups:your_comments_in_groups:group
3522,Facebook,personal_information/profile_information/your_facebook_activity/other_activity/time_spent_on_facebook.json/label_values/vec/dict/label,profile_information:your_facebook_activity:other_activity:time_spent_on_facebook:label_values:vec:dict:label,other_activity:time_spent_on_facebook:vec:dict:label
3523,Facebook,personal_information/profile_information/your_facebook_activity/other_activity/time_spent_on_facebook.json/label_values/vec/dict/timestamp_value,profile_information:your_facebook_activity:other_activity:time_spent_on_facebook:label_values:vec:dict:timestamp_value,other_activity:time_spent_on_facebook:dict:timestamp_value
3528,Facebook,personal_information/profile_information/your_facebook_activity/posts/your_posts__check_ins__photos_and_videos_1.json/attachments/data/external_context/url,profile_information:your_facebook_activity:posts:your_posts__check_ins__photos_and_videos_1:attachments:data:external_context:url,your_facebook_activity:posts:your_posts__check_ins__photos_and_videos_1:attachments:data:external_context:url
3543,Facebook,personal_information/profile_information/your_facebook_activity/posts/your_videos.json/videos_v2/media_metadata/video_metadata/exif_data/upload_timestamp,profile_information:your_facebook_activity:posts:your_videos:videos_v2:media_metadata:video_metadata:exif_data:upload_timestamp,posts:your_videos:upload_timestamp
3597,Facebook,your_facebook_activity/other_activity/your_recently_followed_history.json/fbid,other_activity:your_recently_followed_history:fbid,your_facebook_activity:other_activity:your_recently_followed_history:fbid
3609,Facebook,preferences/preferences/reels_preferences.json/fbid,preferences:reels_preferences:fbid,preferences:preferences:reels_preferences:fbid
3612,Facebook,preferences/preferences/your_story_highlights.json/fbid,preferences:your_story_highlights:fbid,preferences:preferences:your_story_highlights:fbid
3614,Facebook,preferences/preferences/your_watch_settings.json/fbid,preferences:your_watch_settings:fbid,preferences:preferences:your_watch_settings:fbid
3615,Facebook,preferences/preferences/privacy_settings.json/fbid,preferences:privacy_settings:fbid,preferences:preferences:privacy_settings:fbid
3677,Facebook,your_facebook_activity/other_activity/your_recently_followed_history.json/media,other_activity:your_recently_followed_history:media,your_facebook_activity:other_activity:your_recently_followed_history:media
3694,Facebook,preferences/preferences/reels_preferences.json/media,preferences:reels_preferences:media,preferences:preferences:reels_preferences:media
3697,Facebook,preferences/preferences/your_story_highlights.json/media,preferences:your_story_highlights:media,preferences:preferences:your_story_highlights:media
3699,Facebook,preferences/preferences/your_watch_settings.json/media,preferences:your_watch_settings:media,preferences:preferences:your_watch_settings:media
3700,Facebook,preferences/preferences/privacy_settings.json/media,preferences:privacy_settings:media,preferences:preferences:privacy_settings:media
3777,Facebook,your_facebook_activity/posts/posts_on_other_pages_and_profiles.json/timestamp,posts:posts_on_other_pages_and_profiles:timestamp,your_facebook_activity:posts:posts_on_other_pages_and_profiles:timestamp
3778,Facebook,your_facebook_activity/posts/posts_on_other_pages_and_profiles.json/media,posts:posts_on_other_pages_and_profiles:media,your_facebook_activity:posts:posts_on_other_pages_and_profiles:media
3779,Facebook,your_facebook_activity/posts/posts_on_other_pages_and_profiles.json/fbid,posts:posts_on_other_pages_and_profiles:fbid,your_facebook_activity:posts:posts_on_other_pages_and_profiles:fbid
3782,Facebook,your_facebook_activity/posts/content_sharing_links_you_have_created.json/timestamp,posts:content_sharing_links_you_have_created:timestamp,your_facebook_activity:posts:content_sharing_links_you_have_created:timestamp
3783,Facebook,your_facebook_activity/posts/content_sharing_links_you_have_created.json/media,posts:content_sharing_links_you_have_created:media,your_facebook_activity:posts:content_sharing_links_you_have_created:media
3784,Facebook,your_facebook_activity/posts/content_sharing_links_you_have_created.json/fbid,posts:content_sharing_links_you_have_created:fbid,your_facebook_activity:posts:content_sharing_links_you_have_created:fbid
3787,Facebook,your_facebook_activity/posts/your_posts__check_ins__photos_and_videos_1.json/timestamp,posts:your_posts__check_ins__photos_and_videos_1:timestamp,your_facebook_activity:posts:your_posts__check_ins__photos_and_videos_1:timestamp
3806,Facebook,logged_information/interactions/groups_you've_visited.json/media,interactions:groups_you've_visited:media,your_interactions_on_facebook:groups_you_ve_visited:media
3815,Facebook,ads_information/advertisers_you've_interacted_with.json/history_v2/timestamp,ads_information:advertisers_you've_interacted_with:timestamp,ads_information:advertisers_you_ve_interacted_with:timestamp
3901,Facebook,your_facebook_activity/other_activity/your_recently_followed_history.json/label_values/label,other_activity:your_recently_followed_history:label_values:label,your_facebook_activity:other_activity:your_recently_followed_history:label_values:label
3946,Facebook,preferences/preferences/video.json/watch_videos_v2/video_title,preferences:video:video_title,preferences:preferences:video:watch_videos_v2:video_title
3947,Facebook,preferences/preferences/video.json/watch_videos_v2/user_action,preferences:video:user_action,preferences:preferences:video:watch_videos_v2:user_action
3948,Facebook,preferences/preferences/video.json/watch_videos_v2/action_time,preferences:video:action_time,preferences:preferences:video:watch_videos_v2:action_time
3949,Facebook,preferences/preferences/video.json/watch_videos_v2/feedback_collection,preferences:video:feedback_collection,preferences:preferences:video:watch_videos_v2:feedback_collection
3959,Facebook,preferences/preferences/reels_preferences.json/label_values/label,preferences:reels_preferences:label,preferences:preferences:reels_preferences:label_values:label
3960,Facebook,preferences/preferences/reels_preferences.json/label_values/value,preferences:reels_preferences:value,preferences:preferences:reels_preferences:label_values:value
3965,Facebook,preferences/preferences/your_story_highlights.json/label_values/label,preferences:your_story_highlights:label,preferences:preferences:your_story_highlights:label_values:label
3966,Facebook,preferences/preferences/your_story_highlights.json/label_values/value,preferences:your_story_highlights:value,preferences:preferences:your_story_highlights:label_values:value
3972,Facebook,preferences/preferences/your_watch_settings.json/label_values/label,preferences:your_watch_settings:label,preferences:preferences:your_watch_settings:label_values:label
3973,Facebook,preferences/preferences/your_watch_settings.json/label_values/value,preferences:your_watch_settings:value,preferences:preferences:your_watch_settings:label_values:value
3974,Facebook,preferences/preferences/privacy_settings.json/label_values/label,preferences:privacy_settings:label_values:label,preferences:preferences:privacy_settings:label_values:label
4009,Facebook,your_facebook_activity/groups/your_actions_on_violating_content_in_your_groups.json/label_values/label,groups:your_actions_on_violating_content_in_your_groups:label_values:label,groups:your_actions_on_violating_content_in_your_groups:label
4070,Facebook,your_facebook_activity/posts/posts_on_other_pages_and_profiles.json/label_values/label,posts:posts_on_other_pages_and_profiles:label_values:label,your_facebook_activity:posts:posts_on_other_pages_and_profiles:label_values:label
4071,Facebook,your_facebook_activity/posts/posts_on_other_pages_and_profiles.json/label_values/value,posts:posts_on_other_pages_and_profiles:label_values:value,your_facebook_activity:posts:posts_on_other_pages_and_profiles:label_values:value
4078,Facebook,your_facebook_activity/posts/content_sharing_links_you_have_created.json/label_values/label,posts:content_sharing_links_you_have_created:label,your_facebook_activity:posts:content_sharing_links_you_have_created:label_values:label
4079,Facebook,your_facebook_activity/posts/content_sharing_links_you_have_created.json/label_values/value,posts:content_sharing_links_you_have_created:value,your_facebook_activity:posts:content_sharing_links_you_have_created:label_values:value
4080,Facebook,your_facebook_activity/posts/content_sharing_links_you_have_created.json/label_values/href,posts:content_sharing_links_you_have_created:href,your_facebook_activity:posts:content_sharing_links_you_have_created:label_values:href
4084,Facebook,your_facebook_activity/posts/your_posts__check_ins__photos_and_videos_1.json/data/update_timestamp,posts:your_posts__check_ins__photos_and_videos_1:update_timestamp,your_facebook_activity:posts:your_posts__check_ins__photos_and_videos_1:data:update_timestamp
4085,Facebook,your_facebook_activity/posts/your_posts__check_ins__photos_and_videos_1.json/data/post,posts:your_posts__check_ins__photos_and_videos_1:post,your_facebook_activity:posts:your_posts__check_ins__photos_and_videos_1:data:post
4087,Facebook,connections/friends/your_post_audiences.json/label_values/label,friends:your_post_audiences:label_values:label,friends:your_post_audiences:label
4088,Facebook,connections/friends/your_post_audiences.json/label_values/value,friends:your_post_audiences:label_values:value,friends:your_post_audiences:value
4089,Facebook,connections/friends/your_post_audiences.json/label_values/title,friends:your_post_audiences:label_values:title,friends:your_post_audiences:title
4143,Facebook,preferences/preferences/privacy_settings.json/label_values/dict/label,preferences:privacy_settings:dict:label,preferences:preferences:privacy_settings:label_values:dict:label
4144,Facebook,preferences/preferences/privacy_settings.json/label_values/dict/value,preferences:privacy_settings:value,preferences:preferences:privacy_settings:label_values:dict:value
4172,Facebook,ads_information/ad_preferences.json/label_values/dict/dict/label,ads_information:ad_preferences:dict:dict:label,ads_information:ad_preferences:dict:label
4173,Facebook,ads_information/ad_preferences.json/label_values/dict/dict/value,ads_information:ad_preferences:dict:dict:value,ads_information:ad_preferences:dict:value
4191,Facebook,your_facebook_activity/other_activity/your_recently_followed_history.json/label_values/vec/dict/label,other_activity:your_recently_followed_history:dict:label,your_facebook_activity:other_activity:your_recently_followed_history:label_values:vec:dict:label
4192,Facebook,your_facebook_activity/other_activity/your_recently_followed_history.json/label_values/vec/dict/value,other_activity:your_recently_followed_history:value,your_facebook_activity:other_activity:your_recently_followed_history:label_values:vec:dict:value
4237,Facebook,your_facebook_activity/posts/your_posts__check_ins__photos_and_videos_1.json/attachments/data/external_context/url,posts:your_posts__check_ins__photos_and_videos_1:external_context:url,your_facebook_activity:posts:your_posts__check_ins__photos_and_videos_1:attachments:data:external_context:url
4447,Facebook,your_facebook_activity/groups/group_invites_you've_received.json/label_values/label,groups:group_invites_you've_received:label_values:label,groups:group_invites_you've_received:label
4660,Instagram,your_instagram_activity/story_sticker_interactions/story_likes.json/story_activities_story_likes/title,story_sticker_interactions:story_likes:title,story_interactions:story_likes:title
4712,Instagram,your_instagram_activity/story_sticker_interactions/story_likes.json/story_activities_story_likes/string_list_data/timestamp,story_sticker_interactions:story_likes:timestamp,story_interactions:story_likes:timestamp
4750,Instagram,security_and_login_information/login_and_profile_creation/instagram_signup_details.json/account_history_registration_info/string_map_data/Time/timestamp,login_and_profile_creation:instagram_signup_details:Time:timestamp,login_and_profile_creation:signup_details:Time:timestamp
4888,Instagram,preferences/media_settings/consents.json/timestamp,media_settings:consents:timestamp,settings:consents:timestamp
4889,Instagram,preferences/media_settings/consents.json/media,media_settings:consents:media,settings:consents:media
4890,Instagram,preferences/media_settings/consents.json/fbid,media_settings:consents:fbid,settings:consents:fbid
4891,Instagram,preferences/media_settings/consents.json/ent_name,media_settings:consents:ent_name,settings:consents:ent_name
4895,Instagram,preferences/media_settings/consents.json/label_values/ent_field_name,media_settings:consents:ent_field_name,settings:consents:ent_field_name
4896,Instagram,preferences/media_settings/consents.json/label_values/label,media_settings:consents:label,settings:consents:label
4897,Instagram,preferences/media_settings/consents.json/label_values/timestamp_value,media_settings:consents:timestamp_value,settings:consents:timestamp_value
4899,Instagram,preferences/media_settings/comments_allowed_from.json/settings_allow_comments_from/title,media_settings:comments_allowed_from:title,settings:comments_allowed_from:title
4918,Instagram,preferences/media_settings/comments_allowed_from.json/settings_allow_comments_from/string_map_data/Comments Allowed From/href,media_settings:comments_allowed_from:href,settings:comments_allowed_from:href
4919,Instagram,preferences/media_settings/comments_allowed_from.json/settings_allow_comments_from/string_map_data/Comments Allowed From/value,media_settings:comments_allowed_from:value,settings:comments_allowed_from:value
4920,Instagram,preferences/media_settings/comments_allowed_from.json/settings_allow_comments_from/string_map_data/Comments Allowed From/timestamp,media_settings:comments_allowed_from:timestamp,settings:comments_allowed_from:timestamp
4935,Instagram,your_instagram_activity/media/posts_1.json/title,media:posts_1:title,content:posts_1:title
4946,Instagram,your_instagram_activity/media/stories.json/ig_stories/uri,media:stories:uri,content:stories:uri
4947,Instagram,your_instagram_activity/media/stories.json/ig_stories/creation_timestamp,media:stories:creation_timestamp,content:stories:creation_timestamp
4948,Instagram,your_instagram_activity/media/stories.json/ig_stories/title,media:stories:title,content:stories:title
4949,Instagram,your_instagram_activity/media/stories.json/ig_stories/dubbing_info,media:stories:dubbing_info,content:stories:dubbing_info
4950,Instagram,your_instagram_activity/media/stories.json/ig_stories/media_variants,media:stories:media_variants,content:stories:media_variants
4974,Instagram,your_instagram_activity/media/posts_1.json/media/uri,media:posts_1:uri,content:posts_1:uri
4976,Instagram,your_instagram_activity/media/posts_1.json/media/title,media:posts_1:media:title,content:posts_1:media:title
4991,Instagram,your_instagram_activity/media/stories.json/ig_stories/cross_post_source/source_app,media:stories:source_app,content:stories:source_app
5016,Instagram,your_instagram_activity/media/posts_1.json/media/cross_post_source/source_app,media:posts_1:source_app,content:posts_1:source_app
5112,Instagram,your_instagram_activity/media/stories.json/ig_stories/media_metadata/video_metadata/exif_data/date_time_digitized,media:stories:date_time_digitized,content:stories:video_metadata:exif_data:date_time_digitized
5113,Instagram,your_instagram_activity/media/stories.json/ig_stories/media_metadata/video_metadata/exif_data/date_time_original,media:stories:date_time_original,content:stories:video_metadata:exif_data:date_time_original
5114,Instagram,your_instagram_activity/media/stories.json/ig_stories/media_metadata/video_metadata/exif_data/source_type,media:stories:source_type,content:stories:video_metadata:exif_data:source_type
5122,Instagram,your_instagram_activity/content/posts_1.json/creation_timestamp,content:posts_1:creation_timestamp,media:posts_1:creation_timestamp
5153,Instagram,your_instagram_activity/content/posts_1.json/media/creation_timestamp,content:posts_1:media:creation_timestamp,media:posts_1:media:creation_timestamp
5155,Instagram,your_instagram_activity/story_sticker_interactions/polls.json/story_activities_polls/title,story_sticker_interactions:polls:title,story_interactions:polls:title
5164,Instagram,your_instagram_activity/story_sticker_interactions/polls.json/story_activities_polls/string_list_data/value,story_sticker_interactions:polls:value,story_interactions:polls:value
5165,Instagram,your_instagram_activity/story_sticker_interactions/polls.json/story_activities_polls/string_list_data/timestamp,story_sticker_interactions:polls:timestamp,story_interactions:polls:timestamp
5267,Instagram,logged_information/link_history/your_link_history_settings.json/timestamp,link_history:your_link_history_settings:timestamp,new
5268,Instagram,logged_information/link_history/your_link_history_settings.json/media,link_history:your_link_history_settings:media,new
5269,Instagram,logged_information/link_history/your_link_history_settings.json/fbid,link_history:your_link_history_settings:fbid,new
5296,Instagram,your_instagram_activity/story_interactions/emoji_sliders.json/story_activities_emoji_sliders/title,story_interactions:emoji_sliders:title,story_sticker_interactions:emoji_sliders:title
5297,Instagram,your_instagram_activity/story_interactions/quizzes.json/story_activities_quizzes/title,story_interactions:quizzes:title,story_sticker_interactions:quizzes:title
5309,Instagram,logged_information/link_history/your_link_history_settings.json/label_values/label,link_history:your_link_history_settings:label,new
5310,Instagram,logged_information/link_history/your_link_history_settings.json/label_values/timestamp_value,link_history:your_link_history_settings:timestamp_value,new
5317,Instagram,your_instagram_activity/media/posts_1.json/media/uri,media:posts_1:media:uri,content:posts_1:uri
5359,Instagram,your_instagram_activity/story_interactions/emoji_sliders.json/story_activities_emoji_sliders/string_list_data/value,story_interactions:emoji_sliders:value,story_sticker_interactions:emoji_sliders:value
5360,Instagram,your_instagram_activity/story_interactions/emoji_sliders.json/story_activities_emoji_sliders/string_list_data/timestamp,story_interactions:emoji_sliders:timestamp,story_sticker_interactions:emoji_sliders:timestamp
5361,Instagram,your_instagram_activity/story_interactions/quizzes.json/story_activities_quizzes/string_list_data/value,story_interactions:quizzes:value,story_sticker_interactions:quizzes:value
5362,Instagram,your_instagram_activity/story_interactions/quizzes.json/story_activities_quizzes/string_list_data/timestamp,story_interactions:quizzes:timestamp,story_sticker_interactions:quizzes:timestamp
5386,Instagram,your_instagram_activity/media/stories.json/ig_stories/media_metadata/video_metadata/music_genre,media:stories:video_metadata:music_genre,content:stories:music_genre
5578,Instagram,your_instagram_activity/media/stories.json/ig_stories/media_metadata/video_metadata/exif_data/source_type,media:stories:video_metadata:exif_data:source_type,content:stories:video_metadata:exif_data:source_type
5579,Instagram,your_instagram_activity/media/stories.json/ig_stories/media_metadata/video_metadata/exif_data/date_time_original,media:stories:video_metadata:exif_data:date_time_original,content:stories:video_metadata:exif_data:date_time_original
5582,Instagram,your_instagram_activity/media/stories.json/ig_stories/media_metadata/video_metadata/exif_data/date_time_digitized,media:stories:video_metadata:exif_data:date_time_digitized,content:stories:video_metadata:exif_data:date_time_digitized
5588,Instagram,your_instagram_activity/media/stories.json/ig_stories/media_metadata/photo_metadata/exif_data/source_type,media:stories:photo_metadata:exif_data:source_type,content:stories:photo_metadata:exif_data:source_type
5590,Instagram,your_instagram_activity/media/stories.json/ig_stories/media_metadata/photo_metadata/exif_data/date_time_original,media:stories:photo_metadata:exif_data:date_time_original,content:stories:photo_metadata:exif_data:date_time_original
5592,Instagram,your_instagram_activity/media/stories.json/ig_stories/media_metadata/photo_metadata/exif_data/date_time_digitized,media:stories:photo_metadata:exif_data:date_time_digitized,content:stories:photo_metadata:exif_data:date_time_digitized
5773,Instagram,your_instagram_activity/media/reels.json/ig_reels_media/media/uri,media:reels:media:uri,media:reels:uri
5774,Instagram,your_instagram_activity/media/reels.json/ig_reels_media/media/creation_timestamp,media:reels:media:creation_timestamp,media:reels:creation_timestamp
6117,Youtube,istoric/istoricul căutărilor.json/header,istoricul căutărilor:header,search-history:header
6118,Youtube,istoric/istoricul căutărilor.json/title,istoricul căutărilor:title,search-history:title
6119,Youtube,istoric/istoricul căutărilor.json/titleUrl,istoricul căutărilor:titleUrl,search-history:titleUrl
6120,Youtube,istoric/istoricul căutărilor.json/description,istoricul căutărilor:description,search-history:description
6121,Youtube,istoric/istoricul căutărilor.json/time,istoricul căutărilor:time,search-history:time
6122,Youtube,istoric/istoricul căutărilor.json/products,istoricul căutărilor:products,search-history:products
6123,Youtube,istoric/istoricul căutărilor.json/activityControls,istoricul căutărilor:activityControls,search-history:activityControls
6124,Youtube,istoric/istoricul-vizionărilor.json/header,istoricul-vizionărilor:header,watch-history:header
6125,Youtube,istoric/istoricul-vizionărilor.json/title,istoricul-vizionărilor:title,watch-history:title
6126,Youtube,istoric/istoricul-vizionărilor.json/titleUrl,istoricul-vizionărilor:titleUrl,watch-history:titleUrl
6127,Youtube,istoric/istoricul-vizionărilor.json/time,istoricul-vizionărilor:time,watch-history:time
6128,Youtube,istoric/istoricul-vizionărilor.json/products,istoricul-vizionărilor:products,watch-history:products
6129,Youtube,istoric/istoricul-vizionărilor.json/activityControls,istoricul-vizionărilor:activityControls,watch-history:activityControls
6130,Youtube,istoric/istoricul căutărilor.json/details/name,istoricul căutărilor:name,search-history:name
6131,Youtube,istoric/istoricul-vizionărilor.json/subtitles/name,istoricul-vizionărilor:name,watch-history:subtitles:name
6132,Youtube,istoric/istoricul-vizionărilor.json/subtitles/url,istoricul-vizionărilor:url,watch-history:subtitles:url
6133,Youtube,geschiedenis/kijkgeschiedenis.json/header,kijkgeschiedenis:header,watch-history:header
6134,Youtube,geschiedenis/kijkgeschiedenis.json/title,kijkgeschiedenis:title,watch-history:title
6135,Youtube,geschiedenis/kijkgeschiedenis.json/titleUrl,kijkgeschiedenis:titleUrl,watch-history:titleUrl
6136,Youtube,geschiedenis/kijkgeschiedenis.json/time,kijkgeschiedenis:time,watch-history:time
6137,Youtube,geschiedenis/kijkgeschiedenis.json/products,kijkgeschiedenis:products,watch-history:products
6138,Youtube,geschiedenis/kijkgeschiedenis.json/activityControls,kijkgeschiedenis:activityControls,watch-history:activityControls
6139,Youtube,geschiedenis/zoekgeschiedenis.json/header,zoekgeschiedenis:header,search-history:header
6140,Youtube,geschiedenis/zoekgeschiedenis.json/title,zoekgeschiedenis:title,search-history:title
6141,Youtube,geschiedenis/zoekgeschiedenis.json/titleUrl,zoekgeschiedenis:titleUrl,search-history:titleUrl
6142,Youtube,geschiedenis/zoekgeschiedenis.json/time,zoekgeschiedenis:time,search-history:time
6143,Youtube,geschiedenis/zoekgeschiedenis.json/products,zoekgeschiedenis:products,search-history:products
6144,Youtube,geschiedenis/zoekgeschiedenis.json/activityControls,zoekgeschiedenis:activityControls,search-history:activityControls
6145,Youtube,geschiedenis/kijkgeschiedenis.json/subtitles/name,kijkgeschiedenis:name,watch-history:subtitles:name
6146,Youtube,geschiedenis/kijkgeschiedenis.json/subtitles/url,kijkgeschiedenis:url,watch-history:subtitles:url
6159,Youtube,historial/historial-de-búsqueda.json/header,historial-de-búsqueda:header,search-history:header
6160,Youtube,historial/historial-de-búsqueda.json/title,historial-de-búsqueda:title,search-history:title
6161,Youtube,historial/historial-de-búsqueda.json/titleUrl,historial-de-búsqueda:titleUrl,search-history:titleUrl
6162,Youtube,historial/historial-de-búsqueda.json/description,historial-de-búsqueda:description,search-history:description
6163,Youtube,historial/historial-de-búsqueda.json/time,historial-de-búsqueda:time,search-history:time
6164,Youtube,historial/historial-de-búsqueda.json/products,historial-de-búsqueda:products,search-history:products
6165,Youtube,historial/historial-de-búsqueda.json/activityControls,historial-de-búsqueda:activityControls,search-history:activityControls
6166,Youtube,historial/historial-de-reproducciones.json/header,historial-de-reproducciones:header,watch-history:header
6167,Youtube,historial/historial-de-reproducciones.json/title,historial-de-reproducciones:title,watch-history:title
6168,Youtube,historial/historial-de-reproducciones.json/titleUrl,historial-de-reproducciones:titleUrl,watch-history:titleUrl
6169,Youtube,historial/historial-de-reproducciones.json/time,historial-de-reproducciones:time,watch-history:time
6170,Youtube,historial/historial-de-reproducciones.json/products,historial-de-reproducciones:products,watch-history:products
6171,Youtube,historial/historial-de-reproducciones.json/activityControls,historial-de-reproducciones:activityControls,watch-history:activityControls
6172,Youtube,historial/historial-de-búsqueda.json/details/name,historial-de-búsqueda:name,search-history:name
6173,Youtube,historial/historial-de-reproducciones.json/subtitles/name,historial-de-reproducciones:subtitles:name,watch-history:subtitles:name
6174,Youtube,historial/historial-de-reproducciones.json/subtitles/url,historial-de-reproducciones:url,watch-history:url
6175,Youtube,istoric/istoricul căutărilor.json/header,istoricul căutărilor:header,search-history:header
6176,Youtube,istoric/istoricul căutărilor.json/title,istoricul căutărilor:title,search-history:title
6177,Youtube,istoric/istoricul căutărilor.json/titleUrl,istoricul căutărilor:titleUrl,search-history:titleUrl
6178,Youtube,istoric/istoricul căutărilor.json/time,istoricul căutărilor:time,search-history:time
6179,Youtube,istoric/istoricul căutărilor.json/products,istoricul căutărilor:products,search-history:products
6180,Youtube,istoric/istoricul căutărilor.json/activityControls,istoricul căutărilor:activityControls,search-history:activityControls
6181,Youtube,istoric/istoricul-vizionărilor.json/header,istoricul-vizionărilor:header,watch-history:header
6182,Youtube,istoric/istoricul-vizionărilor.json/title,istoricul-vizionărilor:title,watch-history:title
6183,Youtube,istoric/istoricul-vizionărilor.json/titleUrl,istoricul-vizionărilor:titleUrl,watch-history:titleUrl
6184,Youtube,istoric/istoricul-vizionărilor.json/time,istoricul-vizionărilor:time,watch-history:time
6185,Youtube,istoric/istoricul-vizionărilor.json/products,istoricul-vizionărilor:products,watch-history:products
6186,Youtube,istoric/istoricul-vizionărilor.json/activityControls,istoricul-vizionărilor:activityControls,watch-history:activityControls
6187,Youtube,istoric/istoricul-vizionărilor.json/subtitles/name,istoricul-vizionărilor:name,watch-history:subtitles:name
6188,Youtube,istoric/istoricul-vizionărilor.json/subtitles/url,istoricul-vizionărilor:url,watch-history:subtitles:url
6205,Youtube,istorija/paieškos istorija.json/header,paieškos istorija:header,search-history:header
6206,Youtube,istorija/paieškos istorija.json/title,paieškos istorija:title,search-history:title
6207,Youtube,istorija/paieškos istorija.json/titleUrl,paieškos istorija:titleUrl,search-history:titleUrl
6208,Youtube,istorija/paieškos istorija.json/time,paieškos istorija:time,search-history:time
6209,Youtube,istorija/paieškos istorija.json/products,paieškos istorija:products,search-history:products
6210,Youtube,istorija/paieškos istorija.json/activityControls,paieškos istorija:activityControls,search-history:activityControls
6211,Youtube,istorija/žiūrėjimo istorija.json/header,žiūrėjimo istorija:header,watch-history:header
6212,Youtube,istorija/žiūrėjimo istorija.json/title,žiūrėjimo istorija:title,watch-history:title
6213,Youtube,istorija/žiūrėjimo istorija.json/titleUrl,žiūrėjimo istorija:titleUrl,watch-history:titleUrl
6214,Youtube,istorija/žiūrėjimo istorija.json/time,žiūrėjimo istorija:time,watch-history:time
6215,Youtube,istorija/žiūrėjimo istorija.json/products,žiūrėjimo istorija:products,watch-history:products
6216,Youtube,istorija/žiūrėjimo istorija.json/activityControls,žiūrėjimo istorija:activityControls,watch-history:activityControls
6217,Youtube,istorija/žiūrėjimo istorija.json/subtitles/name,žiūrėjimo istorija:name,watch-history:subtitles:name
6218,Youtube,istorija/žiūrėjimo istorija.json/subtitles/url,žiūrėjimo istorija:url,watch-history:subtitles:url
6219,Youtube,istorija/paieškos istorija.json/header,paieškos istorija:header,search-history:header
6220,Youtube,istorija/paieškos istorija.json/title,paieškos istorija:title,search-history:title
6221,Youtube,istorija/paieškos istorija.json/titleUrl,paieškos istorija:titleUrl,search-history:titleUrl
6222,Youtube,istorija/paieškos istorija.json/description,paieškos istorija:description,search-history:description
6223,Youtube,istorija/paieškos istorija.json/time,paieškos istorija:time,search-history:time
6224,Youtube,istorija/paieškos istorija.json/products,paieškos istorija:products,search-history:products
6225,Youtube,istorija/paieškos istorija.json/activityControls,paieškos istorija:activityControls,search-history:activityControls
6226,Youtube,istorija/žiūrėjimo istorija.json/header,žiūrėjimo istorija:header,watch-history:header
6227,Youtube,istorija/žiūrėjimo istorija.json/title,žiūrėjimo istorija:title,watch-history:title
6228,Youtube,istorija/žiūrėjimo istorija.json/titleUrl,žiūrėjimo istorija:titleUrl,watch-history:titleUrl
6229,Youtube,istorija/žiūrėjimo istorija.json/description,žiūrėjimo istorija:description,watch-history:description
6230,Youtube,istorija/žiūrėjimo istorija.json/time,žiūrėjimo istorija:time,watch-history:time
6231,Youtube,istorija/žiūrėjimo istorija.json/products,žiūrėjimo istorija:products,watch-history:products
6232,Youtube,istorija/žiūrėjimo istorija.json/activityControls,žiūrėjimo istorija:activityControls,watch-history:activityControls
6233,Youtube,istorija/paieškos istorija.json/details/name,paieškos istorija:name,search-history:name
6234,Youtube,istorija/žiūrėjimo istorija.json/details/name,žiūrėjimo istorija:name,watch-history:details:name
6235,Youtube,historial/historial-de-búsqueda.json/header,historial-de-búsqueda:header,search-history:header
6236,Youtube,historial/historial-de-búsqueda.json/title,historial-de-búsqueda:title,search-history:title
6237,Youtube,historial/historial-de-búsqueda.json/titleUrl,historial-de-búsqueda:titleUrl,search-history:titleUrl
6238,Youtube,historial/historial-de-búsqueda.json/time,historial-de-búsqueda:time,search-history:time
6239,Youtube,historial/historial-de-búsqueda.json/products,historial-de-búsqueda:products,search-history:products
6240,Youtube,historial/historial-de-búsqueda.json/activityControls,historial-de-búsqueda:activityControls,search-history:activityControls
6241,Youtube,historial/historial-de-reproducciones.json/details/name,historial-de-reproducciones:details:name,watch-history:details:name
6243,Youtube,geschiedenis/zoekgeschiedenis.json/description,zoekgeschiedenis:description,search-history:description
6244,Youtube,geschiedenis/zoekgeschiedenis.json/details/name,zoekgeschiedenis:name,search-history:name
6245,Youtube,Takeout/YouTube i YouTube Music/historial/historial de cerques.json/header,historial de cerques:header,search-history:header
6246,Youtube,Takeout/YouTube i YouTube Music/historial/historial de cerques.json/title,historial de cerques:title,search-history:title
6247,Youtube,Takeout/YouTube i YouTube Music/historial/historial de cerques.json/titleUrl,historial de cerques:titleUrl,search-history:titleUrl
6248,Youtube,Takeout/YouTube i YouTube Music/historial/historial de cerques.json/description,historial de cerques:description,search-history:description
6249,Youtube,Takeout/YouTube i YouTube Music/historial/historial de cerques.json/time,historial de cerques:time,search-history:time
6250,Youtube,Takeout/YouTube i YouTube Music/historial/historial de cerques.json/products,historial de cerques:products,search-history:products
6251,Youtube,Takeout/YouTube i YouTube Music/historial/historial de cerques.json/activityControls,historial de cerques:activityControls,search-history:activityControls
6252,Youtube,Takeout/YouTube i YouTube Music/historial/historial de visualitzacions.json/header,historial de visualitzacions:header,watch-history:header
6253,Youtube,Takeout/YouTube i YouTube Music/historial/historial de visualitzacions.json/title,historial de visualitzacions:title,watch-history:title
6254,Youtube,Takeout/YouTube i YouTube Music/historial/historial de visualitzacions.json/titleUrl,historial de visualitzacions:titleUrl,watch-history:titleUrl
6255,Youtube,Takeout/YouTube i YouTube Music/historial/historial de visualitzacions.json/time,historial de visualitzacions:time,watch-history:time
6256,Youtube,Takeout/YouTube i YouTube Music/historial/historial de visualitzacions.json/products,historial de visualitzacions:products,watch-history:products
6257,Youtube,Takeout/YouTube i YouTube Music/historial/historial de visualitzacions.json/activityControls,historial de visualitzacions:activityControls,watch-history:activityControls
6258,Youtube,Takeout/YouTube i YouTube Music/historial/historial de cerques.json/details/name,historial de cerques:name,search-history:name
6259,Youtube,Takeout/YouTube i YouTube Music/historial/historial de visualitzacions.json/subtitles/name,historial de visualitzacions:name,watch-history:subtitles:name
6260,Youtube,Takeout/YouTube i YouTube Music/historial/historial de visualitzacions.json/subtitles/url,historial de visualitzacions:url,watch-history:url
6261,Youtube,Takeout/YouTube y YouTube Music/historial/historial-de-búsqueda.json/header,historial-de-búsqueda:header,search-history:header
6262,Youtube,Takeout/YouTube y YouTube Music/historial/historial-de-búsqueda.json/title,historial-de-búsqueda:title,search-history:title
6263,Youtube,Takeout/YouTube y YouTube Music/historial/historial-de-búsqueda.json/titleUrl,historial-de-búsqueda:titleUrl,search-history:titleUrl
6264,Youtube,Takeout/YouTube y YouTube Music/historial/historial-de-búsqueda.json/description,historial-de-búsqueda:description,search-history:description
6265,Youtube,Takeout/YouTube y YouTube Music/historial/historial-de-búsqueda.json/time,historial-de-búsqueda:time,search-history:time
6266,Youtube,Takeout/YouTube y YouTube Music/historial/historial-de-búsqueda.json/products,historial-de-búsqueda:products,search-history:products
6267,Youtube,Takeout/YouTube y YouTube Music/historial/historial-de-búsqueda.json/activityControls,historial-de-búsqueda:activityControls,search-history:activityControls
6268,Youtube,Takeout/YouTube y YouTube Music/historial/historial-de-reproducciones.json/header,historial-de-reproducciones:header,watch-history:header
6269,Youtube,Takeout/YouTube y YouTube Music/historial/historial-de-reproducciones.json/title,historial-de-reproducciones:title,watch-history:title
6270,Youtube,Takeout/YouTube y YouTube Music/historial/historial-de-reproducciones.json/titleUrl,historial-de-reproducciones:titleUrl,watch-history:titleUrl
6271,Youtube,Takeout/YouTube y YouTube Music/historial/historial-de-reproducciones.json/time,historial-de-reproducciones:time,watch-history:time
6272,Youtube,Takeout/YouTube y YouTube Music/historial/historial-de-reproducciones.json/products,historial-de-reproducciones:products,watch-history:products
6273,Youtube,Takeout/YouTube y YouTube Music/historial/historial-de-reproducciones.json/activityControls,historial-de-reproducciones:activityControls,watch-history:activityControls
6274,Youtube,Takeout/YouTube y YouTube Music/historial/historial-de-búsqueda.json/details/name,historial-de-búsqueda:name,search-history:name
6275,Youtube,Takeout/YouTube y YouTube Music/historial/historial-de-reproducciones.json/subtitles/name,historial-de-reproducciones:subtitles:name,watch-history:subtitles:name
6276,Youtube,Takeout/YouTube y YouTube Music/historial/historial-de-reproducciones.json/subtitles/url,historial-de-reproducciones:url,watch-history:url
6758,Youtube,Takeout/YouTube y YouTube Music/historial/historial-de-reproducciones.json/description,historial-de-reproducciones:description,watch-history:description
6759,Youtube,Takeout/YouTube y YouTube Music/historial/historial-de-reproducciones.json/details/name,historial-de-reproducciones:details:name,watch-history:details:name
6760,Youtube,Takeout/YouTube y YouTube Music/historial de videos/historial de búsquedas.json/header,historial de búsquedas:header,search-history:header
6761,Youtube,Takeout/YouTube y YouTube Music/historial de videos/historial de búsquedas.json/title,historial de búsquedas:title,search-history:title
6762,Youtube,Takeout/YouTube y YouTube Music/historial de videos/historial de búsquedas.json/titleUrl,historial de búsquedas:titleUrl,search-history:titleUrl
6763,Youtube,Takeout/YouTube y YouTube Music/historial de videos/historial de búsquedas.json/time,historial de búsquedas:time,search-history:time
6764,Youtube,Takeout/YouTube y YouTube Music/historial de videos/historial de búsquedas.json/products,historial de búsquedas:products,search-history:products
6765,Youtube,Takeout/YouTube y YouTube Music/historial de videos/historial de búsquedas.json/activityControls,historial de búsquedas:activityControls,search-history:activityControls
6766,Youtube,Takeout/YouTube y YouTube Music/historial de videos/historial de reproducciones.json/header,historial de reproducciones:header,watch-history:header
6767,Youtube,Takeout/YouTube y YouTube Music/historial de videos/historial de reproducciones.json/title,historial de reproducciones:title,watch-history:title
6768,Youtube,Takeout/YouTube y YouTube Music/historial de videos/historial de reproducciones.json/time,historial de reproducciones:time,watch-history:time
6769,Youtube,Takeout/YouTube y YouTube Music/historial de videos/historial de reproducciones.json/products,historial de reproducciones:products,watch-history:products
6770,Youtube,Takeout/YouTube y YouTube Music/historial de videos/historial de reproducciones.json/activityControls,historial de reproducciones:activityControls,watch-history:activityControls
6771,Youtube,Takeout/YouTube y YouTube Music/historial de videos/historial de reproducciones.json/details/name,historial de reproducciones:name,watch-history:details:name
6969,Tiktok,Profile/Profile Info/ProfileMap/likesReceived,Profile:Profile Info:ProfileMap:likesReceived,Profile:Profile Information:ProfileMap:likesReceived
6973,Tiktok,Profile/Profile Info/ProfileMap/userName,Profile:Profile Info:ProfileMap:userName,Profile:Profile Information:ProfileMap:userName
6977,Tiktok,Your Activity/Activity Summary/ActivitySummaryMap/videosCommentedOnSinceAccountRegistration,Your Activity:Activity Summary:ActivitySummaryMap:videosCommentedOnSinceAccountRegistration,Activity:Activity Summary:ActivitySummaryMap:videosCommentedOnSinceAccountRegistration
6978,Tiktok,Your Activity/Activity Summary/ActivitySummaryMap/videosSharedSinceAccountRegistration,Your Activity:Activity Summary:ActivitySummaryMap:videosSharedSinceAccountRegistration,Activity:Activity Summary:ActivitySummaryMap:videosSharedSinceAccountRegistration
6979,Tiktok,Your Activity/Activity Summary/ActivitySummaryMap/videosWatchedToTheEndSinceAccountRegistration,Your Activity:Activity Summary:ActivitySummaryMap:videosWatchedToTheEndSinceAccountRegistration,Activity:Activity Summary:ActivitySummaryMap:videosWatchedToTheEndSinceAccountRegistration
6988,Tiktok,Your Activity/Searches/SearchList/Date,Your Activity:Searches:SearchList:Date,Activity:Search History:SearchList:Date
6989,Tiktok,Your Activity/Searches/SearchList/SearchTerm,Your Activity:Searches:SearchList:SearchTerm,Activity:Search History:SearchList:SearchTerm
6997,Tiktok,Your Activity/Watch History/VideoList/Date,Your Activity:Watch History:VideoList:Date,Activity:Video Browsing History:VideoList:Date
6998,Tiktok,Your Activity/Watch History/VideoList/Link,Your Activity:Watch History:VideoList:Link,Activity:Video Browsing History:VideoList:Link
7009,Tiktok,Post/Posts/VideoList/Date,Post:Posts:VideoList:Date,Video:Videos:VideoList:Date
7010,Tiktok,Post/Posts/VideoList/Link,Post:Posts:VideoList:Link,Video:Videos:VideoList:Link
7011,Tiktok,Post/Posts/VideoList/Likes,Post:Posts:VideoList:Likes,Video:Videos:VideoList:Likes
7012,Tiktok,Post/Posts/VideoList/WhoCanView,Post:Posts:VideoList:WhoCanView,Video:Videos:VideoList:WhoCanView
7013,Tiktok,Post/Posts/VideoList/AllowComments,Post:Posts:VideoList:AllowComments,Video:Videos:VideoList:AllowComments
7014,Tiktok,Post/Posts/VideoList/AllowStitches,Post:Posts:VideoList:AllowStitches,Video:Videos:VideoList:AllowStitches
7015,Tiktok,Post/Posts/VideoList/AllowDuets,Post:Posts:VideoList:AllowDuets,Video:Videos:VideoList:AllowDuets
7016,Tiktok,Post/Posts/VideoList/AllowStickers,Post:Posts:VideoList:AllowStickers,Video:Videos:VideoList:AllowStickers
7017,Tiktok,Post/Posts/VideoList/AllowSharingToStory,Post:Posts:VideoList:AllowSharingToStory,Video:Videos:VideoList:AllowSharingToStory
7018,Tiktok,Post/Posts/VideoList/ContentDisclosure,Post:Posts:VideoList:ContentDisclosure,Video:Videos:VideoList:ContentDisclosure
7019,Tiktok,Post/Posts/VideoList/AIGeneratedContent,Post:Posts:VideoList:AIGeneratedContent,Video:Videos:VideoList:AIGeneratedContent
7020,Tiktok,Post/Posts/VideoList/Sound,Post:Posts:VideoList:Sound,Video:Videos:VideoList:Sound
7021,Tiktok,Post/Posts/VideoList/Location,Post:Posts:VideoList:Location,Video:Videos:VideoList:Location
7022,Tiktok,Post/Posts/VideoList/Title,Post:Posts:VideoList:Title,Video:Videos:VideoList:Title
7023,Tiktok,Post/Posts/VideoList/AddYoursText,Post:Posts:VideoList:AddYoursText,Video:Videos:VideoList:AddYoursText
7028,Tiktok,Your Activity/Favorite Videos/FavoriteVideoList/Date,Your Activity:Favorite Videos:FavoriteVideoList:Date,Activity:Favorite Videos:FavoriteVideoList:Date
7029,Tiktok,Your Activity/Favorite Videos/FavoriteVideoList/Link,Your Activity:Favorite Videos:FavoriteVideoList:Link,Activity:Favorite Videos:FavoriteVideoList:Link
7030,Tiktok,Your Activity/Follower/FansList/Date,Your Activity:Follower:FansList:Date,Activity:Follower List:FansList:Date
7031,Tiktok,Your Activity/Follower/FansList/UserName,Your Activity:Follower:FansList:UserName,Activity:Follower List:FansList:UserName
7032,Tiktok,Your Activity/Following/Following/Date,Your Activity:Following:Following:Date,Activity:Following List:Following:Date
7033,Tiktok,Your Activity/Following/Following/UserName,Your Activity:Following:Following:UserName,Activity:Following List:Following:UserName
7034,Tiktok,Your Activity/Hashtag/HashtagList/HashtagName,Your Activity:Hashtag:HashtagList:HashtagName,Activity:Hashtag:HashtagList:HashtagName
7035,Tiktok,Your Activity/Hashtag/HashtagList/HashtagLink,Your Activity:Hashtag:HashtagList:HashtagLink,Activity:Hashtag:HashtagList:HashtagLink
7036,Tiktok,Your Activity/Like List/ItemFavoriteList/date,Your Activity:Like List:ItemFavoriteList:date,Activity:Like List:ItemFavoriteList:date
7037,Tiktok,Your Activity/Like List/ItemFavoriteList/link,Your Activity:Like List:ItemFavoriteList:link,Activity:Like List:ItemFavoriteList:link
7114,Tiktok,Your Activity/Share History/ShareHistoryList/Date,Your Activity:Share History:ShareHistoryList:Date,Activity:Share History:ShareHistoryList:Date
7115,Tiktok,Your Activity/Share History/ShareHistoryList/SharedContent,Your Activity:Share History:ShareHistoryList:SharedContent,Activity:Share History:ShareHistoryList:SharedContent
7116,Tiktok,Your Activity/Share History/ShareHistoryList/Link,Your Activity:Share History:ShareHistoryList:Link,Activity:Share History:ShareHistoryList:Link
